(1790642405.601033) vcan0 200#4500000000000000
(1790642405.601147) vcan0 300#00C9000000000000
(1790642405.611486) vcan0 100#0354000000000000
(1790642405.611575) vcan0 300#00C5000000000000
(1790642405.622647) vcan0 300#00C0000000000000
(1790642405.632518) vcan0 100#0350000000000000
(1790642405.632612) vcan0 300#00BB000000000000
(1790642405.646931) vcan0 300#00B4000000000000
(1790642405.651984) vcan0 100#034D000000000000
(1790642405.652160) vcan0 200#4500000000000000
(1790642405.652185) vcan0 300#00B2000000000000
(1790642405.668254) vcan0 300#00AA000000000000
(1790642405.672560) vcan0 100#0349000000000000
(1790642405.672752) vcan0 300#00A8000000000000
(1790642405.680575) vcan0 300#00A4000000000000
(1790642405.699839) vcan0 100#0343000000000000
(1790642405.700047) vcan0 300#009A000000000000
(1790642405.704207) vcan0 200#4500000000000000
(1790642405.704666) vcan0 300#0098000000000000
(1790642405.727111) vcan0 100#033E000000000000
(1790642405.728028) vcan0 300#008C000000000000
(1790642405.729708) vcan0 300#008A000000000000
(1790642405.732643) vcan0 100#033D000000000000
(1790642405.732790) vcan0 300#0089000000000000
(1790642405.741744) vcan0 300#0084000000000000
(1790642405.752408) vcan0 100#033A000000000000
(1790642405.752583) vcan0 200#4500000000000000
(1790642405.753020) vcan0 300#007E000000000000
(1790642405.761683) vcan0 300#0079000000000000
(1790642405.778414) vcan0 100#0335000000000000
(1790642405.779499) vcan0 300#0070000000000000
(1790642405.781828) vcan0 300#006E000000000000
(1790642405.808496) vcan0 100#032F000000000000
(1790642405.809679) vcan0 200#4400000000000000
(1790642405.809735) vcan0 300#005F000000000000
(1790642405.810996) vcan0 100#032F000000000000
(1790642405.811194) vcan0 300#005D000000000000
(1790642405.812536) vcan0 300#005D000000000000
(1790642405.826669) vcan0 300#0055000000000000
(1790642405.832559) vcan0 100#032B000000000000
(1790642405.832762) vcan0 300#0051000000000000
(1790642405.841038) vcan0 300#004C000000000000
(1790642405.852389) vcan0 100#0327000000000000
(1790642405.852751) vcan0 200#4400000000000000
(1790642405.852781) vcan0 300#0046000000000000
(1790642405.868404) vcan0 300#003C000000000000
(1790642405.872861) vcan0 100#0323000000000000
(1790642405.873034) vcan0 300#003A000000000000
(1790642405.881111) vcan0 300#0035000000000000
(1790642405.896665) vcan0 100#031F000000000000
(1790642405.896724) vcan0 300#002C000000000000
(1790642405.900550) vcan0 200#4400000000000000
(1790642405.900597) vcan0 300#0029000000000000
(1790642405.910322) vcan0 100#031D000000000000
(1790642405.910387) vcan0 300#0023000000000000
(1790642405.920436) vcan0 300#001D000000000000
(1790642405.931651) vcan0 100#0319000000000000
(1790642405.931858) vcan0 300#0017000000000000
(1790642405.940637) vcan0 300#0011000000000000
(1790642405.950941) vcan0 100#0315000000000000
(1790642405.951059) vcan0 200#4400000000000000
(1790642405.951077) vcan0 300#000B000000000000
(1790642405.960425) vcan0 300#0005000000000000
(1790642405.970772) vcan0 100#0312000000000000
(1790642405.970888) vcan0 300#0000000000000000
(1790642405.980626) vcan0 300#FFFA000000000000
(1790642405.992497) vcan0 100#030E000000000000
(1790642405.992575) vcan0 300#FFF3000000000000
(1790642406.001555) vcan0 200#4400000000000000
(1790642406.001667) vcan0 300#FFEE000000000000
(1790642406.011849) vcan0 100#030B000000000000
(1790642406.011968) vcan0 300#FFE8000000000000
(1790642406.021490) vcan0 300#FFE2000000000000
(1790642406.032288) vcan0 100#0307000000000000
(1790642406.032448) vcan0 300#FFDB000000000000
(1790642406.044798) vcan0 300#FFD4000000000000
(1790642406.050457) vcan0 100#0304000000000000
(1790642406.050642) vcan0 200#4400000000000000
(1790642406.050669) vcan0 300#FFD1000000000000
(1790642406.050697) vcan0 400#0000000000000000
(1790642406.084556) vcan0 100#02FE000000000000
(1790642406.084770) vcan0 300#FFBD000000000000
(1790642406.100991) vcan0 100#02FB000000000000
(1790642406.101699) vcan0 200#4400000000000000
(1790642406.102820) vcan0 300#FFB3000000000000
(1790642406.106525) vcan0 300#FFB0000000000000
(1790642406.108091) vcan0 300#FFAF000000000000
(1790642406.111366) vcan0 100#02FA000000000000
(1790642406.111488) vcan0 300#FFAD000000000000
(1790642406.112928) vcan0 300#FFAC000000000000
(1790642406.121018) vcan0 300#FFA7000000000000
(1790642406.167911) vcan0 100#02F0000000000000
(1790642406.169042) vcan0 200#4400000000000000
(1790642406.169550) vcan0 300#FF8D000000000000
(1790642406.172686) vcan0 100#02EF000000000000
(1790642406.172895) vcan0 300#FF8A000000000000
(1790642406.174480) vcan0 100#02EF000000000000
(1790642406.174666) vcan0 300#FF89000000000000
(1790642406.176047) vcan0 300#FF89000000000000
(1790642406.178796) vcan0 300#FF87000000000000
(1790642406.180529) vcan0 300#FF86000000000000
(1790642406.194861) vcan0 100#02EC000000000000
(1790642406.195113) vcan0 300#FF7E000000000000
(1790642406.205021) vcan0 200#4400000000000000
(1790642406.205211) vcan0 300#FF79000000000000
(1790642406.211084) vcan0 100#02E9000000000000
(1790642406.211310) vcan0 300#FF76000000000000
(1790642406.222265) vcan0 300#FF70000000000000
(1790642406.231067) vcan0 100#02E6000000000000
(1790642406.231834) vcan0 300#FF6B000000000000
(1790642406.240457) vcan0 300#FF66000000000000
(1790642406.250124) vcan0 100#02E3000000000000
(1790642406.250183) vcan0 200#4400000000000000
(1790642406.250192) vcan0 300#FF61000000000000
(1790642406.260656) vcan0 300#FF5C000000000000
(1790642406.270409) vcan0 100#02DF000000000000
(1790642406.270468) vcan0 300#FF57000000000000
(1790642406.280420) vcan0 300#FF52000000000000
(1790642406.290216) vcan0 100#02DC000000000000
(1790642406.290275) vcan0 300#FF4D000000000000
(1790642406.300158) vcan0 200#4400000000000000
(1790642406.300209) vcan0 300#FF49000000000000
(1790642406.310114) vcan0 100#02D9000000000000
(1790642406.310192) vcan0 300#FF44000000000000
(1790642406.320335) vcan0 300#FF3F000000000000
(1790642406.330121) vcan0 100#02D6000000000000
(1790642406.330175) vcan0 300#FF3B000000000000
(1790642406.340448) vcan0 300#FF36000000000000
(1790642406.350856) vcan0 100#02D2000000000000
(1790642406.351066) vcan0 200#4400000000000000
(1790642406.351109) vcan0 300#FF32000000000000
(1790642406.360127) vcan0 300#FF2E000000000000
(1790642406.371301) vcan0 100#02CF000000000000
(1790642406.371351) vcan0 300#FF29000000000000
(1790642406.380803) vcan0 300#FF25000000000000
(1790642406.391160) vcan0 100#02CC000000000000
(1790642406.391237) vcan0 300#FF21000000000000
(1790642406.439144) vcan0 100#02C5000000000000
(1790642406.439581) vcan0 200#4400000000000000
(1790642406.439596) vcan0 300#FF0F000000000000
(1790642406.441108) vcan0 100#02C4000000000000
(1790642406.441224) vcan0 300#FF0E000000000000
(1790642406.442807) vcan0 300#FF0D000000000000
(1790642406.444465) vcan0 300#FF0D000000000000
(1790642406.446352) vcan0 300#FF0C000000000000
(1790642406.450405) vcan0 100#02C3000000000000
(1790642406.450467) vcan0 200#4400000000000000
(1790642406.450475) vcan0 300#FF0B000000000000
(1790642406.463279) vcan0 300#FF06000000000000
(1790642406.473455) vcan0 100#02C0000000000000
(1790642406.473517) vcan0 300#FF03000000000000
(1790642406.505828) vcan0 100#02BB000000000000
(1790642406.505892) vcan0 200#4400000000000000
(1790642406.505900) vcan0 300#FEF9000000000000
(1790642406.508160) vcan0 300#FEF9000000000000
(1790642406.509380) vcan0 300#FEF8000000000000
(1790642406.511239) vcan0 100#02BA000000000000
(1790642406.511289) vcan0 300#FEF8000000000000
(1790642406.521112) vcan0 300#FEF5000000000000
(1790642406.536219) vcan0 100#02B6000000000000
(1790642406.536276) vcan0 300#FEF1000000000000
(1790642406.540343) vcan0 300#FEF0000000000000
(1790642406.557349) vcan0 100#02B3000000000000
(1790642406.557439) vcan0 200#4400000000000000
(1790642406.557452) vcan0 300#FEEC000000000000
(1790642406.557466) vcan0 400#0000000000000000
(1790642406.557473) vcan0 500#1600000000000000
(1790642406.560368) vcan0 300#FEEB000000000000
(1790642406.632636) vcan0 100#02A8000000000000
(1790642406.634300) vcan0 200#4400000000000000
(1790642406.635659) vcan0 300#FEDE000000000000
(1790642406.637092) vcan0 100#02A8000000000000
(1790642406.637250) vcan0 300#FEDD000000000000
(1790642406.638761) vcan0 100#02A7000000000000
(1790642406.638923) vcan0 300#FEDD000000000000
(1790642406.640457) vcan0 100#02A7000000000000
(1790642406.640596) vcan0 300#FEDC000000000000
(1790642406.642152) vcan0 300#FEDC000000000000
(1790642406.644053) vcan0 300#FEDC000000000000
(1790642406.645810) vcan0 300#FEDC000000000000
(1790642406.648528) vcan0 300#FEDB000000000000
(1790642406.650750) vcan0 100#02A6000000000000
(1790642406.650847) vcan0 200#4400000000000000
(1790642406.650861) vcan0 300#FEDB000000000000
(1790642406.665356) vcan0 300#FED9000000000000
(1790642406.672826) vcan0 100#02A2000000000000
(1790642406.672914) vcan0 300#FED9000000000000
(1790642406.682285) vcan0 300#FED8000000000000
(1790642406.690001) vcan0 100#02A0000000000000
(1790642406.690073) vcan0 300#FED7000000000000
(1790642406.700511) vcan0 200#4400000000000000
(1790642406.700743) vcan0 300#FED6000000000000
(1790642406.717853) vcan0 100#029C000000000000
(1790642406.718795) vcan0 300#FED5000000000000
(1790642406.720642) vcan0 300#FED5000000000000
(1790642406.735179) vcan0 100#029A000000000000
(1790642406.735533) vcan0 300#FED5000000000000
(1790642406.744111) vcan0 300#FED5000000000000
(1790642406.756743) vcan0 100#0297000000000000
(1790642406.756862) vcan0 200#4400000000000000
(1790642406.756871) vcan0 300#FED5000000000000
(1790642406.761483) vcan0 300#FED5000000000000
(1790642406.769981) vcan0 100#0295000000000000
(1790642406.770051) vcan0 300#FED5000000000000
(1790642406.781546) vcan0 300#FED5000000000000
(1790642406.797659) vcan0 100#0291000000000000
(1790642406.797931) vcan0 300#FED6000000000000
(1790642406.800101) vcan0 200#4400000000000000
(1790642406.800210) vcan0 300#FED6000000000000
(1790642406.818573) vcan0 100#028F000000000000
(1790642406.818658) vcan0 300#FED7000000000000
(1790642406.820470) vcan0 300#FED7000000000000
(1790642406.836278) vcan0 100#028C000000000000
(1790642406.836377) vcan0 300#FED8000000000000
(1790642406.840880) vcan0 300#FED9000000000000
(1790642406.849997) vcan0 100#028A000000000000
(1790642406.850080) vcan0 200#4400000000000000
(1790642406.850092) vcan0 300#FEDA000000000000
(1790642406.860158) vcan0 300#FEDB000000000000
(1790642406.870673) vcan0 100#0288000000000000
(1790642406.870742) vcan0 300#FEDC000000000000
(1790642406.880568) vcan0 300#FEDE000000000000
(1790642406.891788) vcan0 100#0285000000000000
(1790642406.892107) vcan0 300#FEE0000000000000
(1790642406.901982) vcan0 200#4400000000000000
(1790642406.902046) vcan0 300#FEE1000000000000
(1790642406.912364) vcan0 100#0282000000000000
(1790642406.912425) vcan0 300#FEE3000000000000
(1790642406.936472) vcan0 100#027F000000000000
(1790642406.936731) vcan0 300#FEE8000000000000
(1790642406.939381) vcan0 300#FEE9000000000000
(1790642406.941347) vcan0 300#FEE9000000000000
(1790642406.951356) vcan0 100#027D000000000000
(1790642406.951541) vcan0 200#4400000000000000
(1790642406.951695) vcan0 300#FEEB000000000000
(1790642406.961662) vcan0 300#FEEE000000000000
(1790642406.970353) vcan0 100#027B000000000000
(1790642406.970501) vcan0 300#FEF0000000000000
(1790642406.981397) vcan0 300#FEF3000000000000
(1790642406.992403) vcan0 100#0278000000000000
(1790642406.992614) vcan0 300#FEF5000000000000
(1790642407.000553) vcan0 200#4400000000000000
(1790642407.000798) vcan0 300#FEF8000000000000
(1790642407.010706) vcan0 100#0276000000000000
(1790642407.010760) vcan0 300#FEFB000000000000
(1790642407.021133) vcan0 300#FEFE000000000000
(1790642407.030817) vcan0 100#0274000000000000
(1790642407.030875) vcan0 300#FF01000000000000
(1790642407.040707) vcan0 300#FF04000000000000
(1790642407.051172) vcan0 100#0271000000000000
(1790642407.051332) vcan0 200#4400000000000000
(1790642407.051341) vcan0 300#FF07000000000000
(1790642407.051351) vcan0 400#0100000000000000
(1790642407.060582) vcan0 300#FF0B000000000000
(1790642407.071397) vcan0 100#026F000000000000
(1790642407.071454) vcan0 300#FF0E000000000000
(1790642407.080799) vcan0 300#FF12000000000000
(1790642407.099682) vcan0 100#026B000000000000
(1790642407.099826) vcan0 300#FF19000000000000
(1790642407.101064) vcan0 200#4400000000000000
(1790642407.101084) vcan0 300#FF19000000000000
(1790642407.120338) vcan0 100#0269000000000000
(1790642407.120451) vcan0 300#FF21000000000000
(1790642407.133963) vcan0 100#0267000000000000
(1790642407.133996) vcan0 300#FF26000000000000
(1790642407.135742) vcan0 300#FF27000000000000
(1790642407.146309) vcan0 300#FF2B000000000000
(1790642407.150346) vcan0 100#0265000000000000
(1790642407.150381) vcan0 200#4400000000000000
(1790642407.150396) vcan0 300#FF2D000000000000
(1790642407.160625) vcan0 300#FF32000000000000
(1790642407.172860) vcan0 100#0263000000000000
(1790642407.172973) vcan0 300#FF37000000000000
(1790642407.180762) vcan0 300#FF3B000000000000
(1790642407.193874) vcan0 100#0261000000000000
(1790642407.194062) vcan0 300#FF40000000000000
(1790642407.235186) vcan0 100#025C000000000000
(1790642407.235393) vcan0 200#4400000000000000
(1790642407.235426) vcan0 300#FF54000000000000
(1790642407.237458) vcan0 100#025C000000000000
(1790642407.237657) vcan0 300#FF55000000000000
(1790642407.240821) vcan0 300#FF57000000000000
(1790642407.242341) vcan0 300#FF58000000000000
(1790642407.244694) vcan0 300#FF59000000000000
(1790642407.251547) vcan0 100#025A000000000000
(1790642407.251701) vcan0 200#4400000000000000
(1790642407.251723) vcan0 300#FF5C000000000000
(1790642407.263376) vcan0 300#FF62000000000000
(1790642407.271437) vcan0 100#0258000000000000
(1790642407.271569) vcan0 300#FF66000000000000
(1790642407.282591) vcan0 300#FF6C000000000000
(1790642407.291079) vcan0 100#0256000000000000
(1790642407.291125) vcan0 300#FF71000000000000
(1790642407.300456) vcan0 200#4400000000000000
(1790642407.300537) vcan0 300#FF76000000000000
(1790642407.312456) vcan0 100#0254000000000000
(1790642407.312551) vcan0 300#FF7C000000000000
(1790642407.321250) vcan0 300#FF81000000000000
(1790642407.331702) vcan0 100#0252000000000000
(1790642407.331818) vcan0 300#FF86000000000000
(1790642407.350891) vcan0 100#0250000000000000
(1790642407.351112) vcan0 200#4400000000000000
(1790642407.351144) vcan0 300#FF91000000000000
(1790642407.352882) vcan0 300#FF92000000000000
(1790642407.361105) vcan0 300#FF97000000000000
(1790642407.416845) vcan0 100#0249000000000000
(1790642407.416922) vcan0 200#4400000000000000
(1790642407.416946) vcan0 300#FFB6000000000000
(1790642407.419122) vcan0 100#0249000000000000
(1790642407.420470) vcan0 300#FFB8000000000000
(1790642407.423782) vcan0 100#0248000000000000
(1790642407.424544) vcan0 300#FFBB000000000000
(1790642407.427783) vcan0 300#FFBD000000000000
(1790642407.430471) vcan0 100#0248000000000000
(1790642407.430568) vcan0 300#FFBF000000000000
(1790642407.431894) vcan0 300#FFC0000000000000
(1790642407.433335) vcan0 300#FFC0000000000000
(1790642407.440361) vcan0 300#FFC4000000000000
(1790642407.450107) vcan0 100#0246000000000000
(1790642407.450191) vcan0 200#4400000000000000
(1790642407.450204) vcan0 300#FFCA000000000000
(1790642407.460430) vcan0 300#FFD0000000000000
(1790642407.470672) vcan0 100#0244000000000000
(1790642407.470761) vcan0 300#FFD6000000000000
(1790642407.480651) vcan0 300#FFDC000000000000
(1790642407.490183) vcan0 100#0242000000000000
(1790642407.490248) vcan0 300#FFE2000000000000
(1790642407.500576) vcan0 200#4400000000000000
(1790642407.500597) vcan0 300#FFE8000000000000
(1790642407.509981) vcan0 100#0240000000000000
(1790642407.510044) vcan0 300#FFEE000000000000
(1790642407.520501) vcan0 300#FFF4000000000000
(1790642407.530484) vcan0 100#023E000000000000
(1790642407.530543) vcan0 300#FFFA000000000000
(1790642407.541014) vcan0 300#0000000000000000
(1790642407.550123) vcan0 100#023C000000000000
(1790642407.550187) vcan0 200#4400000000000000
(1790642407.550196) vcan0 300#0005000000000000
(1790642407.550207) vcan0 400#0200000000000000
(1790642407.550213) vcan0 500#1700000000000000
(1790642407.550219) vcan0 7DF#02010C0000000000
(1790642407.560984) vcan0 300#000B000000000000
(1790642407.570192) vcan0 100#023A000000000000
(1790642407.570288) vcan0 300#0011000000000000
(1790642407.581406) vcan0 300#0018000000000000
(1790642407.591331) vcan0 100#0238000000000000
(1790642407.591510) vcan0 300#001E000000000000
(1790642407.601892) vcan0 200#4400000000000000
(1790642407.602061) vcan0 300#0024000000000000
(1790642407.661581) vcan0 100#0232000000000000
(1790642407.661801) vcan0 200#4400000000000000
(1790642407.661835) vcan0 300#0047000000000000
(1790642407.663737) vcan0 100#0232000000000000
(1790642407.663923) vcan0 300#0048000000000000
(1790642407.665855) vcan0 100#0232000000000000
(1790642407.666010) vcan0 300#004A000000000000
(1790642407.667646) vcan0 300#004B000000000000
(1790642407.669077) vcan0 300#004B000000000000
(1790642407.670890) vcan0 100#0231000000000000
(1790642407.671013) vcan0 300#004D000000000000
(1790642407.673467) vcan0 300#004E000000000000
(1790642407.680975) vcan0 300#0052000000000000
(1790642407.697019) vcan0 100#022F000000000000
(1790642407.697245) vcan0 300#005C000000000000
(1790642407.701150) vcan0 200#4300000000000000
(1790642407.701360) vcan0 300#005E000000000000
(1790642407.713282) vcan0 100#022E000000000000
(1790642407.713454) vcan0 300#0065000000000000
(1790642407.720677) vcan0 300#0069000000000000
(1790642407.730619) vcan0 100#022C000000000000
(1790642407.730698) vcan0 300#006F000000000000
(1790642407.740527) vcan0 300#0074000000000000
(1790642407.750115) vcan0 100#022B000000000000
(1790642407.750169) vcan0 200#4300000000000000
(1790642407.750178) vcan0 300#0079000000000000
(1790642407.760638) vcan0 300#007F000000000000
(1790642407.770774) vcan0 100#0229000000000000
(1790642407.770830) vcan0 300#0085000000000000
(1790642407.781416) vcan0 300#008A000000000000
(1790642407.791072) vcan0 100#0228000000000000
(1790642407.791179) vcan0 300#008F000000000000
(1790642407.801014) vcan0 200#4300000000000000
(1790642407.801050) vcan0 300#0095000000000000
(1790642407.819601) vcan0 100#0225000000000000
(1790642407.819842) vcan0 300#009E000000000000
(1790642407.821463) vcan0 300#009F000000000000
(1790642407.830608) vcan0 100#0224000000000000
(1790642407.830898) vcan0 300#00A4000000000000
(1790642407.841642) vcan0 300#00A9000000000000
(1790642407.853059) vcan0 100#0223000000000000
(1790642407.853146) vcan0 200#4300000000000000
(1790642407.853160) vcan0 300#00AF000000000000
(1790642407.860582) vcan0 300#00B2000000000000
(1790642407.870123) vcan0 100#0222000000000000
(1790642407.870175) vcan0 300#00B7000000000000
(1790642407.881090) vcan0 300#00BC000000000000
(1790642407.892180) vcan0 100#0220000000000000
(1790642407.892237) vcan0 300#00C1000000000000
(1790642407.900885) vcan0 200#4300000000000000
(1790642407.900949) vcan0 300#00C5000000000000
(1790642407.910739) vcan0 100#021F000000000000
(1790642407.910801) vcan0 300#00CA000000000000
(1790642407.920525) vcan0 300#00CE000000000000
(1790642407.931112) vcan0 100#021D000000000000
(1790642407.931166) vcan0 300#00D2000000000000
(1790642407.940408) vcan0 300#00D6000000000000
(1790642407.950341) vcan0 100#021C000000000000
(1790642407.950431) vcan0 200#4300000000000000
(1790642407.950442) vcan0 300#00DB000000000000
(1790642407.959939) vcan0 300#00DE000000000000
(1790642407.970236) vcan0 100#021A000000000000
(1790642407.970291) vcan0 300#00E3000000000000
(1790642407.980017) vcan0 300#00E6000000000000
(1790642407.993151) vcan0 100#0219000000000000
(1790642407.993214) vcan0 300#00EB000000000000
(1790642408.000828) vcan0 200#4300000000000000
(1790642408.000884) vcan0 300#00EE000000000000
(1790642408.011043) vcan0 100#0218000000000000
(1790642408.011160) vcan0 300#00F2000000000000
(1790642408.020881) vcan0 300#00F5000000000000
(1790642408.031603) vcan0 100#0216000000000000
(1790642408.031660) vcan0 300#00F9000000000000
(1790642408.040435) vcan0 300#00FC000000000000
(1790642408.050101) vcan0 100#0215000000000000
(1790642408.050185) vcan0 200#4300000000000000
(1790642408.050196) vcan0 300#00FF000000000000
(1790642408.050210) vcan0 400#0400000000000000
(1790642408.060200) vcan0 300#0102000000000000
(1790642408.070548) vcan0 100#0214000000000000
(1790642408.070659) vcan0 300#0105000000000000
(1790642408.080922) vcan0 300#0108000000000000
(1790642408.090419) vcan0 100#0213000000000000
(1790642408.090561) vcan0 300#010B000000000000
(1790642408.101296) vcan0 200#4300000000000000
(1790642408.101450) vcan0 300#010E000000000000
(1790642408.111147) vcan0 100#0211000000000000
(1790642408.111297) vcan0 300#0110000000000000
(1790642408.120161) vcan0 300#0112000000000000
(1790642408.131036) vcan0 100#0210000000000000
(1790642408.131168) vcan0 300#0115000000000000
(1790642408.141269) vcan0 300#0117000000000000
(1790642408.150686) vcan0 100#020F000000000000
(1790642408.150797) vcan0 200#4300000000000000
(1790642408.150812) vcan0 300#0119000000000000
(1790642408.161130) vcan0 300#011B000000000000
(1790642408.170514) vcan0 100#020E000000000000
(1790642408.170602) vcan0 300#011D000000000000
(1790642408.181372) vcan0 300#011F000000000000
(1790642408.190892) vcan0 100#020D000000000000
(1790642408.190975) vcan0 300#0121000000000000
(1790642408.200847) vcan0 200#4300000000000000
(1790642408.200958) vcan0 300#0122000000000000
(1790642408.210752) vcan0 100#020C000000000000
(1790642408.210851) vcan0 300#0123000000000000
(1790642408.220102) vcan0 300#0125000000000000
(1790642408.231733) vcan0 100#020B000000000000
(1790642408.231826) vcan0 300#0126000000000000
(1790642408.241026) vcan0 300#0127000000000000
(1790642408.251078) vcan0 100#020A000000000000
(1790642408.251172) vcan0 200#4300000000000000
(1790642408.251185) vcan0 300#0128000000000000
(1790642408.260940) vcan0 300#0129000000000000
(1790642408.271753) vcan0 100#0209000000000000
(1790642408.271872) vcan0 300#012A000000000000
(1790642408.281019) vcan0 300#012A000000000000
(1790642408.291099) vcan0 100#0208000000000000
(1790642408.291232) vcan0 300#012B000000000000
(1790642408.301031) vcan0 200#4300000000000000
(1790642408.301158) vcan0 300#012B000000000000
(1790642408.311195) vcan0 100#0207000000000000
(1790642408.311336) vcan0 300#012B000000000000
(1790642408.320793) vcan0 300#012B000000000000
(1790642408.331181) vcan0 100#0206000000000000
(1790642408.331288) vcan0 300#012B000000000000
(1790642408.341655) vcan0 300#012B000000000000
(1790642408.350802) vcan0 100#0205000000000000
(1790642408.350923) vcan0 200#4300000000000000
(1790642408.350934) vcan0 300#012B000000000000
(1790642408.361262) vcan0 300#012B000000000000
(1790642408.372120) vcan0 100#0204000000000000
(1790642408.372368) vcan0 300#012A000000000000
(1790642408.380753) vcan0 300#012A000000000000
(1790642408.390136) vcan0 100#0203000000000000
(1790642408.390226) vcan0 300#0129000000000000
(1790642408.401361) vcan0 200#4300000000000000
(1790642408.401429) vcan0 300#0128000000000000
(1790642408.410417) vcan0 100#0202000000000000
(1790642408.410473) vcan0 300#0127000000000000
(1790642408.420750) vcan0 300#0126000000000000
(1790642408.430295) vcan0 100#0201000000000000
(1790642408.430353) vcan0 300#0125000000000000
(1790642408.440145) vcan0 300#0124000000000000
(1790642408.450975) vcan0 100#0201000000000000
(1790642408.451044) vcan0 200#4300000000000000
(1790642408.451054) vcan0 300#0122000000000000
(1790642408.461598) vcan0 300#0121000000000000
(1790642408.473377) vcan0 100#0200000000000000
(1790642408.473401) vcan0 300#011F000000000000
(1790642408.480787) vcan0 300#011D000000000000
(1790642408.497188) vcan0 100#01FF000000000000
(1790642408.497291) vcan0 300#011A000000000000
(1790642408.501035) vcan0 200#4300000000000000
(1790642408.501076) vcan0 300#0119000000000000
(1790642408.519943) vcan0 100#01FE000000000000
(1790642408.520104) vcan0 300#0115000000000000
(1790642408.527563) vcan0 300#0114000000000000
(1790642408.533875) vcan0 100#01FE000000000000
(1790642408.533940) vcan0 300#0112000000000000
(1790642408.541045) vcan0 300#0110000000000000
(1790642408.551782) vcan0 100#01FD000000000000
(1790642408.551883) vcan0 200#4300000000000000
(1790642408.551922) vcan0 300#010E000000000000
(1790642408.551961) vcan0 400#0400000000000000
(1790642408.551991) vcan0 500#1800000000000000
(1790642408.560117) vcan0 300#010B000000000000
(1790642408.576673) vcan0 100#01FC000000000000
(1790642408.576723) vcan0 300#0107000000000000
(1790642408.580005) vcan0 300#0106000000000000
(1790642408.591115) vcan0 100#01FC000000000000
(1790642408.591199) vcan0 300#0102000000000000
(1790642408.601384) vcan0 200#4300000000000000
(1790642408.601450) vcan0 300#00FF000000000000
(1790642408.610851) vcan0 100#01FB000000000000
(1790642408.610960) vcan0 300#00FC000000000000
(1790642408.620561) vcan0 300#00F9000000000000
(1790642408.630357) vcan0 100#01FA000000000000
(1790642408.630378) vcan0 300#00F6000000000000
(1790642408.642472) vcan0 300#00F2000000000000
(1790642408.650333) vcan0 100#01FA000000000000
(1790642408.650354) vcan0 200#4300000000000000
(1790642408.650362) vcan0 300#00EF000000000000
(1790642408.660391) vcan0 300#00EB000000000000
(1790642408.670381) vcan0 100#01F9000000000000
(1790642408.670401) vcan0 300#00E7000000000000
(1790642408.680621) vcan0 300#00E3000000000000
(1790642408.691422) vcan0 100#01F9000000000000
(1790642408.691444) vcan0 300#00DF000000000000
(1790642408.700928) vcan0 200#4300000000000000
(1790642408.700949) vcan0 300#00DB000000000000
(1790642408.710473) vcan0 100#01F8000000000000
(1790642408.710530) vcan0 300#00D7000000000000
(1790642408.720641) vcan0 300#00D3000000000000
(1790642408.730644) vcan0 100#01F8000000000000
(1790642408.730665) vcan0 300#00CF000000000000
(1790642408.740660) vcan0 300#00CA000000000000
(1790642408.751422) vcan0 100#01F7000000000000
(1790642408.751443) vcan0 200#4300000000000000
(1790642408.751451) vcan0 300#00C6000000000000
(1790642408.760452) vcan0 300#00C1000000000000
(1790642408.770420) vcan0 100#01F7000000000000
(1790642408.770475) vcan0 300#00BD000000000000
(1790642408.780523) vcan0 300#00B8000000000000
(1790642408.790940) vcan0 100#01F7000000000000
(1790642408.790988) vcan0 300#00B3000000000000
(1790642408.800154) vcan0 200#4300000000000000
(1790642408.800245) vcan0 300#00AF000000000000
(1790642408.811693) vcan0 100#01F6000000000000
(1790642408.811761) vcan0 300#00A9000000000000
(1790642408.820579) vcan0 300#00A5000000000000
(1790642408.890320) vcan0 100#01F5000000000000
(1790642408.890344) vcan0 200#4300000000000000
(1790642408.890354) vcan0 300#0080000000000000
(1790642408.892158) vcan0 100#01F5000000000000
(1790642408.892195) vcan0 300#007F000000000000
(1790642408.894138) vcan0 100#01F5000000000000
(1790642408.894301) vcan0 300#007E000000000000
(1790642408.895712) vcan0 100#01F5000000000000
(1790642408.895732) vcan0 300#007D000000000000
(1790642408.900365) vcan0 200#4300000000000000
(1790642408.900403) vcan0 300#007B000000000000
(1790642408.902441) vcan0 300#007A000000000000
(1790642408.904473) vcan0 300#0078000000000000
(1790642408.911094) vcan0 100#01F5000000000000
(1790642408.911122) vcan0 300#0075000000000000
(1790642408.912940) vcan0 300#0074000000000000
(1790642408.919974) vcan0 300#0070000000000000
(1790642408.932121) vcan0 100#01F4000000000000
(1790642408.932151) vcan0 300#0069000000000000
(1790642408.942132) vcan0 300#0063000000000000
(1790642408.951004) vcan0 100#01F4000000000000
(1790642408.951069) vcan0 200#4300000000000000
(1790642408.951083) vcan0 300#005E000000000000
(1790642408.960217) vcan0 300#0059000000000000
(1790642408.971451) vcan0 100#01F4000000000000
(1790642408.971567) vcan0 300#0053000000000000
(1790642408.980459) vcan0 300#004D000000000000
(1790642408.991157) vcan0 100#01F4000000000000
(1790642408.991238) vcan0 300#0047000000000000
(1790642409.000365) vcan0 200#4300000000000000
(1790642409.000401) vcan0 300#0042000000000000
(1790642409.014120) vcan0 100#01F4000000000000
(1790642409.014180) vcan0 300#003A000000000000
(1790642409.021117) vcan0 300#0036000000000000
(1790642409.030613) vcan0 100#01F4000000000000
(1790642409.030670) vcan0 300#0030000000000000
(1790642409.041686) vcan0 300#0029000000000000
(1790642409.053157) vcan0 100#01F4000000000000
(1790642409.053188) vcan0 200#4300000000000000
(1790642409.053202) vcan0 300#0023000000000000
(1790642409.053217) vcan0 400#0200000000000000
(1790642409.063648) vcan0 300#001C000000000000
(1790642409.071332) vcan0 100#01F4000000000000
(1790642409.071438) vcan0 300#0018000000000000
(1790642409.080326) vcan0 300#0012000000000000
(1790642409.093268) vcan0 100#01F4000000000000
(1790642409.093301) vcan0 300#000B000000000000
(1790642409.103861) vcan0 200#4300000000000000
(1790642409.103950) vcan0 300#0004000000000000
(1790642409.112452) vcan0 100#01F4000000000000
(1790642409.112600) vcan0 300#0000000000000000
(1790642409.131115) vcan0 100#01F4000000000000
(1790642409.131206) vcan0 300#FFF5000000000000
(1790642409.147136) vcan0 300#FFEB000000000000
(1790642409.149496) vcan0 300#FFEA000000000000
(1790642409.151015) vcan0 100#01F4000000000000
(1790642409.151040) vcan0 200#4300000000000000
(1790642409.151052) vcan0 300#FFE9000000000000
(1790642409.160624) vcan0 300#FFE3000000000000
(1790642409.176182) vcan0 100#01F4000000000000
(1790642409.176264) vcan0 300#FFDA000000000000
(1790642409.191206) vcan0 100#01F4000000000000
(1790642409.191285) vcan0 300#FFD1000000000000
(1790642409.204965) vcan0 200#4300000000000000
(1790642409.205034) vcan0 300#FFC9000000000000
(1790642409.206890) vcan0 300#FFC8000000000000
(1790642409.211020) vcan0 100#01F4000000000000
(1790642409.211087) vcan0 300#FFC5000000000000
(1790642409.221927) vcan0 300#FFBF000000000000
(1790642409.233594) vcan0 100#01F4000000000000
(1790642409.233631) vcan0 300#FFB8000000000000
(1790642409.244405) vcan0 300#FFB2000000000000
(1790642409.250308) vcan0 100#01F4000000000000
(1790642409.250369) vcan0 200#4200000000000000
(1790642409.250377) vcan0 300#FFAF000000000000
(1790642409.266766) vcan0 300#FFA5000000000000
(1790642409.281008) vcan0 100#01F4000000000000
(1790642409.281203) vcan0 300#FF9D000000000000
(1790642409.282970) vcan0 300#FF9C000000000000
(1790642409.293571) vcan0 100#01F4000000000000
(1790642409.293646) vcan0 300#FF96000000000000
(1790642409.302170) vcan0 200#4200000000000000
(1790642409.302246) vcan0 300#FF91000000000000
(1790642409.351406) vcan0 100#01F5000000000000
(1790642409.351496) vcan0 200#4200000000000000
(1790642409.352162) vcan0 300#FF77000000000000
(1790642409.353484) vcan0 100#01F5000000000000
(1790642409.353524) vcan0 300#FF75000000000000
(1790642409.354988) vcan0 100#01F5000000000000
(1790642409.355002) vcan0 300#FF74000000000000
(1790642409.356511) vcan0 300#FF74000000000000
(1790642409.358350) vcan0 300#FF73000000000000
(1790642409.361723) vcan0 300#FF71000000000000
(1790642409.372097) vcan0 100#01F6000000000000
(1790642409.372150) vcan0 300#FF6B000000000000
(1790642409.380609) vcan0 300#FF67000000000000
(1790642409.406022) vcan0 100#01F6000000000000
(1790642409.406131) vcan0 200#4200000000000000
(1790642409.406161) vcan0 300#FF5A000000000000
(1790642409.408162) vcan0 300#FF59000000000000
(1790642409.422528) vcan0 100#01F6000000000000
(1790642409.422877) vcan0 300#FF52000000000000
(1790642409.425540) vcan0 300#FF50000000000000
(1790642409.434374) vcan0 100#01F7000000000000
(1790642409.434587) vcan0 300#FF4C000000000000
(1790642409.440060) vcan0 300#FF49000000000000
(1790642409.454505) vcan0 100#01F7000000000000
(1790642409.455052) vcan0 200#4200000000000000
(1790642409.455345) vcan0 300#FF43000000000000
(1790642409.462477) vcan0 300#FF3F000000000000
(1790642409.471308) vcan0 100#01F7000000000000
(1790642409.471577) vcan0 300#FF3B000000000000
(1790642409.481147) vcan0 300#FF37000000000000
(1790642409.490462) vcan0 100#01F8000000000000
(1790642409.490490) vcan0 300#FF32000000000000
(1790642409.500856) vcan0 200#4200000000000000
(1790642409.501057) vcan0 300#FF2E000000000000
(1790642409.512860) vcan0 100#01F8000000000000
(1790642409.513033) vcan0 300#FF29000000000000
(1790642409.523110) vcan0 300#FF25000000000000
(1790642409.531456) vcan0 100#01F9000000000000
(1790642409.531587) vcan0 300#FF21000000000000
(1790642409.550000) vcan0 100#01F9000000000000
(1790642409.550090) vcan0 200#4200000000000000
(1790642409.550109) vcan0 300#FF1A000000000000
(1790642409.550129) vcan0 400#0100000000000000
(1790642409.550144) vcan0 500#1900000000000000
(1790642409.550157) vcan0 7DF#0201050000000000
(1790642409.551824) vcan0 300#FF19000000000000
(1790642409.560115) vcan0 300#FF16000000000000
(1790642409.571110) vcan0 100#01FA000000000000
(1790642409.571186) vcan0 300#FF12000000000000
(1790642409.581503) vcan0 300#FF0E000000000000
(1790642409.590106) vcan0 100#01FA000000000000
(1790642409.590168) vcan0 300#FF0B000000000000
(1790642409.600896) vcan0 200#4200000000000000
(1790642409.600918) vcan0 300#FF08000000000000
(1790642409.625979) vcan0 100#01FB000000000000
(1790642409.626094) vcan0 300#FF00000000000000
(1790642409.628248) vcan0 300#FEFF000000000000
(1790642409.640484) vcan0 100#01FC000000000000
(1790642409.640555) vcan0 300#FEFB000000000000
(1790642409.642017) vcan0 300#FEFB000000000000
(1790642409.650228) vcan0 100#01FC000000000000
(1790642409.650250) vcan0 200#4200000000000000
(1790642409.650257) vcan0 300#FEF8000000000000
(1790642409.662669) vcan0 300#FEF5000000000000
(1790642409.671303) vcan0 100#01FD000000000000
(1790642409.671349) vcan0 300#FEF3000000000000
(1790642409.682380) vcan0 300#FEF0000000000000
(1790642409.691238) vcan0 100#01FE000000000000
(1790642409.691325) vcan0 300#FEEE000000000000
(1790642409.700227) vcan0 200#4200000000000000
(1790642409.700659) vcan0 300#FEEC000000000000
(1790642409.710119) vcan0 100#01FE000000000000
(1790642409.710184) vcan0 300#FEE9000000000000
(1790642409.721574) vcan0 300#FEE7000000000000
(1790642409.730398) vcan0 100#01FF000000000000
(1790642409.730420) vcan0 300#FEE5000000000000
(1790642409.740128) vcan0 300#FEE3000000000000
(1790642409.749949) vcan0 100#0200000000000000
(1790642409.749979) vcan0 200#4200000000000000
(1790642409.749990) vcan0 300#FEE1000000000000
(1790642409.760603) vcan0 300#FEE0000000000000
(1790642409.773530) vcan0 100#0201000000000000
(1790642409.773633) vcan0 300#FEDE000000000000
(1790642409.782469) vcan0 300#FEDC000000000000
(1790642409.790680) vcan0 100#0201000000000000
(1790642409.790717) vcan0 300#FEDB000000000000
(1790642409.809993) vcan0 200#4200000000000000
(1790642409.810141) vcan0 300#FED9000000000000
(1790642409.811896) vcan0 100#0202000000000000
(1790642409.812009) vcan0 300#FED9000000000000
(1790642409.821897) vcan0 300#FED8000000000000
(1790642409.830050) vcan0 100#0203000000000000
(1790642409.830108) vcan0 300#FED7000000000000
(1790642409.841164) vcan0 300#FED6000000000000
(1790642409.851352) vcan0 100#0204000000000000
(1790642409.851450) vcan0 200#4200000000000000
(1790642409.851475) vcan0 300#FED6000000000000
(1790642409.861501) vcan0 300#FED5000000000000
(1790642409.870888) vcan0 100#0205000000000000
(1790642409.870908) vcan0 300#FED5000000000000
(1790642409.886788) vcan0 300#FED5000000000000
(1790642409.893419) vcan0 100#0206000000000000
(1790642409.893453) vcan0 300#FED5000000000000
(1790642409.915055) vcan0 100#0207000000000000
(1790642409.915139) vcan0 200#4200000000000000
(1790642409.915161) vcan0 300#FED5000000000000
(1790642409.916829) vcan0 300#FED5000000000000
(1790642409.930792) vcan0 100#0208000000000000
(1790642409.930819) vcan0 300#FED5000000000000
(1790642409.938726) vcan0 300#FED6000000000000
(1790642409.940020) vcan0 300#FED6000000000000
(1790642409.952191) vcan0 100#0209000000000000
(1790642409.952217) vcan0 200#4200000000000000
(1790642409.952225) vcan0 300#FED6000000000000
(1790642409.960683) vcan0 300#FED7000000000000
(1790642409.969999) vcan0 100#020A000000000000
(1790642409.970050) vcan0 300#FED8000000000000
(1790642409.980800) vcan0 300#FED9000000000000
(1790642409.990997) vcan0 100#020B000000000000
(1790642409.991176) vcan0 300#FEDA000000000000
(1790642410.000733) vcan0 200#4200000000000000
(1790642410.000815) vcan0 300#FEDB000000000000
(1790642410.011998) vcan0 100#020C000000000000
(1790642410.012102) vcan0 300#FEDC000000000000
(1790642410.020492) vcan0 300#FEDE000000000000
(1790642410.030699) vcan0 100#020D000000000000
(1790642410.030739) vcan0 300#FEDF000000000000
(1790642410.040944) vcan0 300#FEE1000000000000
(1790642410.054342) vcan0 100#020E000000000000
(1790642410.054392) vcan0 200#4200000000000000
(1790642410.054413) vcan0 300#FEE3000000000000
(1790642410.054437) vcan0 400#0000000000000000
(1790642410.083561) vcan0 100#0210000000000000
(1790642410.083706) vcan0 300#FEE9000000000000
(1790642410.085292) vcan0 300#FEE9000000000000
(1790642410.099342) vcan0 100#0211000000000000
(1790642410.099406) vcan0 300#FEED000000000000
(1790642410.110707) vcan0 100#0211000000000000
(1790642410.110773) vcan0 200#4200000000000000
(1790642410.110799) vcan0 300#FEEF000000000000
(1790642410.112939) vcan0 300#FEF0000000000000
(1790642410.115083) vcan0 300#FEF0000000000000
(1790642410.120872) vcan0 300#FEF2000000000000
(1790642410.131522) vcan0 100#0213000000000000
(1790642410.131571) vcan0 300#FEF5000000000000
(1790642410.140987) vcan0 300#FEF7000000000000
(1790642410.150478) vcan0 100#0214000000000000
(1790642410.150577) vcan0 200#4200000000000000
(1790642410.150605) vcan0 300#FEFA000000000000
(1790642410.160394) vcan0 300#FEFD000000000000
(1790642410.176440) vcan0 100#0215000000000000
(1790642410.176599) vcan0 300#FF02000000000000
(1790642410.192094) vcan0 100#0216000000000000
(1790642410.192240) vcan0 300#FF07000000000000
(1790642410.204659) vcan0 200#4200000000000000
(1790642410.204745) vcan0 300#FF0B000000000000
(1790642410.206621) vcan0 300#FF0C000000000000
(1790642410.210656) vcan0 100#0218000000000000
(1790642410.210810) vcan0 300#FF0D000000000000
(1790642410.224367) vcan0 300#FF12000000000000
(1790642410.231115) vcan0 100#0219000000000000
(1790642410.231252) vcan0 300#FF15000000000000
(1790642410.265781) vcan0 100#021B000000000000
(1790642410.266262) vcan0 200#4200000000000000
(1790642410.266300) vcan0 300#FF22000000000000
(1790642410.267853) vcan0 300#FF23000000000000
(1790642410.269802) vcan0 300#FF24000000000000
(1790642410.274631) vcan0 100#021C000000000000
(1790642410.274741) vcan0 300#FF26000000000000
(1790642410.280294) vcan0 300#FF28000000000000
(1790642410.291261) vcan0 100#021D000000000000
(1790642410.291410) vcan0 300#FF2D000000000000
(1790642410.307729) vcan0 200#4200000000000000
(1790642410.307871) vcan0 300#FF34000000000000
(1790642410.320450) vcan0 100#021F000000000000
(1790642410.320593) vcan0 300#FF3A000000000000
(1790642410.332890) vcan0 100#0220000000000000
(1790642410.333017) vcan0 300#FF3F000000000000
(1790642410.334349) vcan0 300#FF40000000000000
(1790642410.342392) vcan0 300#FF44000000000000
(1790642410.352282) vcan0 100#0221000000000000
(1790642410.352384) vcan0 200#4200000000000000
(1790642410.352420) vcan0 300#FF48000000000000
(1790642410.362520) vcan0 300#FF4D000000000000
(1790642410.370557) vcan0 100#0223000000000000
(1790642410.370604) vcan0 300#FF51000000000000
(1790642410.380947) vcan0 300#FF56000000000000
(1790642410.391107) vcan0 100#0224000000000000
(1790642410.391228) vcan0 300#FF5B000000000000
(1790642410.400949) vcan0 200#4200000000000000
(1790642410.401058) vcan0 300#FF60000000000000
(1790642410.415583) vcan0 100#0226000000000000
(1790642410.416514) vcan0 300#FF68000000000000
(1790642410.420996) vcan0 300#FF6B000000000000
(1790642410.433117) vcan0 100#0228000000000000
(1790642410.433267) vcan0 300#FF71000000000000
(1790642410.448889) vcan0 300#FF79000000000000
(1790642410.451127) vcan0 100#0229000000000000
(1790642410.451313) vcan0 200#4200000000000000
(1790642410.451340) vcan0 300#FF7A000000000000
(1790642410.464627) vcan0 300#FF82000000000000
(1790642410.471449) vcan0 100#022B000000000000
(1790642410.471665) vcan0 300#FF85000000000000
(1790642410.480754) vcan0 300#FF8B000000000000
(1790642410.492235) vcan0 100#022C000000000000
(1790642410.492401) vcan0 300#FF91000000000000
(1790642410.501359) vcan0 200#4200000000000000
(1790642410.501591) vcan0 300#FF96000000000000
(1790642410.515746) vcan0 100#022E000000000000
(1790642410.516432) vcan0 300#FF9E000000000000
(1790642410.520635) vcan0 300#FFA1000000000000
(1790642410.537913) vcan0 100#0230000000000000
(1790642410.539737) vcan0 300#FFAB000000000000
(1790642410.541367) vcan0 300#FFAD000000000000
(1790642410.555161) vcan0 100#0232000000000000
(1790642410.555228) vcan0 200#4100000000000000
(1790642410.555245) vcan0 300#FFB5000000000000
(1790642410.555267) vcan0 400#0100000000000000
(1790642410.555279) vcan0 500#1A00000000000000
(1790642410.560378) vcan0 300#FFB8000000000000
(1790642410.570525) vcan0 100#0233000000000000
(1790642410.570545) vcan0 300#FFBE000000000000
(1790642410.580501) vcan0 300#FFC4000000000000
(1790642410.590962) vcan0 100#0235000000000000
(1790642410.590998) vcan0 300#FFCA000000000000
(1790642410.600648) vcan0 200#4100000000000000
(1790642410.600680) vcan0 300#FFCF000000000000
(1790642410.610363) vcan0 100#0236000000000000
(1790642410.610438) vcan0 300#FFD5000000000000
(1790642410.619986) vcan0 300#FFDB000000000000
(1790642410.643776) vcan0 100#0239000000000000
(1790642410.643851) vcan0 300#FFE9000000000000
(1790642410.656502) vcan0 100#023A000000000000
(1790642410.656570) vcan0 200#4100000000000000
(1790642410.656598) vcan0 300#FFF1000000000000
(1790642410.668105) vcan0 300#FFF8000000000000
(1790642410.676569) vcan0 100#023C000000000000
(1790642410.676636) vcan0 300#FFFD000000000000
(1790642410.678543) vcan0 300#FFFE000000000000
(1790642410.680669) vcan0 300#FFFF000000000000
(1790642410.690898) vcan0 100#023E000000000000
(1790642410.691023) vcan0 300#0004000000000000
(1790642410.705100) vcan0 200#4100000000000000
(1790642410.705255) vcan0 300#000D000000000000
(1790642410.711258) vcan0 100#0240000000000000
(1790642410.711402) vcan0 300#0011000000000000
(1790642410.725871) vcan0 300#0019000000000000
(1790642410.733580) vcan0 100#0242000000000000
(1790642410.733646) vcan0 300#001E000000000000
(1790642410.740840) vcan0 300#0022000000000000
(1790642410.757210) vcan0 100#0244000000000000
(1790642410.757350) vcan0 200#4100000000000000
(1790642410.757402) vcan0 300#002C000000000000
(1790642410.760710) vcan0 300#002E000000000000
(1790642410.770863) vcan0 100#0245000000000000
(1790642410.770930) vcan0 300#0034000000000000
(1790642410.780519) vcan0 300#003A000000000000
(1790642410.796022) vcan0 100#0248000000000000
(1790642410.796129) vcan0 300#0043000000000000
(1790642410.803003) vcan0 200#4100000000000000
(1790642410.803093) vcan0 300#0047000000000000
(1790642410.810265) vcan0 100#0249000000000000
(1790642410.810361) vcan0 300#004B000000000000
(1790642410.826187) vcan0 300#0054000000000000
(1790642410.830982) vcan0 100#024B000000000000
(1790642410.831029) vcan0 300#0057000000000000
(1790642410.840630) vcan0 300#005D000000000000
(1790642410.856007) vcan0 100#024E000000000000
(1790642410.856148) vcan0 200#4100000000000000
(1790642410.856330) vcan0 300#0065000000000000
(1790642410.867160) vcan0 300#006C000000000000
(1790642410.877974) vcan0 100#0250000000000000
(1790642410.878133) vcan0 300#0072000000000000
(1790642410.884386) vcan0 300#0075000000000000
(1790642410.890682) vcan0 100#0251000000000000
(1790642410.890749) vcan0 300#0079000000000000
(1790642410.901237) vcan0 200#4100000000000000
(1790642410.901325) vcan0 300#007E000000000000
(1790642410.910674) vcan0 100#0254000000000000
(1790642410.910799) vcan0 300#0084000000000000
(1790642410.920830) vcan0 300#0089000000000000
(1790642410.932605) vcan0 100#0256000000000000
(1790642410.932669) vcan0 300#008F000000000000
(1790642410.940593) vcan0 300#0093000000000000
(1790642410.951967) vcan0 100#0258000000000000
(1790642410.952093) vcan0 200#4100000000000000
(1790642410.952140) vcan0 300#0099000000000000
(1790642410.960601) vcan0 300#009E000000000000
(1790642410.970115) vcan0 100#025A000000000000
(1790642410.970194) vcan0 300#00A3000000000000
(1790642410.980781) vcan0 300#00A8000000000000
(1790642410.992556) vcan0 100#025C000000000000
(1790642410.992717) vcan0 300#00AE000000000000
(1790642411.001364) vcan0 200#4100000000000000
(1790642411.001533) vcan0 300#00B2000000000000
(1790642411.012613) vcan0 100#025F000000000000
(1790642411.012779) vcan0 300#00B7000000000000
(1790642411.021338) vcan0 300#00BB000000000000
(1790642411.030613) vcan0 100#0261000000000000
(1790642411.030813) vcan0 300#00C0000000000000
(1790642411.040113) vcan0 300#00C4000000000000
(1790642411.050936) vcan0 100#0263000000000000
(1790642411.051193) vcan0 200#4100000000000000
(1790642411.051228) vcan0 300#00C9000000000000
(1790642411.051266) vcan0 400#0000000000000000
(1790642411.060792) vcan0 300#00CD000000000000
(1790642411.072391) vcan0 100#0265000000000000
(1790642411.072421) vcan0 300#00D2000000000000
(1790642411.081227) vcan0 300#00D6000000000000
(1790642411.090353) vcan0 100#0267000000000000
(1790642411.090409) vcan0 300#00DA000000000000
(1790642411.100764) vcan0 200#4100000000000000
(1790642411.100818) vcan0 300#00DE000000000000
(1790642411.111929) vcan0 100#026A000000000000
(1790642411.111986) vcan0 300#00E3000000000000
(1790642411.120504) vcan0 300#00E6000000000000
(1790642411.132307) vcan0 100#026C000000000000
(1790642411.132373) vcan0 300#00EA000000000000
(1790642411.140279) vcan0 300#00ED000000000000
(1790642411.150738) vcan0 100#026E000000000000
(1790642411.150800) vcan0 200#4100000000000000
(1790642411.150809) vcan0 300#00F1000000000000
(1790642411.160825) vcan0 300#00F5000000000000
(1790642411.170634) vcan0 100#0271000000000000
(1790642411.170694) vcan0 300#00F8000000000000
(1790642411.180321) vcan0 300#00FB000000000000
(1790642411.183602) vcan0 100#1F40000000000000
(1790642411.191039) vcan0 100#0273000000000000
(1790642411.191096) vcan0 300#00FF000000000000
(1790642411.199991) vcan0 200#4100000000000000
(1790642411.200048) vcan0 300#0101000000000000
(1790642411.213482) vcan0 100#0276000000000000
(1790642411.213567) vcan0 300#0105000000000000
(1790642411.220648) vcan0 300#0107000000000000
(1790642411.231258) vcan0 100#0278000000000000
(1790642411.231396) vcan0 300#010A000000000000
(1790642411.234814) vcan0 100#1F40000000000000
(1790642411.243799) vcan0 300#010E000000000000
(1790642411.251681) vcan0 100#027B000000000000
(1790642411.252055) vcan0 200#4100000000000000
(1790642411.252082) vcan0 300#0110000000000000
(1790642411.265773) vcan0 300#0113000000000000
(1790642411.272274) vcan0 100#027D000000000000
(1790642411.272415) vcan0 300#0115000000000000
(1790642411.282075) vcan0 300#0117000000000000
(1790642411.285819) vcan0 100#1F40000000000000
(1790642411.291427) vcan0 100#0280000000000000
(1790642411.291556) vcan0 300#0119000000000000
(1790642411.300934) vcan0 200#4100000000000000
(1790642411.301071) vcan0 300#011B000000000000
(1790642411.310834) vcan0 100#0282000000000000
(1790642411.310946) vcan0 300#011D000000000000
(1790642411.325676) vcan0 300#011F000000000000
(1790642411.334062) vcan0 100#0285000000000000
(1790642411.334265) vcan0 300#0121000000000000
(1790642411.338959) vcan0 100#1F40000000000000
(1790642411.340127) vcan0 300#0122000000000000
(1790642411.353172) vcan0 100#0288000000000000
(1790642411.353227) vcan0 200#4100000000000000
(1790642411.353252) vcan0 300#0124000000000000
(1790642411.360701) vcan0 300#0125000000000000
(1790642411.373074) vcan0 100#028A000000000000
(1790642411.373118) vcan0 300#0126000000000000
(1790642411.381133) vcan0 300#0127000000000000
(1790642411.389621) vcan0 100#1F40000000000000
(1790642411.390291) vcan0 100#028D000000000000
(1790642411.390417) vcan0 300#0128000000000000
(1790642411.400596) vcan0 200#4100000000000000
(1790642411.400638) vcan0 300#0129000000000000
(1790642411.410674) vcan0 100#028F000000000000
(1790642411.410757) vcan0 300#012A000000000000
(1790642411.421192) vcan0 300#012A000000000000
(1790642411.431358) vcan0 100#0292000000000000
(1790642411.431461) vcan0 300#012B000000000000
(1790642411.443027) vcan0 300#012B000000000000
(1790642411.446372) vcan0 100#1F40000000000000
(1790642411.450921) vcan0 100#0295000000000000
(1790642411.451045) vcan0 200#4100000000000000
(1790642411.451065) vcan0 300#012B000000000000
(1790642411.460644) vcan0 300#012B000000000000
(1790642411.479923) vcan0 100#0299000000000000
(1790642411.480126) vcan0 300#012B000000000000
(1790642411.481565) vcan0 300#012B000000000000
(1790642411.491097) vcan0 100#029A000000000000
(1790642411.491283) vcan0 300#012B000000000000
(1790642411.500564) vcan0 100#1F40000000000000
(1790642411.500886) vcan0 200#4100000000000000
(1790642411.500920) vcan0 300#012B000000000000
(1790642411.511250) vcan0 100#029D000000000000
(1790642411.511424) vcan0 300#012A000000000000
(1790642411.520119) vcan0 300#012A000000000000
(1790642411.532887) vcan0 100#02A0000000000000
(1790642411.532957) vcan0 300#0129000000000000
(1790642411.549185) vcan0 300#0128000000000000
(1790642411.551745) vcan0 100#02A3000000000000
(1790642411.551938) vcan0 200#4100000000000000
(1790642411.552056) vcan0 300#0127000000000000
(1790642411.552138) vcan0 400#0000000000000000
(1790642411.552231) vcan0 500#1B00000000000000
(1790642411.552309) vcan0 7DF#02010C0000000000
(1790642411.561400) vcan0 300#0126000000000000
(1790642411.568540) vcan0 100#1F40000000000000
(1790642411.570234) vcan0 100#02A5000000000000
(1790642411.570317) vcan0 300#0125000000000000
(1790642411.581374) vcan0 300#0124000000000000
(1790642411.590800) vcan0 100#02A8000000000000
(1790642411.590846) vcan0 300#0123000000000000
(1790642411.605549) vcan0 200#4100000000000000
(1790642411.605685) vcan0 300#0120000000000000
(1790642411.615007) vcan0 100#02AC000000000000
(1790642411.615073) vcan0 300#011F000000000000
(1790642411.621051) vcan0 300#011E000000000000
(1790642411.622073) vcan0 100#1F40000000000000
(1790642411.634377) vcan0 100#02AE000000000000
(1790642411.634560) vcan0 300#011B000000000000
(1790642411.641088) vcan0 300#011A000000000000
(1790642411.650876) vcan0 100#02B1000000000000
(1790642411.650927) vcan0 200#4100000000000000
(1790642411.650947) vcan0 300#0118000000000000
(1790642411.661356) vcan0 300#0115000000000000
(1790642411.675107) vcan0 100#02B4000000000000
(1790642411.675204) vcan0 300#0112000000000000
(1790642411.681966) vcan0 300#0110000000000000
(1790642411.682650) vcan0 100#1F40000000000000
(1790642411.691340) vcan0 100#02B7000000000000
(1790642411.691380) vcan0 300#010E000000000000
(1790642411.701213) vcan0 200#4100000000000000
(1790642411.701239) vcan0 300#010B000000000000
(1790642411.710753) vcan0 100#02BA000000000000
(1790642411.710839) vcan0 300#0109000000000000
(1790642411.721813) vcan0 300#0106000000000000
(1790642411.734290) vcan0 100#02BD000000000000
(1790642411.734456) vcan0 300#0102000000000000
(1790642411.741652) vcan0 300#0100000000000000
(1790642411.746757) vcan0 100#1F40000000000000
(1790642411.751150) vcan0 100#02C0000000000000
(1790642411.751240) vcan0 200#4000000000000000
(1790642411.751261) vcan0 300#00FD000000000000
(1790642411.761395) vcan0 300#00F9000000000000
(1790642411.770595) vcan0 100#02C3000000000000
(1790642411.770639) vcan0 300#00F6000000000000
(1790642411.780326) vcan0 300#00F3000000000000
(1790642411.794899) vcan0 100#02C6000000000000
(1790642411.795060) vcan0 300#00EE000000000000
(1790642411.801993) vcan0 200#4000000000000000
(1790642411.802256) vcan0 300#00EB000000000000
(1790642411.802396) vcan0 100#1F40000000000000
(1790642411.811144) vcan0 100#02C9000000000000
(1790642411.811178) vcan0 300#00E8000000000000
(1790642411.820480) vcan0 300#00E4000000000000
(1790642411.830902) vcan0 100#02CC000000000000
(1790642411.830962) vcan0 300#00E0000000000000
(1790642411.840711) vcan0 300#00DC000000000000
(1790642411.851025) vcan0 100#02CF000000000000
(1790642411.851090) vcan0 200#4000000000000000
(1790642411.851098) vcan0 300#00D8000000000000
(1790642411.853466) vcan0 100#1F40000000000000
(1790642411.860588) vcan0 300#00D4000000000000
(1790642411.870843) vcan0 100#02D2000000000000
(1790642411.870913) vcan0 300#00CF000000000000
(1790642411.880563) vcan0 300#00CB000000000000
(1790642411.890532) vcan0 100#02D5000000000000
(1790642411.890606) vcan0 300#00C7000000000000
(1790642411.900825) vcan0 200#4000000000000000
(1790642411.900897) vcan0 300#00C2000000000000
(1790642411.903827) vcan0 100#1F40000000000000
(1790642411.910820) vcan0 100#02D8000000000000
(1790642411.910891) vcan0 300#00BD000000000000
(1790642411.920832) vcan0 300#00B9000000000000
(1790642411.933626) vcan0 100#02DC000000000000
(1790642411.933691) vcan0 300#00B3000000000000
(1790642411.942517) vcan0 300#00AE000000000000
(1790642411.950956) vcan0 100#02DF000000000000
(1790642411.951068) vcan0 200#4000000000000000
(1790642411.951080) vcan0 300#00AA000000000000
(1790642411.959134) vcan0 100#1F40000000000000
(1790642411.960365) vcan0 300#00A6000000000000
(1790642411.972369) vcan0 100#02E2000000000000
(1790642411.972451) vcan0 300#009F000000000000
(1790642411.980803) vcan0 300#009B000000000000
(1790642411.990949) vcan0 100#02E5000000000000
(1790642411.991014) vcan0 300#0096000000000000
(1790642412.002520) vcan0 200#4000000000000000
(1790642412.002589) vcan0 300#0090000000000000
(1790642412.009448) vcan0 100#1F40000000000000
(1790642412.010903) vcan0 100#02E9000000000000
(1790642412.010966) vcan0 300#008B000000000000
(1790642412.020970) vcan0 300#0086000000000000
(1790642412.032130) vcan0 100#02EC000000000000
(1790642412.032194) vcan0 300#0080000000000000
(1790642412.041320) vcan0 300#007B000000000000
(1790642412.050009) vcan0 100#02EF000000000000
(1790642412.050094) vcan0 200#4000000000000000
(1790642412.050106) vcan0 300#0076000000000000
(1790642412.050120) vcan0 400#0200000000000000
(1790642412.062807) vcan0 100#1F40000000000000
(1790642412.063159) vcan0 300#006F000000000000
(1790642412.071273) vcan0 100#02F3000000000000
(1790642412.071424) vcan0 300#006A000000000000
(1790642412.080101) vcan0 300#0065000000000000
(1790642412.097805) vcan0 100#02F7000000000000
(1790642412.097847) vcan0 300#005B000000000000
(1790642412.101044) vcan0 200#4000000000000000
(1790642412.101162) vcan0 300#005A000000000000
(1790642412.112114) vcan0 100#02FA000000000000
(1790642412.112284) vcan0 300#0053000000000000
(1790642412.114089) vcan0 100#1F40000000000000
(1790642412.120932) vcan0 300#004E000000000000
(1790642412.130783) vcan0 100#02FD000000000000
(1790642412.130889) vcan0 300#0048000000000000
(1790642412.140140) vcan0 300#0043000000000000
(1790642412.150552) vcan0 100#0300000000000000
(1790642412.150669) vcan0 200#4000000000000000
(1790642412.150687) vcan0 300#003D000000000000
(1790642412.161052) vcan0 300#0037000000000000
(1790642412.165765) vcan0 100#1F40000000000000
(1790642412.171244) vcan0 100#0304000000000000
(1790642412.171409) vcan0 300#0031000000000000
(1790642412.181137) vcan0 300#002B000000000000
(1790642412.191166) vcan0 100#0307000000000000
(1790642412.191305) vcan0 300#0025000000000000
(1790642412.203757) vcan0 200#4000000000000000
(1790642412.203893) vcan0 300#001D000000000000
(1790642412.345182) vcan0 100#1F40000000000000
(1790642412.346022) vcan0 100#0323000000000000
(1790642412.346101) vcan0 200#4000000000000000
(1790642412.346111) vcan0 300#FFC9000000000000
(1790642412.347328) vcan0 100#0323000000000000
(1790642412.347671) vcan0 200#4000000000000000
(1790642412.348053) vcan0 300#FFC9000000000000
(1790642412.349749) vcan0 100#0323000000000000
(1790642412.349799) vcan0 300#FFC7000000000000
(1790642412.351343) vcan0 100#0323000000000000
(1790642412.351400) vcan0 200#4000000000000000
(1790642412.351409) vcan0 300#FFC6000000000000
(1790642412.353022) vcan0 100#0324000000000000
(1790642412.353422) vcan0 300#FFC5000000000000
(1790642412.354740) vcan0 100#0324000000000000
(1790642412.354865) vcan0 300#FFC4000000000000
(1790642412.356803) vcan0 100#0324000000000000
(1790642412.356850) vcan0 300#FFC3000000000000
(1790642412.357964) vcan0 100#0325000000000000
(1790642412.358139) vcan0 300#FFC2000000000000
(1790642412.359390) vcan0 300#FFC1000000000000
(1790642412.361065) vcan0 300#FFC0000000000000
(1790642412.367713) vcan0 300#FFBD000000000000
(1790642412.369902) vcan0 300#FFBB000000000000
(1790642412.371136) vcan0 100#0327000000000000
(1790642412.371192) vcan0 300#FFBB000000000000
(1790642412.372817) vcan0 300#FFBA000000000000
(1790642412.374746) vcan0 300#FFB8000000000000
(1790642412.377519) vcan0 300#FFB7000000000000
(1790642412.378683) vcan0 300#FFB6000000000000
(1790642412.381507) vcan0 300#FFB5000000000000
(1790642412.392259) vcan0 100#032B000000000000
(1790642412.392287) vcan0 300#FFAE000000000000
(1790642412.395717) vcan0 100#1F40000000000000
(1790642412.401161) vcan0 200#4000000000000000
(1790642412.401230) vcan0 300#FFA9000000000000
(1790642412.410031) vcan0 100#032E000000000000
(1790642412.410090) vcan0 300#FFA4000000000000
(1790642412.420393) vcan0 300#FF9E000000000000
(1790642412.430901) vcan0 100#0332000000000000
(1790642412.430974) vcan0 300#FF98000000000000
(1790642412.445340) vcan0 300#FF90000000000000
(1790642412.448598) vcan0 100#1F40000000000000
(1790642412.451929) vcan0 100#0336000000000000
(1790642412.451997) vcan0 200#4000000000000000
(1790642412.452006) vcan0 300#FF8D000000000000
(1790642412.460380) vcan0 300#FF88000000000000
(1790642412.470820) vcan0 100#0339000000000000
(1790642412.470885) vcan0 300#FF82000000000000
(1790642412.482033) vcan0 300#FF7C000000000000
(1790642412.491460) vcan0 100#033D000000000000
(1790642412.491521) vcan0 300#FF77000000000000
(1790642412.502167) vcan0 200#4000000000000000
(1790642412.502263) vcan0 300#FF71000000000000
(1790642412.502704) vcan0 100#1F40000000000000
(1790642412.518211) vcan0 100#0342000000000000
(1790642412.518258) vcan0 300#FF69000000000000
(1790642412.520553) vcan0 300#FF68000000000000
(1790642412.530515) vcan0 100#0345000000000000
(1790642412.530631) vcan0 300#FF63000000000000
(1790642412.541327) vcan0 300#FF5D000000000000
(1790642412.551512) vcan0 100#0349000000000000
(1790642412.551631) vcan0 200#4000000000000000
(1790642412.551646) vcan0 300#FF58000000000000
(1790642412.551663) vcan0 400#0400000000000000
(1790642412.551675) vcan0 500#1C00000000000000
(1790642412.553553) vcan0 100#1F40000000000000
(1790642412.561888) vcan0 300#FF53000000000000
(1790642412.569955) vcan0 100#034C000000000000
(1790642412.570025) vcan0 300#FF4F000000000000
(1790642412.580213) vcan0 300#FF4A000000000000
(1790642412.596147) vcan0 100#0351000000000000
(1790642412.596170) vcan0 300#FF43000000000000
(1790642412.599978) vcan0 200#4000000000000000
(1790642412.600041) vcan0 300#FF41000000000000
(1790642412.604068) vcan0 100#1F40000000000000
(1790642412.611225) vcan0 100#0354000000000000
(1790642412.611323) vcan0 300#FF3C000000000000
(1790642412.620643) vcan0 300#FF38000000000000
(1790642412.633194) vcan0 100#0358000000000000
(1790642412.633261) vcan0 300#FF32000000000000
(1790642412.645897) vcan0 300#FF2C000000000000
(1790642412.653149) vcan0 100#035C000000000000
(1790642412.653230) vcan0 200#4000000000000000
(1790642412.653240) vcan0 300#FF29000000000000
(1790642412.655063) vcan0 100#1F40000000000000
(1790642412.660357) vcan0 300#FF26000000000000
(1790642412.671263) vcan0 100#0360000000000000
(1790642412.671321) vcan0 300#FF22000000000000
(1790642412.681525) vcan0 300#FF1E000000000000
(1790642412.693007) vcan0 100#0364000000000000
(1790642412.693074) vcan0 300#FF19000000000000
(1790642412.701093) vcan0 200#4000000000000000
(1790642412.701159) vcan0 300#FF16000000000000
(1790642412.707035) vcan0 100#1F40000000000000
(1790642412.711661) vcan0 100#0368000000000000
(1790642412.711734) vcan0 300#FF12000000000000
(1790642412.727415) vcan0 300#FF0D000000000000
(1790642412.730080) vcan0 100#036B000000000000
(1790642412.730137) vcan0 300#FF0C000000000000
(1790642412.745089) vcan0 300#FF07000000000000
(1790642412.756378) vcan0 100#0371000000000000
(1790642412.756462) vcan0 200#4000000000000000
(1790642412.756472) vcan0 300#FF03000000000000
(1790642412.762140) vcan0 300#FF01000000000000
(1790642412.766434) vcan0 100#1F40000000000000
(1790642412.774816) vcan0 100#0374000000000000
(1790642412.774888) vcan0 300#FEFD000000000000
(1790642412.780498) vcan0 300#FEFC000000000000
(1790642412.795478) vcan0 100#0378000000000000
(1790642412.795579) vcan0 300#FEF7000000000000
(1790642412.801711) vcan0 200#4000000000000000
(1790642412.801738) vcan0 300#FEF6000000000000
(1790642412.876193) vcan0 100#1F40000000000000
(1790642412.877805) vcan0 100#0389000000000000
(1790642412.878535) vcan0 200#3F00000000000000
(1790642412.880619) vcan0 300#FEE4000000000000
(1790642412.882439) vcan0 100#038A000000000000
(1790642412.882470) vcan0 300#FEE3000000000000
(1790642412.883656) vcan0 100#038A000000000000
(1790642412.883711) vcan0 300#FEE3000000000000
(1790642412.887116) vcan0 100#038B000000000000
(1790642412.887860) vcan0 300#FEE2000000000000
(1790642412.892327) vcan0 100#038C000000000000
(1790642412.892497) vcan0 300#FEE1000000000000
(1790642412.895803) vcan0 300#FEE1000000000000
(1790642412.897929) vcan0 300#FEE0000000000000
(1790642412.900439) vcan0 200#3F00000000000000
(1790642412.900511) vcan0 300#FEE0000000000000
(1790642412.903237) vcan0 300#FEDF000000000000
(1790642412.904535) vcan0 300#FEDF000000000000
(1790642412.986836) vcan0 100#03A0000000000000
(1790642412.987262) vcan0 200#3F00000000000000
(1790642412.987333) vcan0 300#FED6000000000000
(1790642412.987938) vcan0 100#1F40000000000000
(1790642412.990774) vcan0 100#03A1000000000000
(1790642412.990835) vcan0 300#FED6000000000000
(1790642412.992674) vcan0 100#03A1000000000000
(1790642412.992760) vcan0 300#FED6000000000000
(1790642412.994644) vcan0 100#03A1000000000000
(1790642412.994721) vcan0 300#FED6000000000000
(1790642412.996927) vcan0 100#03A2000000000000
(1790642412.997050) vcan0 300#FED6000000000000
(1790642412.999684) vcan0 300#FED5000000000000
(1790642413.001298) vcan0 200#3F00000000000000
(1790642413.001383) vcan0 300#FED5000000000000
(1790642413.002914) vcan0 300#FED5000000000000
(1790642413.004615) vcan0 300#FED5000000000000
(1790642413.006349) vcan0 300#FED5000000000000
(1790642413.012493) vcan0 100#03A5000000000000
(1790642413.012653) vcan0 300#FED5000000000000
(1790642413.021597) vcan0 300#FED5000000000000
(1790642413.032283) vcan0 100#03A9000000000000
(1790642413.032358) vcan0 300#FED5000000000000
(1790642413.041437) vcan0 300#FED5000000000000
(1790642413.061856) vcan0 100#03B0000000000000
(1790642413.061876) vcan0 200#3F00000000000000
(1790642413.061884) vcan0 300#FED5000000000000
(1790642413.061894) vcan0 400#0200000000000000
(1790642413.063467) vcan0 300#FED5000000000000
(1790642413.071491) vcan0 100#03B2000000000000
(1790642413.071536) vcan0 300#FED5000000000000
(1790642413.080206) vcan0 300#FED6000000000000
(1790642413.092622) vcan0 100#03B6000000000000
(1790642413.092647) vcan0 300#FED6000000000000
(1790642413.100038) vcan0 200#3F00000000000000
(1790642413.100099) vcan0 300#FED7000000000000
(1790642413.112438) vcan0 100#03BB000000000000
(1790642413.112522) vcan0 300#FED8000000000000
(1790642413.120071) vcan0 300#FED8000000000000
(1790642413.131681) vcan0 100#03BF000000000000
(1790642413.131788) vcan0 300#FEDA000000000000
(1790642413.144652) vcan0 300#FEDB000000000000
(1790642413.150928) vcan0 100#03C3000000000000
(1790642413.151030) vcan0 200#3F00000000000000
(1790642413.151045) vcan0 300#FEDC000000000000
(1790642413.161621) vcan0 300#FEDD000000000000
(1790642413.287821) vcan0 100#03E1000000000000
(1790642413.288833) vcan0 200#3F00000000000000
(1790642413.288867) vcan0 300#FEF9000000000000
(1790642413.290632) vcan0 100#03E2000000000000
(1790642413.290776) vcan0 200#3F00000000000000
(1790642413.290799) vcan0 300#FEFA000000000000
(1790642413.292392) vcan0 100#03E2000000000000
(1790642413.292623) vcan0 300#FEFA000000000000
(1790642413.294215) vcan0 100#03E2000000000000
(1790642413.294267) vcan0 300#FEFB000000000000
(1790642413.297085) vcan0 100#03E3000000000000
(1790642413.297231) vcan0 300#FEFC000000000000
(1790642413.298714) vcan0 100#03E3000000000000
(1790642413.298847) vcan0 300#FEFC000000000000
(1790642413.300927) vcan0 100#03E4000000000000
(1790642413.300963) vcan0 200#3F00000000000000
(1790642413.300982) vcan0 300#FEFD000000000000
(1790642413.304526) vcan0 300#FEFE000000000000
(1790642413.307647) vcan0 300#FEFF000000000000
(1790642413.309932) vcan0 300#FEFF000000000000
(1790642413.311443) vcan0 100#03E6000000000000
(1790642413.311603) vcan0 300#FF00000000000000
(1790642413.313750) vcan0 300#FF01000000000000
(1790642413.315613) vcan0 300#FF01000000000000
(1790642413.317924) vcan0 300#FF02000000000000
(1790642413.322330) vcan0 300#FF03000000000000
(1790642413.324331) vcan0 300#FF04000000000000
(1790642413.340962) vcan0 100#03ED000000000000
(1790642413.341029) vcan0 300#FF0A000000000000
(1790642413.343002) vcan0 300#FF0A000000000000
(1790642413.354167) vcan0 100#03F0000000000000
(1790642413.354225) vcan0 200#3F00000000000000
(1790642413.354252) vcan0 300#FF0E000000000000
(1790642413.364745) vcan0 300#FF12000000000000
(1790642413.370270) vcan0 100#03F3000000000000
(1790642413.370491) vcan0 300#FF14000000000000
(1790642413.385882) vcan0 300#FF1A000000000000
(1790642413.390554) vcan0 100#03F8000000000000
(1790642413.390784) vcan0 300#FF1C000000000000
(1790642413.402760) vcan0 200#3F00000000000000
(1790642413.402795) vcan0 300#FF20000000000000
(1790642413.410982) vcan0 100#03FD000000000000
(1790642413.411021) vcan0 300#FF24000000000000
(1790642413.431038) vcan0 100#0401000000000000
(1790642413.431083) vcan0 300#FF2C000000000000
(1790642413.433106) vcan0 300#FF2D000000000000
(1790642413.442556) vcan0 300#FF31000000000000
(1790642413.451044) vcan0 100#0406000000000000
(1790642413.451166) vcan0 200#3F00000000000000
(1790642413.451209) vcan0 300#FF35000000000000
(1790642413.461939) vcan0 300#FF3A000000000000
(1790642413.480351) vcan0 100#040C000000000000
(1790642413.480420) vcan0 300#FF42000000000000
(1790642413.495579) vcan0 100#0410000000000000
(1790642413.495633) vcan0 300#FF49000000000000
(1790642413.509869) vcan0 200#3F00000000000000
(1790642413.509924) vcan0 300#FF50000000000000
(1790642413.512069) vcan0 100#0414000000000000
(1790642413.512162) vcan0 300#FF51000000000000
(1790642413.513736) vcan0 300#FF52000000000000
(1790642413.522922) vcan0 300#FF56000000000000
(1790642413.533797) vcan0 100#0419000000000000
(1790642413.533861) vcan0 300#FF5C000000000000
(1790642413.548082) vcan0 300#FF63000000000000
(1790642413.559292) vcan0 100#041F000000000000
(1790642413.559424) vcan0 200#3F00000000000000
(1790642413.559470) vcan0 300#FF69000000000000
(1790642413.559513) vcan0 400#0000000000000000
(1790642413.559547) vcan0 500#1D00000000000000
(1790642413.559583) vcan0 7DF#02010D0000000000
(1790642413.568372) vcan0 300#FF6E000000000000
(1790642413.575758) vcan0 100#0423000000000000
(1790642413.575903) vcan0 300#FF71000000000000
(1790642413.582281) vcan0 300#FF75000000000000
(1790642413.591080) vcan0 100#0426000000000000
(1790642413.591209) vcan0 300#FF7A000000000000
(1790642413.600662) vcan0 200#3F00000000000000
(1790642413.600705) vcan0 300#FF7F000000000000
(1790642413.610755) vcan0 100#042B000000000000
(1790642413.610947) vcan0 300#FF84000000000000
(1790642413.622273) vcan0 300#FF8A000000000000
(1790642413.630078) vcan0 100#042F000000000000
(1790642413.630216) vcan0 300#FF8F000000000000
(1790642413.640599) vcan0 300#FF95000000000000
(1790642413.650887) vcan0 100#0434000000000000
(1790642413.651010) vcan0 200#3F00000000000000
(1790642413.651026) vcan0 300#FF9B000000000000
(1790642413.661101) vcan0 300#FFA0000000000000
(1790642413.671806) vcan0 100#0439000000000000
(1790642413.671936) vcan0 300#FFA6000000000000
(1790642413.680920) vcan0 300#FFAC000000000000
(1790642413.690101) vcan0 100#043E000000000000
(1790642413.690185) vcan0 300#FFB1000000000000
(1790642413.700966) vcan0 200#3F00000000000000
(1790642413.701059) vcan0 300#FFB7000000000000
(1790642413.710343) vcan0 100#0442000000000000
(1790642413.710441) vcan0 300#FFBD000000000000
(1790642413.720765) vcan0 300#FFC3000000000000
(1790642413.730780) vcan0 100#0447000000000000
(1790642413.730873) vcan0 300#FFC9000000000000
(1790642413.740160) vcan0 300#FFCE000000000000
(1790642413.750403) vcan0 100#044C000000000000
(1790642413.750496) vcan0 200#3F00000000000000
(1790642413.750508) vcan0 300#FFD4000000000000
(1790642413.760473) vcan0 300#FFDA000000000000
(1790642413.770555) vcan0 100#0451000000000000
(1790642413.770647) vcan0 300#FFE0000000000000
(1790642413.780957) vcan0 300#FFE7000000000000
(1790642413.791174) vcan0 100#0456000000000000
(1790642413.791270) vcan0 300#FFED000000000000
(1790642413.800956) vcan0 200#3F00000000000000
(1790642413.801045) vcan0 300#FFF3000000000000
(1790642413.811880) vcan0 100#045B000000000000
(1790642413.811973) vcan0 300#FFF9000000000000
(1790642413.821102) vcan0 300#FFFF000000000000
(1790642413.830053) vcan0 100#045F000000000000
(1790642413.830174) vcan0 300#0003000000000000
(1790642413.840981) vcan0 300#000A000000000000
(1790642413.850939) vcan0 100#0464000000000000
(1790642413.851036) vcan0 200#3F00000000000000
(1790642413.851049) vcan0 300#000F000000000000
(1790642413.861089) vcan0 300#0016000000000000
(1790642413.870747) vcan0 100#0469000000000000
(1790642413.870854) vcan0 300#001B000000000000
(1790642413.880793) vcan0 300#0021000000000000
(1790642413.890503) vcan0 100#046E000000000000
(1790642413.890619) vcan0 300#0027000000000000
(1790642413.901012) vcan0 200#3F00000000000000
(1790642413.901044) vcan0 300#002D000000000000
(1790642413.910045) vcan0 100#0473000000000000
(1790642413.910188) vcan0 300#0033000000000000
(1790642413.921310) vcan0 300#0039000000000000
(1790642413.930840) vcan0 100#0478000000000000
(1790642413.930971) vcan0 300#003F000000000000
(1790642413.940438) vcan0 300#0045000000000000
(1790642413.950363) vcan0 100#047D000000000000
(1790642413.950487) vcan0 200#3E00000000000000
(1790642413.950506) vcan0 300#004A000000000000
(1790642413.960073) vcan0 300#0050000000000000
(1790642413.971960) vcan0 100#0482000000000000
(1790642413.972098) vcan0 300#0057000000000000
(1790642413.981813) vcan0 300#005C000000000000
(1790642413.989941) vcan0 100#0487000000000000
(1790642413.990002) vcan0 300#0061000000000000
(1790642414.000911) vcan0 200#3E00000000000000
(1790642414.000926) vcan0 300#0067000000000000
(1790642414.010309) vcan0 100#048C000000000000
(1790642414.010362) vcan0 300#006D000000000000
(1790642414.020855) vcan0 300#0072000000000000
(1790642414.032010) vcan0 100#0491000000000000
(1790642414.032068) vcan0 300#0079000000000000
(1790642414.041803) vcan0 300#007E000000000000
(1790642414.050981) vcan0 100#0496000000000000
(1790642414.051074) vcan0 200#3E00000000000000
(1790642414.051087) vcan0 300#0083000000000000
(1790642414.051101) vcan0 400#0100000000000000
(1790642414.060442) vcan0 300#0088000000000000
(1790642414.070933) vcan0 100#049B000000000000
(1790642414.071043) vcan0 300#008E000000000000
(1790642414.089428) vcan0 300#0097000000000000
(1790642414.091450) vcan0 100#04A0000000000000
(1790642414.091616) vcan0 300#0098000000000000
(1790642414.102945) vcan0 200#3E00000000000000
(1790642414.103133) vcan0 300#009E000000000000
(1790642414.126115) vcan0 100#04A9000000000000
(1790642414.126358) vcan0 300#00AA000000000000
(1790642414.128809) vcan0 300#00AB000000000000
(1790642414.130571) vcan0 100#04AA000000000000
(1790642414.130727) vcan0 300#00AC000000000000
(1790642414.140673) vcan0 300#00B1000000000000
(1790642414.152187) vcan0 100#04AF000000000000
(1790642414.152410) vcan0 200#3E00000000000000
(1790642414.152440) vcan0 300#00B6000000000000
(1790642414.164081) vcan0 300#00BC000000000000
(1790642414.170151) vcan0 100#04B4000000000000
(1790642414.170344) vcan0 300#00BF000000000000
(1790642414.180712) vcan0 300#00C4000000000000
(1790642414.192728) vcan0 100#04BA000000000000
(1790642414.192776) vcan0 300#00C9000000000000
(1790642414.201031) vcan0 200#3E00000000000000
(1790642414.201198) vcan0 300#00CD000000000000
(1790642414.215524) vcan0 100#04BF000000000000
(1790642414.215586) vcan0 300#00D3000000000000
(1790642414.220888) vcan0 300#00D5000000000000
(1790642414.236362) vcan0 100#04C5000000000000
(1790642414.236579) vcan0 300#00DC000000000000
(1790642414.240192) vcan0 300#00DD000000000000
(1790642414.254462) vcan0 100#04C9000000000000
(1790642414.254513) vcan0 200#3E00000000000000
(1790642414.254540) vcan0 300#00E3000000000000
(1790642414.262994) vcan0 300#00E6000000000000
(1790642414.278001) vcan0 100#04CF000000000000
(1790642414.278351) vcan0 300#00EC000000000000
(1790642414.281297) vcan0 300#00ED000000000000
(1790642414.299070) vcan0 100#04D5000000000000
(1790642414.299311) vcan0 300#00F3000000000000
(1790642414.300703) vcan0 200#3E00000000000000
(1790642414.300897) vcan0 300#00F4000000000000
(1790642414.313352) vcan0 100#04D9000000000000
(1790642414.313583) vcan0 300#00F8000000000000
(1790642414.320428) vcan0 300#00FB000000000000
(1790642414.343520) vcan0 100#04E0000000000000
(1790642414.344036) vcan0 300#0102000000000000
(1790642414.348200) vcan0 300#0103000000000000
(1790642414.350274) vcan0 100#04E2000000000000
(1790642414.350456) vcan0 200#3E00000000000000
(1790642414.350484) vcan0 300#0104000000000000
(1790642414.360560) vcan0 300#0107000000000000
(1790642414.372572) vcan0 100#04E8000000000000
(1790642414.372803) vcan0 300#010A000000000000
(1790642414.380577) vcan0 300#010C000000000000
(1790642414.393875) vcan0 100#04ED000000000000
(1790642414.394095) vcan0 300#0110000000000000
(1790642414.400688) vcan0 200#3E00000000000000
(1790642414.400880) vcan0 300#0112000000000000
(1790642414.411372) vcan0 100#04F2000000000000
(1790642414.411495) vcan0 300#0114000000000000
(1790642414.421643) vcan0 300#0117000000000000
(1790642414.436825) vcan0 100#04F9000000000000
(1790642414.436870) vcan0 300#011A000000000000
(1790642414.441551) vcan0 300#011B000000000000
(1790642414.457363) vcan0 100#04FE000000000000
(1790642414.457555) vcan0 200#3E00000000000000
(1790642414.457583) vcan0 300#011E000000000000
(1790642414.461321) vcan0 300#011E000000000000
(1790642414.471399) vcan0 100#0502000000000000
(1790642414.471551) vcan0 300#0120000000000000
(1790642414.481294) vcan0 300#0122000000000000
(1790642414.490759) vcan0 100#0507000000000000
(1790642414.490919) vcan0 300#0123000000000000
(1790642414.502889) vcan0 200#3E00000000000000
(1790642414.503076) vcan0 300#0125000000000000
(1790642414.510303) vcan0 100#050C000000000000
(1790642414.510365) vcan0 300#0126000000000000
(1790642414.520573) vcan0 300#0127000000000000
(1790642414.531227) vcan0 100#0512000000000000
(1790642414.531390) vcan0 300#0128000000000000
(1790642414.549191) vcan0 300#0129000000000000
(1790642414.552259) vcan0 100#0517000000000000
(1790642414.552455) vcan0 200#3E00000000000000
(1790642414.552485) vcan0 300#012A000000000000
(1790642414.552516) vcan0 400#0400000000000000
(1790642414.552536) vcan0 500#1E00000000000000
(1790642414.560560) vcan0 300#012A000000000000
(1790642414.572984) vcan0 100#051D000000000000
(1790642414.573213) vcan0 300#012B000000000000
(1790642414.588092) vcan0 300#012B000000000000
(1790642414.592650) vcan0 100#0522000000000000
(1790642414.592866) vcan0 300#012B000000000000
(1790642414.614992) vcan0 100#0528000000000000
(1790642414.615047) vcan0 200#3E00000000000000
(1790642414.615074) vcan0 300#012B000000000000
(1790642414.616900) vcan0 300#012B000000000000
(1790642414.621764) vcan0 300#012B000000000000
(1790642414.645862) vcan0 100#0530000000000000
(1790642414.645923) vcan0 300#012B000000000000
(1790642414.647806) vcan0 300#012B000000000000
(1790642414.653357) vcan0 100#0532000000000000
(1790642414.653403) vcan0 200#3E00000000000000
(1790642414.653427) vcan0 300#012A000000000000
(1790642414.667942) vcan0 300#0129000000000000
(1790642414.672133) vcan0 100#0537000000000000
(1790642414.672337) vcan0 300#0129000000000000
(1790642414.682728) vcan0 300#0128000000000000
(1790642414.691368) vcan0 100#053C000000000000
(1790642414.691532) vcan0 300#0128000000000000
(1790642414.709357) vcan0 200#3E00000000000000
(1790642414.709415) vcan0 300#0126000000000000
(1790642414.711139) vcan0 100#0542000000000000
(1790642414.711345) vcan0 300#0125000000000000
(1790642414.720982) vcan0 300#0124000000000000
(1790642414.730765) vcan0 100#0547000000000000
(1790642414.730825) vcan0 300#0123000000000000
(1790642414.745739) vcan0 300#0120000000000000
(1790642414.751719) vcan0 100#054D000000000000
(1790642414.752472) vcan0 200#3E00000000000000
(1790642414.752534) vcan0 300#0120000000000000
(1790642414.761760) vcan0 300#011E000000000000
(1790642414.779269) vcan0 100#0554000000000000
(1790642414.779464) vcan0 300#011A000000000000
(1790642414.781102) vcan0 300#011A000000000000
(1790642414.793596) vcan0 100#0558000000000000
(1790642414.793655) vcan0 300#0117000000000000
(1790642414.801269) vcan0 200#3E00000000000000
(1790642414.801443) vcan0 300#0116000000000000
(1790642414.810905) vcan0 100#055D000000000000
(1790642414.811090) vcan0 300#0114000000000000
(1790642414.822806) vcan0 300#0111000000000000
(1790642414.832514) vcan0 100#0563000000000000
(1790642414.832662) vcan0 300#010E000000000000
(1790642414.840663) vcan0 300#010C000000000000
(1790642414.857152) vcan0 100#0569000000000000
(1790642414.857382) vcan0 200#3E00000000000000
(1790642414.857417) vcan0 300#0108000000000000
(1790642414.860058) vcan0 300#0107000000000000
(1790642414.870961) vcan0 100#056D000000000000
(1790642414.871180) vcan0 300#0103000000000000
(1790642414.888805) vcan0 300#00FE000000000000
(1790642414.892806) vcan0 100#0573000000000000
(1790642414.893027) vcan0 300#00FD000000000000
(1790642414.901968) vcan0 200#3E00000000000000
(1790642414.902159) vcan0 300#00FA000000000000
(1790642414.910232) vcan0 100#0578000000000000
(1790642414.910367) vcan0 300#00F7000000000000
(1790642414.933023) vcan0 100#057E000000000000
(1790642414.933281) vcan0 300#00EF000000000000
(1790642414.934593) vcan0 300#00EE000000000000
(1790642414.941366) vcan0 300#00EC000000000000
(1790642414.958909) vcan0 100#0585000000000000
(1790642414.958967) vcan0 200#3D00000000000000
(1790642414.958998) vcan0 300#00E5000000000000
(1790642414.960874) vcan0 300#00E5000000000000
(1790642414.971676) vcan0 100#0589000000000000
(1790642414.971810) vcan0 300#00E0000000000000
(1790642414.988629) vcan0 300#00D9000000000000
(1790642414.992768) vcan0 100#058F000000000000
(1790642414.992792) vcan0 300#00D8000000000000
(1790642415.000685) vcan0 200#3D00000000000000
(1790642415.000862) vcan0 300#00D4000000000000
(1790642415.011251) vcan0 100#0594000000000000
(1790642415.011356) vcan0 300#00D0000000000000
(1790642415.020923) vcan0 300#00CC000000000000
(1790642415.032573) vcan0 100#059A000000000000
(1790642415.032748) vcan0 300#00C6000000000000
(1790642415.040492) vcan0 300#00C3000000000000
(1790642415.051683) vcan0 100#059F000000000000
(1790642415.051867) vcan0 200#3D00000000000000
(1790642415.051893) vcan0 300#00BE000000000000
(1790642415.051922) vcan0 400#0100000000000000
(1790642415.061300) vcan0 300#00B9000000000000
(1790642415.071980) vcan0 100#05A5000000000000
(1790642415.072157) vcan0 300#00B4000000000000
(1790642415.081649) vcan0 300#00AF000000000000
(1790642415.097530) vcan0 100#05AC000000000000
(1790642415.097591) vcan0 300#00A8000000000000
(1790642415.101395) vcan0 200#3D00000000000000
(1790642415.101613) vcan0 300#00A6000000000000
(1790642415.110100) vcan0 100#05AF000000000000
(1790642415.110296) vcan0 300#00A1000000000000
(1790642415.124878) vcan0 300#009A000000000000
(1790642415.130729) vcan0 100#05B5000000000000
(1790642415.130906) vcan0 300#0097000000000000
(1790642415.152112) vcan0 100#05BB000000000000
(1790642415.152372) vcan0 200#3D00000000000000
(1790642415.152407) vcan0 300#008C000000000000
(1790642415.156703) vcan0 300#0089000000000000
(1790642415.160635) vcan0 300#0087000000000000
(1790642415.171050) vcan0 100#05C1000000000000
(1790642415.171193) vcan0 300#0081000000000000
(1790642415.180386) vcan0 300#007C000000000000
(1790642415.190435) vcan0 100#05C6000000000000
(1790642415.190584) vcan0 300#0077000000000000
(1790642415.203440) vcan0 200#3D00000000000000
(1790642415.203697) vcan0 300#0070000000000000
(1790642415.212760) vcan0 100#05CC000000000000
(1790642415.213018) vcan0 300#006B000000000000
(1790642415.221595) vcan0 300#0066000000000000
(1790642415.234520) vcan0 100#05D2000000000000
(1790642415.234578) vcan0 300#005E000000000000
(1790642415.241518) vcan0 300#005A000000000000
(1790642415.250430) vcan0 100#05D7000000000000
(1790642415.250622) vcan0 200#3D00000000000000
(1790642415.250640) vcan0 300#0055000000000000
(1790642415.262631) vcan0 300#004E000000000000
(1790642415.271351) vcan0 100#05DD000000000000
(1790642415.271488) vcan0 300#0049000000000000
(1790642415.280855) vcan0 300#0043000000000000
(1790642415.297203) vcan0 100#05E4000000000000
(1790642415.297446) vcan0 300#003A000000000000
(1790642415.302082) vcan0 200#3D00000000000000
(1790642415.302276) vcan0 300#0037000000000000
(1790642415.311870) vcan0 100#05E8000000000000
(1790642415.311924) vcan0 300#0031000000000000
(1790642415.320189) vcan0 300#002C000000000000
(1790642415.338959) vcan0 100#05F0000000000000
(1790642415.339200) vcan0 300#0021000000000000
(1790642415.341009) vcan0 300#0020000000000000
(1790642415.359853) vcan0 100#05F6000000000000
(1790642415.360084) vcan0 200#3D00000000000000
(1790642415.360118) vcan0 300#0015000000000000
(1790642415.363870) vcan0 300#0012000000000000
(1790642415.375054) vcan0 100#05FA000000000000
(1790642415.375287) vcan0 300#000C000000000000
(1790642415.380329) vcan0 300#0008000000000000
(1790642415.391612) vcan0 100#05FF000000000000
(1790642415.391676) vcan0 300#0002000000000000
(1790642415.404670) vcan0 200#3D00000000000000
(1790642415.404802) vcan0 300#FFFB000000000000
(1790642415.410888) vcan0 100#0604000000000000
(1790642415.411058) vcan0 300#FFF7000000000000
(1790642415.423043) vcan0 300#FFF0000000000000
(1790642415.433552) vcan0 100#060B000000000000
(1790642415.433696) vcan0 300#FFE9000000000000
(1790642415.441697) vcan0 300#FFE5000000000000
(1790642415.460021) vcan0 100#0613000000000000
(1790642415.460079) vcan0 200#3D00000000000000
(1790642415.460109) vcan0 300#FFDA000000000000
(1790642415.462023) vcan0 300#FFD8000000000000
(1790642415.473009) vcan0 100#0616000000000000
(1790642415.473204) vcan0 300#FFD2000000000000
(1790642415.487142) vcan0 300#FFCA000000000000
(1790642415.490568) vcan0 100#061B000000000000
(1790642415.490748) vcan0 300#FFC8000000000000
(1790642415.500259) vcan0 200#3D00000000000000
(1790642415.500479) vcan0 300#FFC2000000000000
(1790642415.512931) vcan0 100#0622000000000000
(1790642415.513115) vcan0 300#FFBA000000000000
(1790642415.530003) vcan0 300#FFB1000000000000
(1790642415.531810) vcan0 100#0627000000000000
(1790642415.531952) vcan0 300#FFAF000000000000
(1790642415.549869) vcan0 300#FFA5000000000000
(1790642415.551797) vcan0 100#062D000000000000
(1790642415.551973) vcan0 200#3D00000000000000
(1790642415.552000) vcan0 300#FFA4000000000000
(1790642415.552028) vcan0 400#0200000000000000
(1790642415.552047) vcan0 500#1F00000000000000
(1790642415.552066) vcan0 7DF#02010D0000000000
(1790642415.565164) vcan0 300#FF9C000000000000
(1790642415.570839) vcan0 100#0632000000000000
(1790642415.571136) vcan0 300#FF99000000000000
(1790642415.593850) vcan0 100#0639000000000000
(1790642415.593959) vcan0 300#FF8C000000000000
(1790642415.596515) vcan0 300#FF8B000000000000
(1790642415.600561) vcan0 200#3D00000000000000
(1790642415.600696) vcan0 300#FF89000000000000
(1790642415.611608) vcan0 100#063E000000000000
(1790642415.611985) vcan0 300#FF83000000000000
(1790642415.623197) vcan0 300#FF7C000000000000
(1790642415.633697) vcan0 100#0645000000000000
(1790642415.633737) vcan0 300#FF77000000000000
(1790642415.640783) vcan0 300#FF73000000000000
(1790642415.654125) vcan0 100#064A000000000000
(1790642415.654290) vcan0 200#3D00000000000000
(1790642415.654313) vcan0 300#FF6C000000000000
(1790642415.663003) vcan0 300#FF67000000000000
(1790642415.671684) vcan0 100#0650000000000000
(1790642415.671807) vcan0 300#FF63000000000000
(1790642415.683186) vcan0 300#FF5D000000000000
(1790642415.693210) vcan0 100#0656000000000000
(1790642415.693292) vcan0 300#FF58000000000000
(1790642415.701027) vcan0 200#3D00000000000000
(1790642415.701093) vcan0 300#FF54000000000000
(1790642415.712565) vcan0 100#065B000000000000
(1790642415.712587) vcan0 300#FF4F000000000000
(1790642415.723343) vcan0 300#FF49000000000000
(1790642415.730746) vcan0 100#0661000000000000
(1790642415.730769) vcan0 300#FF46000000000000
(1790642415.740118) vcan0 300#FF42000000000000
(1790642415.755102) vcan0 100#0668000000000000
(1790642415.755124) vcan0 200#3D00000000000000
(1790642415.755131) vcan0 300#FF3B000000000000
(1790642415.765781) vcan0 300#FF36000000000000
(1790642415.770709) vcan0 100#066C000000000000
(1790642415.770727) vcan0 300#FF34000000000000
(1790642415.780035) vcan0 300#FF30000000000000
(1790642415.797883) vcan0 100#0674000000000000
(1790642415.797905) vcan0 300#FF28000000000000
(1790642415.811794) vcan0 100#0678000000000000
(1790642415.811854) vcan0 200#3D00000000000000
(1790642415.811867) vcan0 300#FF22000000000000
(1790642415.820103) vcan0 300#FF1F000000000000
(1790642415.823723) vcan0 300#FF1E000000000000
(1790642415.830683) vcan0 100#067E000000000000
(1790642415.830714) vcan0 300#FF1B000000000000
(1790642415.841416) vcan0 300#FF17000000000000
(1790642415.852418) vcan0 100#0684000000000000
(1790642415.852439) vcan0 200#3D00000000000000
(1790642415.852447) vcan0 300#FF13000000000000
(1790642415.861831) vcan0 300#FF0F000000000000
(1790642415.874122) vcan0 100#068B000000000000
(1790642415.874146) vcan0 300#FF0B000000000000
(1790642415.880606) vcan0 300#FF09000000000000
(1790642415.890282) vcan0 100#068F000000000000
(1790642415.890348) vcan0 300#FF06000000000000
(1790642415.901650) vcan0 200#3D00000000000000
(1790642415.901710) vcan0 300#FF02000000000000
(1790642415.913262) vcan0 100#0696000000000000
(1790642415.913341) vcan0 300#FEFE000000000000
(1790642415.921522) vcan0 300#FEFC000000000000
(1790642415.931548) vcan0 100#069B000000000000
(1790642415.931596) vcan0 300#FEF9000000000000
(1790642415.944798) vcan0 300#FEF5000000000000
(1790642415.951362) vcan0 100#06A1000000000000
(1790642415.951489) vcan0 200#3D00000000000000
(1790642415.951531) vcan0 300#FEF3000000000000
(1790642415.960363) vcan0 300#FEF1000000000000
(1790642415.976367) vcan0 100#06A9000000000000
(1790642415.976406) vcan0 300#FEED000000000000
(1790642415.981581) vcan0 300#FEEC000000000000
(1790642415.991047) vcan0 100#06AD000000000000
(1790642415.991139) vcan0 300#FEEA000000000000
(1790642416.000450) vcan0 200#3C00000000000000
(1790642416.000557) vcan0 300#FEE8000000000000
(1790642416.010217) vcan0 100#06B3000000000000
(1790642416.010260) vcan0 300#FEE6000000000000
(1790642416.019986) vcan0 300#FEE4000000000000
(1790642416.030738) vcan0 100#06B9000000000000
(1790642416.030796) vcan0 300#FEE2000000000000
(1790642416.043117) vcan0 300#FEE0000000000000
(1790642416.050536) vcan0 100#06BE000000000000
(1790642416.050554) vcan0 200#3C00000000000000
(1790642416.050561) vcan0 300#FEDF000000000000
(1790642416.050571) vcan0 400#0400000000000000
(1790642416.061458) vcan0 300#FEDD000000000000
(1790642416.070611) vcan0 100#06C4000000000000
(1790642416.070661) vcan0 300#FEDC000000000000
(1790642416.081242) vcan0 300#FEDA000000000000
(1790642416.092941) vcan0 100#06CB000000000000
(1790642416.092956) vcan0 300#FED9000000000000
(1790642416.100330) vcan0 200#3C00000000000000
(1790642416.100364) vcan0 300#FED8000000000000
(1790642416.117494) vcan0 100#06D2000000000000
(1790642416.117545) vcan0 300#FED7000000000000
(1790642416.121274) vcan0 300#FED7000000000000
(1790642416.131350) vcan0 100#06D6000000000000
(1790642416.131374) vcan0 300#FED6000000000000
(1790642416.150933) vcan0 100#06DC000000000000
(1790642416.150975) vcan0 200#3C00000000000000
(1790642416.150992) vcan0 300#FED5000000000000
(1790642416.153680) vcan0 300#FED5000000000000
(1790642416.160438) vcan0 300#FED5000000000000
(1790642416.172147) vcan0 100#06E2000000000000
(1790642416.172511) vcan0 300#FED5000000000000
(1790642416.180789) vcan0 300#FED5000000000000
(1790642416.191217) vcan0 100#06E8000000000000
(1790642416.191310) vcan0 300#FED5000000000000
(1790642416.200310) vcan0 200#3C00000000000000
(1790642416.200420) vcan0 300#FED5000000000000
(1790642416.212126) vcan0 100#06EE000000000000
(1790642416.212226) vcan0 300#FED5000000000000
(1790642416.221347) vcan0 300#FED6000000000000
(1790642416.230673) vcan0 100#06F4000000000000
(1790642416.230712) vcan0 300#FED6000000000000
(1790642416.241597) vcan0 300#FED7000000000000
(1790642416.253777) vcan0 100#06FB000000000000
(1790642416.253841) vcan0 200#3C00000000000000
(1790642416.253871) vcan0 300#FED8000000000000
(1790642416.260458) vcan0 300#FED8000000000000
(1790642416.273127) vcan0 100#0700000000000000
(1790642416.273252) vcan0 300#FEDA000000000000
(1790642416.288263) vcan0 300#FEDB000000000000
(1790642416.291933) vcan0 100#0706000000000000
(1790642416.291981) vcan0 300#FEDC000000000000
(1790642416.302831) vcan0 200#3C00000000000000
(1790642416.302935) vcan0 300#FEDD000000000000
(1790642416.315465) vcan0 100#070D000000000000
(1790642416.315523) vcan0 300#FEDF000000000000
(1790642416.327713) vcan0 300#FEE1000000000000
(1790642416.331707) vcan0 100#0712000000000000
(1790642416.331761) vcan0 300#FEE2000000000000
(1790642416.340966) vcan0 300#FEE4000000000000
(1790642416.357061) vcan0 100#0719000000000000
(1790642416.357126) vcan0 200#3C00000000000000
(1790642416.357156) vcan0 300#FEE7000000000000
(1790642416.365366) vcan0 300#FEE9000000000000
(1790642416.371046) vcan0 100#071D000000000000
(1790642416.371148) vcan0 300#FEEA000000000000
(1790642416.380500) vcan0 300#FEEC000000000000
(1790642416.398089) vcan0 100#0726000000000000
(1790642416.398148) vcan0 300#FEF0000000000000
(1790642416.403147) vcan0 200#3C00000000000000
(1790642416.403215) vcan0 300#FEF2000000000000
(1790642416.410513) vcan0 100#0729000000000000
(1790642416.410612) vcan0 300#FEF4000000000000
(1790642416.420302) vcan0 300#FEF6000000000000
(1790642416.432596) vcan0 100#0730000000000000
(1790642416.432651) vcan0 300#FEFA000000000000
(1790642416.442220) vcan0 300#FEFD000000000000
(1790642416.451587) vcan0 100#0735000000000000
(1790642416.451697) vcan0 200#3C00000000000000
(1790642416.451739) vcan0 300#FF00000000000000
(1790642416.460080) vcan0 300#FF02000000000000
(1790642416.471540) vcan0 100#073B000000000000
(1790642416.471602) vcan0 300#FF06000000000000
(1790642416.481271) vcan0 300#FF09000000000000
(1790642416.493681) vcan0 100#0742000000000000
(1790642416.493827) vcan0 300#FF0D000000000000
(1790642416.508497) vcan0 200#3C00000000000000
(1790642416.508565) vcan0 300#FF13000000000000
(1790642416.511862) vcan0 100#0747000000000000
(1790642416.511972) vcan0 300#FF14000000000000
(1790642416.520160) vcan0 300#FF17000000000000
(1790642416.538903) vcan0 100#0750000000000000
(1790642416.538974) vcan0 300#FF1E000000000000
(1790642416.540883) vcan0 300#FF1F000000000000
(1790642416.566893) vcan0 100#0758000000000000
(1790642416.567033) vcan0 200#3C00000000000000
(1790642416.567083) vcan0 300#FF2A000000000000
(1790642416.567134) vcan0 400#0200000000000000
(1790642416.567172) vcan0 500#2000000000000000
(1790642416.581610) vcan0 100#075C000000000000
(1790642416.581756) vcan0 300#FF30000000000000
(1790642416.583657) vcan0 300#FF31000000000000
(1790642416.593872) vcan0 100#0760000000000000
(1790642416.593938) vcan0 300#FF35000000000000
(1790642416.595463) vcan0 300#FF36000000000000
(1790642416.600054) vcan0 200#3C00000000000000
(1790642416.600176) vcan0 300#FF38000000000000
(1790642416.610435) vcan0 100#0765000000000000
(1790642416.610545) vcan0 300#FF3D000000000000
(1790642416.621077) vcan0 300#FF42000000000000
(1790642416.632848) vcan0 100#076C000000000000
(1790642416.633000) vcan0 300#FF47000000000000
(1790642416.643405) vcan0 300#FF4C000000000000
(1790642416.659451) vcan0 100#0774000000000000
(1790642416.659520) vcan0 200#3C00000000000000
(1790642416.659550) vcan0 300#FF54000000000000
(1790642416.669554) vcan0 300#FF59000000000000
(1790642416.671557) vcan0 100#0777000000000000
(1790642416.671624) vcan0 300#FF5A000000000000
(1790642416.682177) vcan0 300#FF5F000000000000
(1790642416.690109) vcan0 100#077D000000000000
(1790642416.690155) vcan0 300#FF63000000000000
(1790642416.702665) vcan0 200#3C00000000000000
(1790642416.702778) vcan0 300#FF6A000000000000
(1790642416.710479) vcan0 100#0783000000000000
(1790642416.710585) vcan0 300#FF6E000000000000
(1790642416.723762) vcan0 300#FF75000000000000
(1790642416.734706) vcan0 100#078A000000000000
(1790642416.734761) vcan0 300#FF7B000000000000
(1790642416.740090) vcan0 300#FF7E000000000000
(1790642416.755419) vcan0 100#0790000000000000
(1790642416.755564) vcan0 200#3C00000000000000
(1790642416.755611) vcan0 300#FF86000000000000
(1790642416.763994) vcan0 300#FF8B000000000000
(1790642416.770105) vcan0 100#0795000000000000
(1790642416.770160) vcan0 300#FF8E000000000000
(1790642416.781754) vcan0 300#FF94000000000000
(1790642416.801507) vcan0 100#079E000000000000
(1790642416.801654) vcan0 200#3C00000000000000
(1790642416.801706) vcan0 300#FFA0000000000000
(1790642416.803953) vcan0 300#FFA1000000000000
(1790642416.811837) vcan0 100#07A1000000000000
(1790642416.811903) vcan0 300#FFA6000000000000
(1790642416.820697) vcan0 300#FFAB000000000000
(1790642416.839903) vcan0 100#07AA000000000000
(1790642416.840021) vcan0 300#FFB6000000000000
(1790642416.854984) vcan0 100#07AE000000000000
(1790642416.855050) vcan0 200#3C00000000000000
(1790642416.855064) vcan0 300#FFBF000000000000
(1790642416.856906) vcan0 300#FFC0000000000000
(1790642416.860550) vcan0 300#FFC2000000000000
(1790642416.871299) vcan0 100#07B3000000000000
(1790642416.871338) vcan0 300#FFC8000000000000
(1790642416.885160) vcan0 300#FFD0000000000000
(1790642416.891024) vcan0 100#07B9000000000000
(1790642416.891134) vcan0 300#FFD4000000000000
(1790642416.901242) vcan0 200#3C00000000000000
(1790642416.901356) vcan0 300#FFDA000000000000
(1790642416.913804) vcan0 100#07C0000000000000
(1790642416.913942) vcan0 300#FFE1000000000000
(1790642416.926127) vcan0 300#FFE9000000000000
(1790642416.930379) vcan0 100#07C5000000000000
(1790642416.930411) vcan0 300#FFEB000000000000
(1790642416.941675) vcan0 300#FFF2000000000000
(1790642416.955574) vcan0 100#07CC000000000000
(1790642416.955665) vcan0 200#3C00000000000000
(1790642416.955690) vcan0 300#FFFA000000000000
(1790642416.967140) vcan0 300#0000000000000000
(1790642416.976979) vcan0 100#07D3000000000000
(1790642416.977038) vcan0 300#0006000000000000
(1790642416.981062) vcan0 300#0009000000000000
(1790642416.995794) vcan0 100#07D8000000000000
(1790642416.995976) vcan0 300#0011000000000000
(1790642417.002892) vcan0 200#3B00000000000000
(1790642417.003026) vcan0 300#0016000000000000
(1790642417.010524) vcan0 100#07DD000000000000
(1790642417.010614) vcan0 300#001A000000000000
(1790642417.020236) vcan0 300#0020000000000000
(1790642417.031762) vcan0 100#07E3000000000000
(1790642417.031794) vcan0 300#0027000000000000
(1790642417.041558) vcan0 300#002D000000000000
(1790642417.051443) vcan0 100#07E9000000000000
(1790642417.051475) vcan0 200#3B00000000000000
(1790642417.051490) vcan0 300#0033000000000000
(1790642417.051506) vcan0 400#0200000000000000
(1790642417.060760) vcan0 300#0038000000000000
(1790642417.072304) vcan0 100#07EF000000000000
(1790642417.072335) vcan0 300#003F000000000000
(1790642417.080401) vcan0 300#0044000000000000
(1790642417.090752) vcan0 100#07F5000000000000
(1790642417.090815) vcan0 300#004A000000000000
(1790642417.101000) vcan0 200#3B00000000000000
(1790642417.101058) vcan0 300#0050000000000000
(1790642417.109963) vcan0 100#07FB000000000000
(1790642417.110159) vcan0 300#0055000000000000
(1790642417.121744) vcan0 300#005C000000000000
(1790642417.131888) vcan0 100#0801000000000000
(1790642417.132155) vcan0 300#0061000000000000
(1790642417.141546) vcan0 300#0067000000000000
(1790642417.151747) vcan0 100#0807000000000000
(1790642417.151798) vcan0 200#3B00000000000000
(1790642417.151813) vcan0 300#006C000000000000
(1790642417.163480) vcan0 300#0073000000000000
(1790642417.170395) vcan0 100#080D000000000000
(1790642417.170429) vcan0 300#0077000000000000
(1790642417.180702) vcan0 300#007C000000000000
(1790642417.190489) vcan0 100#0813000000000000
(1790642417.190508) vcan0 300#0082000000000000
(1790642417.200619) vcan0 200#3B00000000000000
(1790642417.200709) vcan0 300#0087000000000000
(1790642417.210614) vcan0 100#0819000000000000
(1790642417.210673) vcan0 300#008D000000000000
(1790642417.220380) vcan0 300#0092000000000000
(1790642417.230663) vcan0 100#081F000000000000
(1790642417.230720) vcan0 300#0097000000000000
(1790642417.240443) vcan0 300#009C000000000000
(1790642417.251655) vcan0 100#0825000000000000
(1790642417.251725) vcan0 200#3B00000000000000
(1790642417.251735) vcan0 300#00A2000000000000
(1790642417.260062) vcan0 300#00A6000000000000
(1790642417.270548) vcan0 100#082B000000000000
(1790642417.270623) vcan0 300#00AB000000000000
(1790642417.280153) vcan0 300#00B0000000000000
(1790642417.291493) vcan0 100#0831000000000000
(1790642417.291585) vcan0 300#00B5000000000000
(1790642417.300022) vcan0 200#3B00000000000000
(1790642417.300496) vcan0 300#00B9000000000000
(1790642417.311472) vcan0 100#0837000000000000
(1790642417.311591) vcan0 300#00BF000000000000
(1790642417.320957) vcan0 300#00C3000000000000
(1790642417.330314) vcan0 100#083D000000000000
(1790642417.330406) vcan0 300#00C7000000000000
(1790642417.341242) vcan0 300#00CC000000000000
(1790642417.350453) vcan0 100#0843000000000000
(1790642417.350554) vcan0 200#3B00000000000000
(1790642417.350568) vcan0 300#00D0000000000000
(1790642417.360506) vcan0 300#00D4000000000000
(1790642417.370175) vcan0 100#0849000000000000
(1790642417.370266) vcan0 300#00D8000000000000
(1790642417.380996) vcan0 300#00DD000000000000
(1790642417.390127) vcan0 100#084F000000000000
(1790642417.390218) vcan0 300#00E1000000000000
(1790642417.400392) vcan0 200#3B00000000000000
(1790642417.400447) vcan0 300#00E5000000000000
(1790642417.410792) vcan0 100#0855000000000000
(1790642417.410860) vcan0 300#00E9000000000000
(1790642417.420401) vcan0 300#00EC000000000000
(1790642417.431137) vcan0 100#085B000000000000
(1790642417.431218) vcan0 300#00F0000000000000
(1790642417.440698) vcan0 300#00F3000000000000
(1790642417.451606) vcan0 100#0861000000000000
(1790642417.451744) vcan0 200#3B00000000000000
(1790642417.451764) vcan0 300#00F7000000000000
(1790642417.460243) vcan0 300#00FA000000000000
(1790642417.471487) vcan0 100#0867000000000000
(1790642417.471579) vcan0 300#00FE000000000000
(1790642417.481074) vcan0 300#0101000000000000
(1790642417.490658) vcan0 100#086D000000000000
(1790642417.490686) vcan0 300#0104000000000000
(1790642417.500943) vcan0 200#3B00000000000000
(1790642417.501027) vcan0 300#0107000000000000
(1790642417.511439) vcan0 100#0873000000000000
(1790642417.511517) vcan0 300#010A000000000000
(1790642417.520072) vcan0 300#010C000000000000
(1790642417.530106) vcan0 100#0878000000000000
(1790642417.530191) vcan0 300#010F000000000000
(1790642417.540394) vcan0 300#0111000000000000
(1790642417.550862) vcan0 100#087F000000000000
(1790642417.550946) vcan0 200#3B00000000000000
(1790642417.550958) vcan0 300#0114000000000000
(1790642417.550972) vcan0 400#0200000000000000
(1790642417.550981) vcan0 500#2100000000000000
(1790642417.550990) vcan0 7DF#0201050000000000
(1790642417.560438) vcan0 300#0116000000000000
(1790642417.570724) vcan0 100#0885000000000000
(1790642417.570906) vcan0 300#0118000000000000
(1790642417.579962) vcan0 300#011A000000000000
(1790642417.591862) vcan0 100#088B000000000000
(1790642417.592007) vcan0 300#011C000000000000
(1790642417.600810) vcan0 200#3B00000000000000
(1790642417.601006) vcan0 300#011E000000000000
(1790642417.612924) vcan0 100#0891000000000000
(1790642417.613060) vcan0 300#0120000000000000
(1790642417.621224) vcan0 300#0121000000000000
(1790642417.630821) vcan0 100#0896000000000000
(1790642417.630899) vcan0 300#0123000000000000
(1790642417.640618) vcan0 300#0124000000000000
(1790642417.651035) vcan0 100#089C000000000000
(1790642417.651058) vcan0 200#3B00000000000000
(1790642417.651066) vcan0 300#0125000000000000
(1790642417.660141) vcan0 300#0127000000000000
(1790642417.683870) vcan0 100#08A6000000000000
(1790642417.683892) vcan0 300#0129000000000000
(1790642417.685164) vcan0 300#0129000000000000
(1790642417.695873) vcan0 100#08AA000000000000
(1790642417.695894) vcan0 300#012A000000000000
(1790642417.700928) vcan0 200#3B00000000000000
(1790642417.700946) vcan0 300#012A000000000000
(1790642417.711220) vcan0 100#08AE000000000000
(1790642417.711244) vcan0 300#012B000000000000
(1790642417.720371) vcan0 300#012B000000000000
(1790642417.735677) vcan0 100#08B6000000000000
(1790642417.735763) vcan0 300#012B000000000000
(1790642417.740146) vcan0 300#012B000000000000
(1790642417.750556) vcan0 100#08BA000000000000
(1790642417.750657) vcan0 200#3B00000000000000
(1790642417.750681) vcan0 300#012B000000000000
(1790642417.760920) vcan0 300#012B000000000000
(1790642417.775843) vcan0 100#08C1000000000000
(1790642417.775941) vcan0 300#012B000000000000
(1790642417.780575) vcan0 300#012B000000000000
(1790642417.790372) vcan0 100#08C6000000000000
(1790642417.790434) vcan0 300#012B000000000000
(1790642417.800564) vcan0 200#3B00000000000000
(1790642417.800612) vcan0 300#012A000000000000
(1790642417.810060) vcan0 100#08CC000000000000
(1790642417.810109) vcan0 300#0129000000000000
(1790642417.820201) vcan0 300#0129000000000000
(1790642417.832255) vcan0 100#08D2000000000000
(1790642417.832306) vcan0 300#0128000000000000
(1790642417.843881) vcan0 300#0126000000000000
(1790642417.853225) vcan0 100#08D8000000000000
(1790642417.853254) vcan0 200#3B00000000000000
(1790642417.853265) vcan0 300#0125000000000000
(1790642417.863882) vcan0 300#0124000000000000
(1790642417.879625) vcan0 100#08E0000000000000
(1790642417.879659) vcan0 300#0122000000000000
(1790642417.894979) vcan0 100#08E5000000000000
(1790642417.895033) vcan0 300#011F000000000000
(1790642417.896725) vcan0 300#011F000000000000
(1790642417.901104) vcan0 200#3B00000000000000
(1790642417.901147) vcan0 300#011E000000000000
(1790642417.911918) vcan0 100#08EA000000000000
(1790642417.912035) vcan0 300#011C000000000000
(1790642417.922881) vcan0 300#011A000000000000
(1790642417.932855) vcan0 100#08F0000000000000
(1790642417.932942) vcan0 300#0118000000000000
(1790642417.940140) vcan0 300#0116000000000000
(1790642417.951155) vcan0 100#08F5000000000000
(1790642417.951220) vcan0 200#3B00000000000000
(1790642417.951239) vcan0 300#0114000000000000
(1790642417.960896) vcan0 300#0112000000000000
(1790642417.970192) vcan0 100#08FB000000000000
(1790642417.970250) vcan0 300#010F000000000000
(1790642417.980464) vcan0 300#010D000000000000
(1790642417.992691) vcan0 100#0901000000000000
(1790642417.992719) vcan0 300#0109000000000000
(1790642418.000685) vcan0 200#3A00000000000000
(1790642418.000747) vcan0 300#0107000000000000
(1790642418.010649) vcan0 100#0907000000000000
(1790642418.010852) vcan0 300#0104000000000000
(1790642418.020227) vcan0 300#0101000000000000
(1790642418.030081) vcan0 100#090C000000000000
(1790642418.030149) vcan0 300#00FE000000000000
(1790642418.040984) vcan0 300#00FB000000000000
(1790642418.051241) vcan0 100#0913000000000000
(1790642418.051315) vcan0 200#3A00000000000000
(1790642418.051325) vcan0 300#00F7000000000000
(1790642418.051337) vcan0 400#0400000000000000
(1790642418.060008) vcan0 300#00F4000000000000
(1790642418.070747) vcan0 100#0918000000000000
(1790642418.070805) vcan0 300#00F0000000000000
(1790642418.080654) vcan0 300#00ED000000000000
(1790642418.090541) vcan0 100#091E000000000000
(1790642418.090602) vcan0 300#00E9000000000000
(1790642418.100522) vcan0 200#3A00000000000000
(1790642418.100579) vcan0 300#00E5000000000000
(1790642418.110299) vcan0 100#0924000000000000
(1790642418.110353) vcan0 300#00E1000000000000
(1790642418.120964) vcan0 300#00DD000000000000
(1790642418.130225) vcan0 100#092A000000000000
(1790642418.130288) vcan0 300#00D9000000000000
(1790642418.141161) vcan0 300#00D5000000000000
(1790642418.150139) vcan0 100#092F000000000000
(1790642418.150247) vcan0 200#3A00000000000000
(1790642418.150261) vcan0 300#00D1000000000000
(1790642418.160414) vcan0 300#00CD000000000000
(1790642418.170290) vcan0 100#0935000000000000
(1790642418.170445) vcan0 300#00C8000000000000
(1790642418.180637) vcan0 300#00C4000000000000
(1790642418.190154) vcan0 100#093B000000000000
(1790642418.190291) vcan0 300#00BF000000000000
(1790642418.201062) vcan0 200#3A00000000000000
(1790642418.201209) vcan0 300#00BA000000000000
(1790642418.210149) vcan0 100#0941000000000000
(1790642418.210308) vcan0 300#00B6000000000000
(1790642418.220445) vcan0 300#00B1000000000000
(1790642418.230749) vcan0 100#0947000000000000
(1790642418.230876) vcan0 300#00AC000000000000
(1790642418.240096) vcan0 300#00A7000000000000
(1790642418.250793) vcan0 100#094D000000000000
(1790642418.250932) vcan0 200#3A00000000000000
(1790642418.250951) vcan0 300#00A2000000000000
(1790642418.261278) vcan0 300#009D000000000000
(1790642418.270344) vcan0 100#0952000000000000
(1790642418.270450) vcan0 300#0098000000000000
(1790642418.281443) vcan0 300#0092000000000000
(1790642418.290548) vcan0 100#0958000000000000
(1790642418.290653) vcan0 300#008D000000000000
(1790642418.300363) vcan0 200#3A00000000000000
(1790642418.300457) vcan0 300#0088000000000000
(1790642418.310822) vcan0 100#095E000000000000
(1790642418.310954) vcan0 300#0082000000000000
(1790642418.320967) vcan0 300#007D000000000000
(1790642418.330173) vcan0 100#0964000000000000
(1790642418.330279) vcan0 300#0078000000000000
(1790642418.340130) vcan0 300#0072000000000000
(1790642418.350236) vcan0 100#096A000000000000
(1790642418.350297) vcan0 200#3A00000000000000
(1790642418.350305) vcan0 300#006D000000000000
(1790642418.360496) vcan0 300#0067000000000000
(1790642418.371292) vcan0 100#0970000000000000
(1790642418.371373) vcan0 300#0061000000000000
(1790642418.381017) vcan0 300#005B000000000000
(1790642418.390637) vcan0 100#0975000000000000
(1790642418.390729) vcan0 300#0056000000000000
(1790642418.400347) vcan0 200#3A00000000000000
(1790642418.400434) vcan0 300#0050000000000000
(1790642418.410160) vcan0 100#097B000000000000
(1790642418.410235) vcan0 300#004B000000000000
(1790642418.420893) vcan0 300#0044000000000000
(1790642418.430104) vcan0 100#0981000000000000
(1790642418.430246) vcan0 300#003F000000000000
(1790642418.440989) vcan0 300#0039000000000000
(1790642418.450202) vcan0 100#0986000000000000
(1790642418.450310) vcan0 200#3A00000000000000
(1790642418.450328) vcan0 300#0033000000000000
(1790642418.461598) vcan0 300#002C000000000000
(1790642418.470861) vcan0 100#098C000000000000
(1790642418.471012) vcan0 300#0027000000000000
(1790642418.480586) vcan0 300#0021000000000000
(1790642418.490749) vcan0 100#0992000000000000
(1790642418.490879) vcan0 300#001B000000000000
(1790642418.500492) vcan0 200#3A00000000000000
(1790642418.500693) vcan0 300#0015000000000000
(1790642418.510885) vcan0 100#0998000000000000
(1790642418.511002) vcan0 300#000F000000000000
(1790642418.521104) vcan0 300#0009000000000000
(1790642418.531163) vcan0 100#099D000000000000
(1790642418.531291) vcan0 300#0003000000000000
(1790642418.541538) vcan0 300#FFFE000000000000
(1790642418.550953) vcan0 100#09A3000000000000
(1790642418.551065) vcan0 200#3A00000000000000
(1790642418.551080) vcan0 300#FFF8000000000000
(1790642418.551092) vcan0 400#0400000000000000
(1790642418.551100) vcan0 500#2200000000000000
(1790642418.561439) vcan0 300#FFF2000000000000
(1790642418.570629) vcan0 100#09A9000000000000
(1790642418.570809) vcan0 300#FFEC000000000000
(1790642418.581920) vcan0 300#FFE5000000000000
(1790642418.591051) vcan0 100#09AE000000000000
(1790642418.591244) vcan0 300#FFE0000000000000
(1790642418.600453) vcan0 200#3A00000000000000
(1790642418.600592) vcan0 300#FFDA000000000000
(1790642418.610635) vcan0 100#09B4000000000000
(1790642418.610745) vcan0 300#FFD4000000000000
(1790642418.620009) vcan0 300#FFCF000000000000
(1790642418.630343) vcan0 100#09BA000000000000
(1790642418.630460) vcan0 300#FFC9000000000000
(1790642418.640022) vcan0 300#FFC3000000000000
(1790642418.650317) vcan0 100#09BF000000000000
(1790642418.650394) vcan0 200#3A00000000000000
(1790642418.650406) vcan0 300#FFBD000000000000
(1790642418.661297) vcan0 300#FFB7000000000000
(1790642418.671119) vcan0 100#09C5000000000000
(1790642418.671222) vcan0 300#FFB1000000000000
(1790642418.680629) vcan0 300#FFAB000000000000
(1790642418.691114) vcan0 100#09CB000000000000
(1790642418.691214) vcan0 300#FFA5000000000000
(1790642418.701728) vcan0 200#3A00000000000000
(1790642418.701824) vcan0 300#FF9F000000000000
(1790642418.710829) vcan0 100#09D0000000000000
(1790642418.710930) vcan0 300#FF9A000000000000
(1790642418.720462) vcan0 300#FF95000000000000
(1790642418.730008) vcan0 100#09D6000000000000
(1790642418.730154) vcan0 300#FF8F000000000000
(1790642418.740475) vcan0 300#FF8A000000000000
(1790642418.751129) vcan0 100#09DC000000000000
(1790642418.751276) vcan0 200#3A00000000000000
(1790642418.751320) vcan0 300#FF84000000000000
(1790642418.760713) vcan0 300#FF7F000000000000
(1790642418.770648) vcan0 100#09E1000000000000
(1790642418.770757) vcan0 300#FF79000000000000
(1790642418.780730) vcan0 300#FF74000000000000
(1790642418.790528) vcan0 100#09E7000000000000
(1790642418.790629) vcan0 300#FF6F000000000000
(1790642418.800574) vcan0 200#3A00000000000000
(1790642418.800654) vcan0 300#FF69000000000000
(1790642418.810332) vcan0 100#09EC000000000000
(1790642418.810411) vcan0 300#FF64000000000000
(1790642418.821019) vcan0 300#FF5F000000000000
(1790642418.831524) vcan0 100#09F2000000000000
(1790642418.831627) vcan0 300#FF5A000000000000
(1790642418.840392) vcan0 300#FF55000000000000
(1790642418.850529) vcan0 100#09F8000000000000
(1790642418.850612) vcan0 200#3A00000000000000
(1790642418.850623) vcan0 300#FF50000000000000
(1790642418.859961) vcan0 300#FF4C000000000000
(1790642418.870738) vcan0 100#09FD000000000000
(1790642418.870830) vcan0 300#FF47000000000000
(1790642418.881401) vcan0 300#FF42000000000000
(1790642418.890007) vcan0 100#0A03000000000000
(1790642418.890097) vcan0 300#FF3E000000000000
(1790642418.899958) vcan0 200#3A00000000000000
(1790642418.900427) vcan0 300#FF39000000000000
(1790642418.910015) vcan0 100#0A08000000000000
(1790642418.910110) vcan0 300#FF35000000000000
(1790642418.919969) vcan0 300#FF30000000000000
(1790642418.929992) vcan0 100#0A0E000000000000
(1790642418.930126) vcan0 300#FF2C000000000000
(1790642418.940102) vcan0 300#FF28000000000000
(1790642418.950385) vcan0 100#0A13000000000000
(1790642418.950482) vcan0 200#3A00000000000000
(1790642418.950495) vcan0 300#FF24000000000000
(1790642418.960504) vcan0 300#FF20000000000000
(1790642418.970803) vcan0 100#0A19000000000000
(1790642418.970876) vcan0 300#FF1C000000000000
(1790642418.980398) vcan0 300#FF18000000000000
(1790642418.991195) vcan0 100#0A1F000000000000
(1790642418.991283) vcan0 300#FF14000000000000
(1790642419.000586) vcan0 200#3900000000000000
(1790642419.000678) vcan0 300#FF10000000000000
(1790642419.011238) vcan0 100#0A24000000000000
(1790642419.011348) vcan0 300#FF0D000000000000
(1790642419.020811) vcan0 300#FF09000000000000
(1790642419.030320) vcan0 100#0A29000000000000
(1790642419.030440) vcan0 300#FF06000000000000
(1790642419.040454) vcan0 300#FF03000000000000
(1790642419.050768) vcan0 100#0A2F000000000000
(1790642419.050857) vcan0 200#3900000000000000
(1790642419.050869) vcan0 300#FF00000000000000
(1790642419.050882) vcan0 400#0000000000000000
(1790642419.061585) vcan0 300#FEFC000000000000
(1790642419.070546) vcan0 100#0A34000000000000
(1790642419.070648) vcan0 300#FEFA000000000000
(1790642419.080448) vcan0 300#FEF7000000000000
(1790642419.091738) vcan0 100#0A3A000000000000
(1790642419.091895) vcan0 300#FEF4000000000000
(1790642419.100538) vcan0 200#3900000000000000
(1790642419.100660) vcan0 300#FEF1000000000000
(1790642419.110755) vcan0 100#0A3F000000000000
(1790642419.110882) vcan0 300#FEEF000000000000
(1790642419.120542) vcan0 300#FEED000000000000
(1790642419.130181) vcan0 100#0A45000000000000
(1790642419.130299) vcan0 300#FEEA000000000000
(1790642419.140628) vcan0 300#FEE8000000000000
(1790642419.150253) vcan0 100#0A4A000000000000
(1790642419.150390) vcan0 200#3900000000000000
(1790642419.150434) vcan0 300#FEE6000000000000
(1790642419.160581) vcan0 300#FEE4000000000000
(1790642419.170905) vcan0 100#0A50000000000000
(1790642419.170998) vcan0 300#FEE2000000000000
(1790642419.180062) vcan0 300#FEE1000000000000
(1790642419.190780) vcan0 100#0A55000000000000
(1790642419.190834) vcan0 300#FEDF000000000000
(1790642419.200875) vcan0 200#3900000000000000
(1790642419.200933) vcan0 300#FEDD000000000000
(1790642419.211588) vcan0 100#0A5B000000000000
(1790642419.211652) vcan0 300#FEDC000000000000
(1790642419.219953) vcan0 300#FEDB000000000000
(1790642419.230883) vcan0 100#0A60000000000000
(1790642419.230940) vcan0 300#FED9000000000000
(1790642419.240939) vcan0 300#FED8000000000000
(1790642419.250497) vcan0 100#0A65000000000000
(1790642419.250559) vcan0 200#3900000000000000
(1790642419.250568) vcan0 300#FED8000000000000
(1790642419.260430) vcan0 300#FED7000000000000
(1790642419.271794) vcan0 100#0A6B000000000000
(1790642419.271852) vcan0 300#FED6000000000000
(1790642419.280727) vcan0 300#FED6000000000000
(1790642419.290932) vcan0 100#0A70000000000000
(1790642419.290988) vcan0 300#FED5000000000000
(1790642419.300608) vcan0 200#3900000000000000
(1790642419.300669) vcan0 300#FED5000000000000
(1790642419.310819) vcan0 100#0A75000000000000
(1790642419.310876) vcan0 300#FED5000000000000
(1790642419.320576) vcan0 300#FED5000000000000
(1790642419.331750) vcan0 100#0A7B000000000000
(1790642419.331768) vcan0 300#FED5000000000000
(1790642419.340641) vcan0 300#FED5000000000000
(1790642419.350770) vcan0 100#0A80000000000000
(1790642419.350827) vcan0 200#3900000000000000
(1790642419.350835) vcan0 300#FED5000000000000
(1790642419.360425) vcan0 300#FED5000000000000
(1790642419.370662) vcan0 100#0A85000000000000
(1790642419.370717) vcan0 300#FED6000000000000
(1790642419.381285) vcan0 300#FED7000000000000
(1790642419.391510) vcan0 100#0A8B000000000000
(1790642419.391566) vcan0 300#FED7000000000000
(1790642419.400995) vcan0 200#3900000000000000
(1790642419.401059) vcan0 300#FED8000000000000
(1790642419.410823) vcan0 100#0A90000000000000
(1790642419.410883) vcan0 300#FED9000000000000
