(1790642514.171584) vcan0 300#012B000000000000
(1790642514.182841) vcan0 100#0BF7000000000000
(1790642514.182864) vcan0 300#012B000000000000
(1790642514.191214) vcan0 200#3F00000000000000
(1790642514.191279) vcan0 300#012B000000000000
(1790642514.200727) vcan0 100#0BFB000000000000
(1790642514.200750) vcan0 300#012B000000000000
(1790642514.212038) vcan0 300#012A000000000000
(1790642514.222081) vcan0 100#0C00000000000000
(1790642514.222123) vcan0 300#012A000000000000
(1790642514.232163) vcan0 300#0129000000000000
(1790642514.241735) vcan0 100#0C04000000000000
(1790642514.241796) vcan0 200#3F00000000000000
(1790642514.241812) vcan0 300#0128000000000000
(1790642514.241830) vcan0 400#0000000000000000
(1790642514.241844) vcan0 500#0500000000000000
(1790642514.241856) vcan0 7DF#0201050000000000
(1790642514.251296) vcan0 300#0127000000000000
(1790642514.262033) vcan0 100#0C08000000000000
(1790642514.262075) vcan0 300#0126000000000000
(1790642514.272663) vcan0 300#0125000000000000
(1790642514.280933) vcan0 100#0C0C000000000000
(1790642514.281006) vcan0 300#0124000000000000
(1790642514.293573) vcan0 200#3F00000000000000
(1790642514.293642) vcan0 300#0122000000000000
(1790642514.300508) vcan0 100#0C10000000000000
(1790642514.300569) vcan0 300#0121000000000000
(1790642514.314645) vcan0 300#011F000000000000
(1790642514.325305) vcan0 100#0C15000000000000
(1790642514.325360) vcan0 300#011D000000000000
(1790642514.335609) vcan0 300#011B000000000000
(1790642514.341068) vcan0 100#0C18000000000000
(1790642514.341182) vcan0 200#3F00000000000000
(1790642514.341226) vcan0 300#011A000000000000
(1790642514.360119) vcan0 300#0116000000000000
(1790642514.375830) vcan0 100#0C1F000000000000
(1790642514.375896) vcan0 300#0112000000000000
(1790642514.387487) vcan0 100#0C22000000000000
(1790642514.387630) vcan0 300#010F000000000000
(1790642514.398706) vcan0 200#4000000000000000
(1790642514.398828) vcan0 300#010C000000000000
(1790642514.400773) vcan0 100#0C24000000000000
(1790642514.400897) vcan0 300#010B000000000000
(1790642514.402434) vcan0 300#010B000000000000
(1790642514.412452) vcan0 300#0108000000000000
(1790642514.420639) vcan0 100#0C28000000000000
(1790642514.420765) vcan0 300#0106000000000000
(1790642514.432598) vcan0 300#0102000000000000
(1790642514.448506) vcan0 100#0C2E000000000000
(1790642514.448575) vcan0 200#4000000000000000
(1790642514.448606) vcan0 300#00FD000000000000
(1790642514.457404) vcan0 300#00FA000000000000
(1790642514.461302) vcan0 100#0C31000000000000
(1790642514.461375) vcan0 300#00F9000000000000
(1790642514.471716) vcan0 300#00F6000000000000
(1790642514.486206) vcan0 100#0C36000000000000
(1790642514.486338) vcan0 300#00F1000000000000
(1790642514.498308) vcan0 200#4000000000000000
(1790642514.498530) vcan0 300#00EC000000000000
(1790642514.506674) vcan0 100#0C3A000000000000
(1790642514.506816) vcan0 300#00E9000000000000
(1790642514.511407) vcan0 300#00E7000000000000
(1790642514.526348) vcan0 100#0C3D000000000000
(1790642514.526490) vcan0 300#00E1000000000000
(1790642514.534890) vcan0 300#00DE000000000000
(1790642514.540832) vcan0 100#0C40000000000000
(1790642514.540881) vcan0 200#4000000000000000
(1790642514.540901) vcan0 300#00DC000000000000
(1790642514.553061) vcan0 300#00D7000000000000
(1790642514.560466) vcan0 100#0C44000000000000
(1790642514.560569) vcan0 300#00D3000000000000
(1790642514.584920) vcan0 100#0C49000000000000
(1790642514.585065) vcan0 300#00C9000000000000
(1790642514.586891) vcan0 300#00C8000000000000
(1790642514.590905) vcan0 200#4000000000000000
(1790642514.590968) vcan0 300#00C6000000000000
(1790642514.603592) vcan0 100#0C4D000000000000
(1790642514.603711) vcan0 300#00C0000000000000
(1790642514.617883) vcan0 300#00BA000000000000
(1790642514.626201) vcan0 100#0C51000000000000
(1790642514.626261) vcan0 300#00B6000000000000
(1790642514.632283) vcan0 300#00B3000000000000
(1790642514.649925) vcan0 100#0C55000000000000
(1790642514.650027) vcan0 200#4000000000000000
(1790642514.650058) vcan0 300#00AA000000000000
(1790642514.652341) vcan0 300#00A9000000000000
(1790642514.663127) vcan0 100#0C58000000000000
(1790642514.663254) vcan0 300#00A4000000000000
(1790642514.674020) vcan0 300#009E000000000000
(1790642514.682051) vcan0 100#0C5C000000000000
(1790642514.682214) vcan0 300#009A000000000000
(1790642514.692847) vcan0 200#4000000000000000
(1790642514.692933) vcan0 300#0095000000000000
(1790642514.700564) vcan0 100#0C5F000000000000
(1790642514.700674) vcan0 300#0091000000000000
(1790642514.712975) vcan0 300#008A000000000000
(1790642514.725690) vcan0 100#0C64000000000000
(1790642514.725807) vcan0 300#0083000000000000
(1790642514.731983) vcan0 300#0080000000000000
(1790642514.746171) vcan0 100#0C68000000000000
(1790642514.746255) vcan0 200#4000000000000000
(1790642514.746289) vcan0 300#0078000000000000
(1790642514.746329) vcan0 400#0000000000000000
(1790642514.750912) vcan0 300#0075000000000000
(1790642514.764460) vcan0 100#0C6B000000000000
(1790642514.764604) vcan0 300#006E000000000000
(1790642514.774476) vcan0 300#0068000000000000
(1790642514.783436) vcan0 100#0C6E000000000000
(1790642514.783564) vcan0 300#0063000000000000
(1790642514.790449) vcan0 200#4000000000000000
(1790642514.790487) vcan0 300#005F000000000000
(1790642514.805353) vcan0 100#0C72000000000000
(1790642514.805497) vcan0 300#0057000000000000
(1790642514.810982) vcan0 300#0053000000000000
(1790642514.824854) vcan0 100#0C76000000000000
(1790642514.824915) vcan0 300#004B000000000000
(1790642514.831547) vcan0 300#0048000000000000
(1790642514.841013) vcan0 100#0C79000000000000
(1790642514.841099) vcan0 200#4000000000000000
(1790642514.841132) vcan0 300#0042000000000000
(1790642514.856360) vcan0 300#0039000000000000
(1790642514.870054) vcan0 100#0C7E000000000000
(1790642514.870118) vcan0 300#0031000000000000
(1790642514.872054) vcan0 300#0030000000000000
(1790642514.882214) vcan0 100#0C80000000000000
(1790642514.882347) vcan0 300#002A000000000000
(1790642514.892771) vcan0 200#4000000000000000
(1790642514.892889) vcan0 300#0023000000000000
(1790642514.909596) vcan0 100#0C85000000000000
(1790642514.909728) vcan0 300#0019000000000000
(1790642514.922463) vcan0 100#0C88000000000000
(1790642514.922605) vcan0 300#0012000000000000
(1790642514.924593) vcan0 300#0010000000000000
(1790642514.933431) vcan0 300#000B000000000000
(1790642514.942147) vcan0 100#0C8B000000000000
(1790642514.942207) vcan0 200#4000000000000000
(1790642514.942231) vcan0 300#0006000000000000
(1790642514.954771) vcan0 300#FFFF000000000000
(1790642514.961414) vcan0 100#0C8F000000000000
(1790642514.961540) vcan0 300#FFFB000000000000
(1790642514.982176) vcan0 100#0C92000000000000
(1790642514.982272) vcan0 300#FFEF000000000000
(1790642514.984043) vcan0 300#FFEE000000000000
(1790642514.997070) vcan0 200#4000000000000000
(1790642514.997134) vcan0 300#FFE6000000000000
(1790642515.001242) vcan0 100#0C95000000000000
(1790642515.001383) vcan0 300#FFE4000000000000
(1790642515.011553) vcan0 300#FFDD000000000000
(1790642515.024750) vcan0 100#0C9A000000000000
(1790642515.024886) vcan0 300#FFD6000000000000
(1790642515.030487) vcan0 300#FFD2000000000000
(1790642515.041129) vcan0 100#0C9C000000000000
(1790642515.041287) vcan0 200#4000000000000000
(1790642515.041346) vcan0 300#FFCC000000000000
(1790642515.050568) vcan0 300#FFC6000000000000
(1790642515.179148) vcan0 100#0CB4000000000000
(1790642515.179223) vcan0 200#4000000000000000
(1790642515.179255) vcan0 300#FF7D000000000000
(1790642515.180730) vcan0 100#0CB4000000000000
(1790642515.180844) vcan0 200#4000000000000000
(1790642515.180892) vcan0 300#FF7C000000000000
(1790642515.182405) vcan0 100#0CB4000000000000
(1790642515.182474) vcan0 300#FF7C000000000000
(1790642515.184124) vcan0 100#0CB4000000000000
(1790642515.184172) vcan0 300#FF7B000000000000
(1790642515.185714) vcan0 100#0CB5000000000000
(1790642515.185756) vcan0 300#FF7A000000000000
(1790642515.187007) vcan0 100#0CB5000000000000
(1790642515.187061) vcan0 300#FF79000000000000
(1790642515.188535) vcan0 100#0CB5000000000000
(1790642515.188897) vcan0 300#FF78000000000000
(1790642515.191062) vcan0 200#4000000000000000
(1790642515.191128) vcan0 300#FF77000000000000
(1790642515.193036) vcan0 300#FF76000000000000
(1790642515.195395) vcan0 300#FF75000000000000
(1790642515.197373) vcan0 300#FF74000000000000
(1790642515.199124) vcan0 300#FF73000000000000
(1790642515.201220) vcan0 100#0CB7000000000000
(1790642515.201283) vcan0 300#FF72000000000000
(1790642515.206721) vcan0 300#FF6F000000000000
(1790642515.210709) vcan0 300#FF6D000000000000
(1790642515.213589) vcan0 300#FF6B000000000000
(1790642515.220470) vcan0 100#0CBA000000000000
(1790642515.220552) vcan0 300#FF67000000000000
(1790642515.230505) vcan0 300#FF62000000000000
(1790642515.240696) vcan0 100#0CBE000000000000
(1790642515.240723) vcan0 200#4000000000000000
(1790642515.240733) vcan0 300#FF5D000000000000
(1790642515.240747) vcan0 400#0000000000000000
(1790642515.240755) vcan0 500#0600000000000000
(1790642515.252773) vcan0 300#FF57000000000000
(1790642515.260927) vcan0 100#0CC1000000000000
(1790642515.260982) vcan0 300#FF53000000000000
(1790642515.271615) vcan0 300#FF4E000000000000
(1790642515.282949) vcan0 100#0CC5000000000000
(1790642515.282992) vcan0 300#FF49000000000000
(1790642515.292927) vcan0 200#4000000000000000
(1790642515.292998) vcan0 300#FF44000000000000
(1790642515.301320) vcan0 100#0CC7000000000000
(1790642515.301404) vcan0 300#FF40000000000000
(1790642515.310795) vcan0 300#FF3C000000000000
(1790642515.322300) vcan0 100#0CCB000000000000
(1790642515.322353) vcan0 300#FF36000000000000
(1790642515.332851) vcan0 300#FF32000000000000
(1790642515.342682) vcan0 100#0CCE000000000000
(1790642515.342893) vcan0 200#4000000000000000
(1790642515.342930) vcan0 300#FF2E000000000000
(1790642515.363692) vcan0 100#0CD1000000000000
(1790642515.363877) vcan0 300#FF25000000000000
(1790642515.378093) vcan0 300#FF1F000000000000
(1790642515.380016) vcan0 300#FF1E000000000000
(1790642515.388784) vcan0 100#0CD5000000000000
(1790642515.388849) vcan0 300#FF1B000000000000
(1790642515.390756) vcan0 200#4000000000000000
(1790642515.390861) vcan0 300#FF1A000000000000
(1790642515.400523) vcan0 100#0CD7000000000000
(1790642515.400641) vcan0 300#FF16000000000000
(1790642515.410735) vcan0 300#FF13000000000000
(1790642515.506503) vcan0 100#0CE7000000000000
(1790642515.507104) vcan0 200#4100000000000000
(1790642515.507141) vcan0 300#FEF4000000000000
(1790642515.509242) vcan0 100#0CE7000000000000
(1790642515.509351) vcan0 200#4100000000000000
(1790642515.509391) vcan0 300#FEF3000000000000
(1790642515.511099) vcan0 100#0CE8000000000000
(1790642515.511180) vcan0 300#FEF3000000000000
(1790642515.513512) vcan0 100#0CE8000000000000
(1790642515.513628) vcan0 300#FEF2000000000000
(1790642515.514970) vcan0 100#0CE8000000000000
(1790642515.515068) vcan0 300#FEF2000000000000
(1790642515.516833) vcan0 300#FEF1000000000000
(1790642515.519723) vcan0 300#FEF1000000000000
(1790642515.521901) vcan0 100#0CE9000000000000
(1790642515.522015) vcan0 300#FEF0000000000000
(1790642515.523687) vcan0 300#FEF0000000000000
(1790642515.530406) vcan0 300#FEEE000000000000
(1790642515.532432) vcan0 300#FEEE000000000000
(1790642515.535842) vcan0 300#FEED000000000000
(1790642515.541014) vcan0 100#0CEC000000000000
(1790642515.541144) vcan0 200#4100000000000000
(1790642515.541191) vcan0 300#FEEC000000000000
(1790642515.557634) vcan0 300#FEE8000000000000
(1790642515.560494) vcan0 100#0CEF000000000000
(1790642515.560603) vcan0 300#FEE7000000000000
(1790642515.571124) vcan0 300#FEE5000000000000
(1790642515.585151) vcan0 100#0CF3000000000000
(1790642515.585295) vcan0 300#FEE2000000000000
(1790642515.596589) vcan0 200#4100000000000000
(1790642515.596716) vcan0 300#FEE0000000000000
(1790642515.600939) vcan0 100#0CF5000000000000
(1790642515.601060) vcan0 300#FEE0000000000000
(1790642515.622306) vcan0 100#0CF8000000000000
(1790642515.622447) vcan0 300#FEDD000000000000
(1790642515.624966) vcan0 300#FEDC000000000000
(1790642515.637013) vcan0 300#FEDB000000000000
(1790642515.641095) vcan0 100#0CFB000000000000
(1790642515.641159) vcan0 200#4100000000000000
(1790642515.641190) vcan0 300#FEDA000000000000
(1790642515.663073) vcan0 100#0CFE000000000000
(1790642515.663198) vcan0 300#FED8000000000000
(1790642515.678001) vcan0 300#FED7000000000000
(1790642515.679918) vcan0 300#FED7000000000000
(1790642515.690427) vcan0 100#0D01000000000000
(1790642515.690563) vcan0 300#FED6000000000000
(1790642515.692396) vcan0 200#4100000000000000
(1790642515.692519) vcan0 300#FED6000000000000
(1790642515.700683) vcan0 100#0D03000000000000
(1790642515.700809) vcan0 300#FED5000000000000
(1790642515.723396) vcan0 100#0D06000000000000
(1790642515.723564) vcan0 300#FED5000000000000
(1790642515.736684) vcan0 300#FED5000000000000
(1790642515.738508) vcan0 300#FED5000000000000
(1790642515.740539) vcan0 100#0D08000000000000
(1790642515.740672) vcan0 200#4100000000000000
(1790642515.740726) vcan0 300#FED5000000000000
(1790642515.740781) vcan0 400#0200000000000000
(1790642515.758560) vcan0 300#FED5000000000000
(1790642515.760538) vcan0 100#0D0B000000000000
(1790642515.760596) vcan0 300#FED5000000000000
(1790642515.771864) vcan0 300#FED5000000000000
(1790642515.780669) vcan0 100#0D0E000000000000
(1790642515.780799) vcan0 300#FED6000000000000
(1790642515.796654) vcan0 200#4100000000000000
(1790642515.796789) vcan0 300#FED7000000000000
(1790642515.800779) vcan0 100#0D10000000000000
(1790642515.800902) vcan0 300#FED7000000000000
(1790642515.810731) vcan0 300#FED8000000000000
(1790642515.823536) vcan0 100#0D13000000000000
(1790642515.823605) vcan0 300#FED9000000000000
(1790642515.830567) vcan0 300#FEDA000000000000
(1790642515.847695) vcan0 100#0D17000000000000
(1790642515.847852) vcan0 200#4100000000000000
(1790642515.847908) vcan0 300#FEDC000000000000
(1790642515.865076) vcan0 100#0D19000000000000
(1790642515.865214) vcan0 300#FEDE000000000000
(1790642515.867888) vcan0 300#FEDF000000000000
(1790642515.879629) vcan0 300#FEE0000000000000
(1790642515.889138) vcan0 100#0D1C000000000000
(1790642515.889204) vcan0 300#FEE2000000000000
(1790642515.897172) vcan0 200#4100000000000000
(1790642515.897346) vcan0 300#FEE4000000000000
(1790642515.903347) vcan0 100#0D1E000000000000
(1790642515.903480) vcan0 300#FEE5000000000000
(1790642515.917258) vcan0 300#FEE8000000000000
(1790642515.920770) vcan0 100#0D20000000000000
(1790642515.920837) vcan0 300#FEE8000000000000
(1790642515.933435) vcan0 300#FEEB000000000000
(1790642515.953545) vcan0 100#0D24000000000000
(1790642515.953695) vcan0 200#4100000000000000
(1790642515.953758) vcan0 300#FEF0000000000000
(1790642515.956054) vcan0 300#FEF1000000000000
(1790642515.969617) vcan0 100#0D26000000000000
(1790642515.969757) vcan0 300#FEF4000000000000
(1790642515.971201) vcan0 300#FEF4000000000000
(1790642515.988166) vcan0 100#0D28000000000000
(1790642515.988240) vcan0 300#FEF9000000000000
(1790642515.994791) vcan0 200#4100000000000000
(1790642515.994818) vcan0 300#FEFB000000000000
(1790642516.001112) vcan0 100#0D2A000000000000
(1790642516.001168) vcan0 300#FEFD000000000000
(1790642516.021191) vcan0 100#0D2C000000000000
(1790642516.021281) vcan0 300#FF03000000000000
(1790642516.023329) vcan0 300#FF04000000000000
(1790642516.030986) vcan0 300#FF06000000000000
(1790642516.040516) vcan0 100#0D2F000000000000
(1790642516.040561) vcan0 200#4100000000000000
(1790642516.040580) vcan0 300#FF0A000000000000
(1790642516.052186) vcan0 300#FF0E000000000000
(1790642516.062085) vcan0 100#0D31000000000000
(1790642516.062145) vcan0 300#FF11000000000000
(1790642516.071347) vcan0 300#FF15000000000000
(1790642516.082296) vcan0 100#0D34000000000000
(1790642516.082466) vcan0 300#FF19000000000000
(1790642516.091374) vcan0 200#4100000000000000
(1790642516.091438) vcan0 300#FF1C000000000000
(1790642516.101217) vcan0 100#0D36000000000000
(1790642516.101284) vcan0 300#FF20000000000000
(1790642516.119324) vcan0 300#FF27000000000000
(1790642516.129199) vcan0 100#0D39000000000000
(1790642516.129338) vcan0 300#FF2C000000000000
(1790642516.131629) vcan0 300#FF2D000000000000
(1790642516.140471) vcan0 100#0D3A000000000000
(1790642516.140568) vcan0 200#4100000000000000
(1790642516.140603) vcan0 300#FF30000000000000
(1790642516.153160) vcan0 300#FF36000000000000
(1790642516.161829) vcan0 100#0D3D000000000000
(1790642516.161896) vcan0 300#FF3A000000000000
(1790642516.171498) vcan0 300#FF3E000000000000
(1790642516.180617) vcan0 100#0D3F000000000000
(1790642516.180727) vcan0 300#FF42000000000000
(1790642516.193298) vcan0 200#4100000000000000
(1790642516.193335) vcan0 300#FF48000000000000
(1790642516.204158) vcan0 100#0D42000000000000
(1790642516.204362) vcan0 300#FF4E000000000000
(1790642516.213483) vcan0 300#FF52000000000000
(1790642516.221444) vcan0 100#0D43000000000000
(1790642516.221595) vcan0 300#FF56000000000000
(1790642516.233658) vcan0 300#FF5C000000000000
(1790642516.241083) vcan0 100#0D46000000000000
(1790642516.241262) vcan0 200#4100000000000000
(1790642516.241282) vcan0 300#FF60000000000000
(1790642516.241304) vcan0 400#0400000000000000
(1790642516.241318) vcan0 500#0700000000000000
(1790642516.241332) vcan0 7DF#02010C0000000000
(1790642516.250453) vcan0 300#FF65000000000000
(1790642516.261950) vcan0 100#0D48000000000000
(1790642516.262027) vcan0 300#FF6B000000000000
(1790642516.273392) vcan0 300#FF71000000000000
(1790642516.281275) vcan0 100#0D4A000000000000
(1790642516.281427) vcan0 300#FF75000000000000
(1790642516.291596) vcan0 200#4100000000000000
(1790642516.291731) vcan0 300#FF7A000000000000
(1790642516.301755) vcan0 100#0D4C000000000000
(1790642516.301934) vcan0 300#FF80000000000000
(1790642516.311589) vcan0 300#FF85000000000000
(1790642516.321267) vcan0 100#0D4E000000000000
(1790642516.321301) vcan0 300#FF8A000000000000
(1790642516.332201) vcan0 300#FF90000000000000
(1790642516.353054) vcan0 100#0D51000000000000
(1790642516.353299) vcan0 200#4100000000000000
(1790642516.353333) vcan0 300#FF9C000000000000
(1790642516.355724) vcan0 300#FF9E000000000000
(1790642516.373683) vcan0 100#0D54000000000000
(1790642516.373947) vcan0 300#FFA8000000000000
(1790642516.375301) vcan0 300#FFA9000000000000
(1790642516.383747) vcan0 100#0D55000000000000
(1790642516.383976) vcan0 300#FFAE000000000000
(1790642516.390689) vcan0 200#4100000000000000
(1790642516.390830) vcan0 300#FFB2000000000000
(1790642516.403031) vcan0 100#0D56000000000000
(1790642516.403271) vcan0 300#FFB9000000000000
(1790642516.411981) vcan0 300#FFBE000000000000
(1790642516.425449) vcan0 100#0D59000000000000
(1790642516.425647) vcan0 300#FFC6000000000000
(1790642516.431505) vcan0 300#FFCA000000000000
(1790642516.441160) vcan0 100#0D5A000000000000
(1790642516.441199) vcan0 200#4100000000000000
(1790642516.441219) vcan0 300#FFCF000000000000
(1790642516.456185) vcan0 300#FFD8000000000000
(1790642516.470192) vcan0 100#0D5D000000000000
(1790642516.470437) vcan0 300#FFE0000000000000
(1790642516.471929) vcan0 300#FFE2000000000000
(1790642516.495518) vcan0 100#0D5F000000000000
(1790642516.495761) vcan0 200#4100000000000000
(1790642516.495794) vcan0 300#FFF0000000000000
(1790642516.497668) vcan0 300#FFF1000000000000
(1790642516.501790) vcan0 100#0D60000000000000
(1790642516.501941) vcan0 300#FFF3000000000000
(1790642516.512045) vcan0 300#FFFA000000000000
(1790642516.531523) vcan0 100#0D63000000000000
(1790642516.531770) vcan0 300#0004000000000000
(1790642516.533851) vcan0 300#0006000000000000
(1790642516.540862) vcan0 100#0D64000000000000
(1790642516.541038) vcan0 200#4100000000000000
(1790642516.541059) vcan0 300#000A000000000000
(1790642516.559429) vcan0 300#0015000000000000
(1790642516.561373) vcan0 100#0D66000000000000
(1790642516.561556) vcan0 300#0016000000000000
(1790642516.570635) vcan0 300#001C000000000000
(1790642516.581553) vcan0 100#0D67000000000000
(1790642516.581799) vcan0 300#0022000000000000
(1790642516.592298) vcan0 200#4100000000000000
(1790642516.592487) vcan0 300#0029000000000000
(1790642516.601167) vcan0 100#0D69000000000000
(1790642516.601208) vcan0 300#002E000000000000
(1790642516.704480) vcan0 100#0D72000000000000
(1790642516.704714) vcan0 200#4200000000000000
(1790642516.704750) vcan0 300#006A000000000000
(1790642516.707599) vcan0 100#0D72000000000000
(1790642516.707766) vcan0 200#4200000000000000
(1790642516.707792) vcan0 300#006B000000000000
(1790642516.709144) vcan0 100#0D72000000000000
(1790642516.709286) vcan0 300#006C000000000000
(1790642516.711346) vcan0 100#0D72000000000000
(1790642516.711481) vcan0 300#006E000000000000
(1790642516.712783) vcan0 100#0D73000000000000
(1790642516.712910) vcan0 300#006E000000000000
(1790642516.715828) vcan0 300#0070000000000000
(1790642516.718478) vcan0 300#0071000000000000
(1790642516.720035) vcan0 300#0072000000000000
(1790642516.724677) vcan0 100#0D74000000000000
(1790642516.724722) vcan0 300#0075000000000000
(1790642516.728440) vcan0 300#0077000000000000
(1790642516.730447) vcan0 300#0078000000000000
(1790642516.732773) vcan0 300#0079000000000000
(1790642516.739273) vcan0 300#007D000000000000
(1790642516.742151) vcan0 100#0D75000000000000
(1790642516.742341) vcan0 200#4200000000000000
(1790642516.742369) vcan0 300#007E000000000000
(1790642516.742401) vcan0 400#0000000000000000
(1790642516.761896) vcan0 100#0D77000000000000
(1790642516.761956) vcan0 300#0089000000000000
(1790642516.763618) vcan0 300#008A000000000000
(1790642516.804213) vcan0 100#0D7A000000000000
(1790642516.804268) vcan0 200#4200000000000000
(1790642516.804294) vcan0 300#009F000000000000
(1790642516.807473) vcan0 100#0D7A000000000000
(1790642516.807636) vcan0 300#00A1000000000000
(1790642516.808951) vcan0 300#00A2000000000000
(1790642516.812186) vcan0 300#00A3000000000000
(1790642516.814434) vcan0 300#00A4000000000000
(1790642516.831433) vcan0 100#0D7C000000000000
(1790642516.832547) vcan0 300#00AC000000000000
(1790642516.834100) vcan0 300#00AE000000000000
(1790642516.844856) vcan0 100#0D7D000000000000
(1790642516.844907) vcan0 200#4200000000000000
(1790642516.844932) vcan0 300#00B3000000000000
(1790642516.855422) vcan0 300#00B8000000000000
(1790642516.866082) vcan0 100#0D7E000000000000
(1790642516.866285) vcan0 300#00BD000000000000
(1790642516.871748) vcan0 300#00C0000000000000
(1790642516.940956) vcan0 100#0D84000000000000
(1790642516.941197) vcan0 200#4200000000000000
(1790642516.941232) vcan0 300#00DE000000000000
(1790642516.944014) vcan0 100#0D84000000000000
(1790642516.944215) vcan0 200#4200000000000000
(1790642516.944244) vcan0 300#00DF000000000000
(1790642516.945789) vcan0 100#0D84000000000000
(1790642516.945942) vcan0 300#00E0000000000000
(1790642516.948082) vcan0 100#0D84000000000000
(1790642516.948812) vcan0 300#00E0000000000000
(1790642516.951581) vcan0 300#00E2000000000000
(1790642516.953080) vcan0 300#00E3000000000000
(1790642516.955284) vcan0 300#00E4000000000000
(1790642516.957316) vcan0 300#00E4000000000000
(1790642516.961599) vcan0 100#0D85000000000000
(1790642516.961762) vcan0 300#00E6000000000000
(1790642517.008072) vcan0 100#0D88000000000000
(1790642517.008166) vcan0 200#4200000000000000
(1790642517.008174) vcan0 300#00F7000000000000
(1790642517.038419) vcan0 100#0D8A000000000000
(1790642517.038481) vcan0 300#0101000000000000
(1790642517.040287) vcan0 100#0D8A000000000000
(1790642517.040338) vcan0 300#0101000000000000
(1790642517.068305) vcan0 100#0D8C000000000000
(1790642517.068401) vcan0 200#4200000000000000
(1790642517.068415) vcan0 300#0109000000000000
(1790642517.092007) vcan0 100#0D8D000000000000
(1790642517.092190) vcan0 200#4200000000000000
(1790642517.092217) vcan0 300#0110000000000000
(1790642517.115623) vcan0 100#0D8F000000000000
(1790642517.115854) vcan0 300#0115000000000000
(1790642517.139025) vcan0 100#0D90000000000000
(1790642517.139268) vcan0 300#011A000000000000
(1790642517.160688) vcan0 100#0D91000000000000
(1790642517.160927) vcan0 200#4200000000000000
(1790642517.160962) vcan0 300#011E000000000000
(1790642517.162461) vcan0 100#0D92000000000000
(1790642517.162655) vcan0 300#011F000000000000
(1790642517.163968) vcan0 100#0D92000000000000
(1790642517.164144) vcan0 300#011F000000000000
(1790642517.176576) vcan0 300#0121000000000000
(1790642517.178420) vcan0 300#0121000000000000
(1790642517.179972) vcan0 300#0122000000000000
(1790642517.187509) vcan0 100#0D93000000000000
(1790642517.187741) vcan0 300#0123000000000000
(1790642517.194645) vcan0 200#4200000000000000
(1790642517.194876) vcan0 300#0124000000000000
(1790642517.196545) vcan0 300#0124000000000000
(1790642517.198393) vcan0 300#0124000000000000
(1790642517.200465) vcan0 100#0D94000000000000
(1790642517.200550) vcan0 300#0124000000000000
(1790642517.202050) vcan0 300#0125000000000000
(1790642517.203458) vcan0 300#0125000000000000
(1790642517.204675) vcan0 300#0125000000000000
(1790642517.207479) vcan0 300#0125000000000000
(1790642517.209545) vcan0 300#0126000000000000
(1790642517.215560) vcan0 300#0126000000000000
(1790642517.220817) vcan0 100#0D95000000000000
(1790642517.220883) vcan0 300#0127000000000000
(1790642517.222945) vcan0 300#0127000000000000
(1790642517.235548) vcan0 300#0128000000000000
(1790642517.241299) vcan0 100#0D96000000000000
(1790642517.241367) vcan0 200#4200000000000000
(1790642517.241390) vcan0 300#0129000000000000
(1790642517.241416) vcan0 400#0000000000000000
(1790642517.241435) vcan0 500#0800000000000000
(1790642517.252566) vcan0 300#012A000000000000
(1790642517.261016) vcan0 100#0D97000000000000
(1790642517.261038) vcan0 300#012A000000000000
(1790642517.270760) vcan0 300#012B000000000000
(1790642517.282965) vcan0 100#0D98000000000000
(1790642517.283008) vcan0 300#012B000000000000
(1790642517.291185) vcan0 200#4200000000000000
(1790642517.291299) vcan0 300#012B000000000000
(1790642517.301978) vcan0 100#0D99000000000000
(1790642517.302086) vcan0 300#012B000000000000
(1790642517.312332) vcan0 300#012B000000000000
(1790642517.321575) vcan0 100#0D9A000000000000
(1790642517.321622) vcan0 300#012B000000000000
(1790642517.332178) vcan0 300#012B000000000000
(1790642517.341183) vcan0 100#0D9B000000000000
(1790642517.341232) vcan0 200#4200000000000000
(1790642517.341254) vcan0 300#012B000000000000
(1790642517.351223) vcan0 300#012A000000000000
(1790642517.362598) vcan0 100#0D9B000000000000
(1790642517.362710) vcan0 300#012A000000000000
(1790642517.421575) vcan0 100#0D9E000000000000
(1790642517.421643) vcan0 200#4200000000000000
(1790642517.421674) vcan0 300#0124000000000000
(1790642517.423305) vcan0 100#0D9E000000000000
(1790642517.423414) vcan0 300#0124000000000000
(1790642517.464565) vcan0 100#0DA0000000000000
(1790642517.464628) vcan0 200#4200000000000000
(1790642517.464657) vcan0 300#011D000000000000
(1790642517.498710) vcan0 100#0DA1000000000000
(1790642517.498783) vcan0 200#4200000000000000
(1790642517.498815) vcan0 300#0116000000000000
(1790642517.500379) vcan0 100#0DA1000000000000
(1790642517.500487) vcan0 300#0116000000000000
(1790642517.531804) vcan0 100#0DA2000000000000
(1790642517.531949) vcan0 300#010E000000000000
(1790642517.562814) vcan0 100#0DA3000000000000
(1790642517.562956) vcan0 200#4200000000000000
(1790642517.563013) vcan0 300#0106000000000000
(1790642517.564873) vcan0 100#0DA3000000000000
(1790642517.564999) vcan0 300#0105000000000000
(1790642517.566420) vcan0 100#0DA3000000000000
(1790642517.566525) vcan0 300#0105000000000000
(1790642517.568042) vcan0 100#0DA3000000000000
(1790642517.568144) vcan0 300#0104000000000000
(1790642517.586993) vcan0 100#0DA4000000000000
(1790642517.587110) vcan0 300#00FE000000000000
(1790642517.606646) vcan0 100#0DA4000000000000
(1790642517.606739) vcan0 200#4200000000000000
(1790642517.606767) vcan0 300#00F8000000000000
(1790642517.608644) vcan0 300#00F7000000000000
(1790642517.610829) vcan0 300#00F6000000000000
(1790642517.613104) vcan0 300#00F6000000000000
(1790642517.614683) vcan0 300#00F5000000000000
(1790642517.616903) vcan0 300#00F4000000000000
(1790642517.621320) vcan0 100#0DA5000000000000
(1790642517.621426) vcan0 300#00F3000000000000
(1790642517.622717) vcan0 300#00F2000000000000
(1790642517.624200) vcan0 300#00F2000000000000
(1790642517.626476) vcan0 300#00F1000000000000
(1790642517.628545) vcan0 300#00F0000000000000
(1790642517.630505) vcan0 300#00F0000000000000
(1790642517.642615) vcan0 100#0DA5000000000000
(1790642517.642762) vcan0 200#4200000000000000
(1790642517.642814) vcan0 300#00EB000000000000
(1790642517.644382) vcan0 300#00EB000000000000
(1790642517.654349) vcan0 300#00E7000000000000
(1790642517.655922) vcan0 300#00E6000000000000
(1790642517.661761) vcan0 100#0DA6000000000000
(1790642517.661849) vcan0 300#00E4000000000000
(1790642517.663131) vcan0 300#00E3000000000000
(1790642517.664683) vcan0 300#00E3000000000000
(1790642517.694682) vcan0 100#0DA7000000000000
(1790642517.694814) vcan0 200#4200000000000000
(1790642517.694866) vcan0 300#00D7000000000000
(1790642517.696669) vcan0 300#00D6000000000000
(1790642517.710621) vcan0 100#0DA7000000000000
(1790642517.710684) vcan0 300#00D0000000000000
(1790642517.712148) vcan0 300#00CF000000000000
(1790642517.718416) vcan0 300#00CC000000000000
(1790642517.724285) vcan0 100#0DA7000000000000
(1790642517.724399) vcan0 300#00CA000000000000
(1790642517.730523) vcan0 300#00C7000000000000
(1790642517.747643) vcan0 100#0DA8000000000000
(1790642517.747726) vcan0 200#4200000000000000
(1790642517.747758) vcan0 300#00BF000000000000
(1790642517.747795) vcan0 400#0400000000000000
(1790642517.758082) vcan0 300#00BA000000000000
(1790642517.767088) vcan0 100#0DA8000000000000
(1790642517.767214) vcan0 300#00B6000000000000
(1790642517.773050) vcan0 300#00B3000000000000
(1790642517.780930) vcan0 100#0DA9000000000000
(1790642517.781045) vcan0 300#00B0000000000000
(1790642517.824295) vcan0 100#0DA9000000000000
(1790642517.824514) vcan0 200#4200000000000000
(1790642517.824576) vcan0 300#009A000000000000
(1790642517.861298) vcan0 100#0DAA000000000000
(1790642517.861436) vcan0 200#4200000000000000
(1790642517.861478) vcan0 300#0087000000000000
(1790642517.864070) vcan0 100#0DAA000000000000
(1790642517.864110) vcan0 300#0085000000000000
(1790642517.866165) vcan0 100#0DAA000000000000
(1790642517.866240) vcan0 300#0084000000000000
(1790642517.869058) vcan0 300#0083000000000000
(1790642517.870348) vcan0 300#0081000000000000
(1790642517.871545) vcan0 300#0081000000000000
(1790642517.872725) vcan0 300#0080000000000000
(1790642517.882176) vcan0 100#0DAA000000000000
(1790642517.882275) vcan0 300#007B000000000000
(1790642517.888187) vcan0 300#0078000000000000
(1790642517.892421) vcan0 200#4200000000000000
(1790642517.892521) vcan0 300#0075000000000000
(1790642517.904376) vcan0 100#0DAA000000000000
(1790642517.904507) vcan0 300#006F000000000000
(1790642517.940606) vcan0 100#0DAB000000000000
(1790642517.940794) vcan0 200#4200000000000000
(1790642517.940847) vcan0 300#005A000000000000
(1790642517.970738) vcan0 100#0DAB000000000000
(1790642517.970921) vcan0 300#0049000000000000
(1790642517.972407) vcan0 100#0DAB000000000000
(1790642517.972522) vcan0 300#0048000000000000
(1790642517.999256) vcan0 100#0DAB000000000000
(1790642517.999380) vcan0 200#4300000000000000
(1790642517.999421) vcan0 300#0038000000000000
(1790642518.021884) vcan0 100#0DAB000000000000
(1790642518.022006) vcan0 300#002B000000000000
(1790642518.024258) vcan0 100#0DAB000000000000
(1790642518.024394) vcan0 300#0029000000000000
(1790642518.044354) vcan0 100#0DAB000000000000
(1790642518.044392) vcan0 200#4300000000000000
(1790642518.044407) vcan0 300#001E000000000000
(1790642518.063629) vcan0 100#0DAB000000000000
(1790642518.063782) vcan0 300#0012000000000000
(1790642518.082317) vcan0 100#0DAB000000000000
(1790642518.082383) vcan0 300#0007000000000000
(1790642518.084403) vcan0 300#0006000000000000
(1790642518.099345) vcan0 200#4300000000000000
(1790642518.099483) vcan0 300#FFFE000000000000
(1790642518.112140) vcan0 100#0DAB000000000000
(1790642518.112269) vcan0 300#FFF6000000000000
(1790642518.123709) vcan0 100#0DAB000000000000
(1790642518.123846) vcan0 300#FFEF000000000000
(1790642518.134018) vcan0 300#FFE9000000000000
(1790642518.136233) vcan0 300#FFE7000000000000
(1790642518.144775) vcan0 100#0DAB000000000000
(1790642518.144849) vcan0 200#4300000000000000
(1790642518.144874) vcan0 300#FFE2000000000000
(1790642518.149930) vcan0 300#FFDF000000000000
(1790642518.151826) vcan0 300#FFDE000000000000
(1790642518.154232) vcan0 300#FFDD000000000000
(1790642518.155842) vcan0 300#FFDC000000000000
(1790642518.157163) vcan0 300#FFDB000000000000
(1790642518.158783) vcan0 300#FFDA000000000000
(1790642518.160817) vcan0 100#0DAB000000000000
(1790642518.160893) vcan0 300#FFD9000000000000
(1790642518.167376) vcan0 300#FFD5000000000000
(1790642518.173257) vcan0 300#FFD1000000000000
(1790642518.176840) vcan0 300#FFCF000000000000
(1790642518.179750) vcan0 300#FFCE000000000000
(1790642518.181764) vcan0 100#0DAB000000000000
(1790642518.181836) vcan0 300#FFCC000000000000
(1790642518.214235) vcan0 100#0DAB000000000000
(1790642518.214364) vcan0 200#4300000000000000
(1790642518.214396) vcan0 300#FFBA000000000000
(1790642518.216769) vcan0 300#FFB8000000000000
(1790642518.219106) vcan0 300#FFB6000000000000
(1790642518.220797) vcan0 100#0DAB000000000000
(1790642518.220875) vcan0 300#FFB5000000000000
(1790642518.232360) vcan0 300#FFAF000000000000
(1790642518.242880) vcan0 100#0DAB000000000000
(1790642518.242922) vcan0 200#4300000000000000
(1790642518.242939) vcan0 300#FFA9000000000000
(1790642518.242960) vcan0 400#0400000000000000
(1790642518.242974) vcan0 500#0900000000000000
(1790642518.242988) vcan0 7DF#02010D0000000000
(1790642518.250813) vcan0 300#FFA4000000000000
(1790642518.260538) vcan0 100#0DAB000000000000
(1790642518.260633) vcan0 300#FF9F000000000000
(1790642518.271818) vcan0 300#FF98000000000000
(1790642518.280799) vcan0 100#0DAA000000000000
(1790642518.280893) vcan0 300#FF93000000000000
(1790642518.290834) vcan0 200#4300000000000000
(1790642518.290933) vcan0 300#FF8E000000000000
(1790642518.301303) vcan0 100#0DAA000000000000
(1790642518.301392) vcan0 300#FF88000000000000
(1790642518.311810) vcan0 300#FF82000000000000
(1790642518.320465) vcan0 100#0DAA000000000000
(1790642518.320503) vcan0 300#FF7D000000000000
(1790642518.331541) vcan0 300#FF78000000000000
(1790642518.344438) vcan0 100#0DAA000000000000
(1790642518.344476) vcan0 200#4300000000000000
(1790642518.344492) vcan0 300#FF71000000000000
(1790642518.352906) vcan0 300#FF6C000000000000
(1790642518.405076) vcan0 100#0DA9000000000000
(1790642518.405244) vcan0 200#4300000000000000
(1790642518.406031) vcan0 300#FF53000000000000
(1790642518.407844) vcan0 100#0DA9000000000000
(1790642518.407936) vcan0 300#FF51000000000000
(1790642518.409213) vcan0 100#0DA9000000000000
(1790642518.409293) vcan0 300#FF50000000000000
(1790642518.410781) vcan0 300#FF4F000000000000
(1790642518.412861) vcan0 300#FF4E000000000000
(1790642518.414358) vcan0 300#FF4D000000000000
(1790642518.424780) vcan0 100#0DA8000000000000
(1790642518.424845) vcan0 300#FF48000000000000
(1790642518.430958) vcan0 300#FF45000000000000
(1790642518.602071) vcan0 100#0DA4000000000000
(1790642518.602495) vcan0 200#4300000000000000
(1790642518.602527) vcan0 300#FF02000000000000
(1790642518.603901) vcan0 100#0DA4000000000000
(1790642518.605490) vcan0 200#4300000000000000
(1790642518.605586) vcan0 300#FF01000000000000
(1790642518.617803) vcan0 100#0DA3000000000000
(1790642518.617928) vcan0 200#4300000000000000
(1790642518.617972) vcan0 300#FEFD000000000000
(1790642518.619761) vcan0 100#0DA3000000000000
(1790642518.619872) vcan0 200#4300000000000000
(1790642518.619918) vcan0 300#FEFC000000000000
(1790642518.629428) vcan0 100#0DA3000000000000
(1790642518.629562) vcan0 300#FEF9000000000000
(1790642518.631270) vcan0 100#0DA3000000000000
(1790642518.631375) vcan0 300#FEF9000000000000
(1790642518.636489) vcan0 100#0DA3000000000000
(1790642518.636595) vcan0 300#FEF7000000000000
(1790642518.638393) vcan0 100#0DA3000000000000
(1790642518.638475) vcan0 300#FEF7000000000000
(1790642518.640570) vcan0 100#0DA3000000000000
(1790642518.640883) vcan0 200#4300000000000000
(1790642518.640950) vcan0 300#FEF6000000000000
(1790642518.642317) vcan0 100#0DA3000000000000
(1790642518.642406) vcan0 300#FEF6000000000000
(1790642518.644548) vcan0 100#0DA2000000000000
(1790642518.644668) vcan0 300#FEF5000000000000
(1790642518.646290) vcan0 300#FEF5000000000000
(1790642518.647838) vcan0 300#FEF4000000000000
(1790642518.653348) vcan0 300#FEF3000000000000
(1790642518.656390) vcan0 300#FEF2000000000000
(1790642518.657780) vcan0 300#FEF2000000000000
(1790642518.662192) vcan0 100#0DA2000000000000
(1790642518.662272) vcan0 300#FEF0000000000000
(1790642518.664256) vcan0 300#FEF0000000000000
(1790642518.666566) vcan0 300#FEEF000000000000
(1790642518.668624) vcan0 300#FEEF000000000000
(1790642518.671573) vcan0 300#FEEE000000000000
(1790642518.673630) vcan0 300#FEEE000000000000
(1790642518.675278) vcan0 300#FEED000000000000
(1790642518.683471) vcan0 100#0DA1000000000000
(1790642518.683604) vcan0 300#FEEB000000000000
(1790642518.690390) vcan0 300#FEEA000000000000
(1790642518.692470) vcan0 200#4300000000000000
(1790642518.692591) vcan0 300#FEE9000000000000
(1790642518.701287) vcan0 100#0DA0000000000000
(1790642518.701383) vcan0 300#FEE7000000000000
(1790642518.712198) vcan0 300#FEE5000000000000
(1790642518.720669) vcan0 100#0DA0000000000000
(1790642518.720772) vcan0 300#FEE4000000000000
(1790642518.740223) vcan0 300#FEE0000000000000
(1790642518.748095) vcan0 100#0D9F000000000000
(1790642518.748149) vcan0 200#4300000000000000
(1790642518.748172) vcan0 300#FEDF000000000000
(1790642518.748201) vcan0 400#0400000000000000
(1790642518.755396) vcan0 300#FEDE000000000000
(1790642518.762629) vcan0 100#0D9E000000000000
(1790642518.762695) vcan0 300#FEDD000000000000
(1790642518.775701) vcan0 300#FEDB000000000000
(1790642518.782686) vcan0 100#0D9D000000000000
(1790642518.782824) vcan0 300#FEDA000000000000
(1790642518.792928) vcan0 200#4300000000000000
(1790642518.793065) vcan0 300#FED9000000000000
(1790642518.804705) vcan0 100#0D9C000000000000
(1790642518.804839) vcan0 300#FED8000000000000
(1790642518.814958) vcan0 300#FED7000000000000
(1790642518.828360) vcan0 100#0D9B000000000000
(1790642518.828471) vcan0 300#FED6000000000000
(1790642518.836806) vcan0 300#FED6000000000000
(1790642518.841355) vcan0 100#0D9B000000000000
(1790642518.841732) vcan0 200#4300000000000000
(1790642518.841794) vcan0 300#FED5000000000000
(1790642518.864686) vcan0 100#0D9A000000000000
(1790642518.864832) vcan0 300#FED5000000000000
(1790642518.867236) vcan0 300#FED5000000000000
(1790642518.878086) vcan0 300#FED5000000000000
(1790642518.886628) vcan0 100#0D99000000000000
(1790642518.886842) vcan0 300#FED5000000000000
(1790642518.890717) vcan0 200#4300000000000000
(1790642518.890850) vcan0 300#FED5000000000000
(1790642518.905381) vcan0 100#0D98000000000000
(1790642518.905512) vcan0 300#FED5000000000000
(1790642518.912202) vcan0 300#FED5000000000000
(1790642518.921713) vcan0 100#0D97000000000000
(1790642518.921817) vcan0 300#FED6000000000000
(1790642518.936889) vcan0 300#FED6000000000000
(1790642518.940723) vcan0 100#0D96000000000000
(1790642518.940800) vcan0 200#4300000000000000
(1790642518.940831) vcan0 300#FED7000000000000
(1790642518.952145) vcan0 300#FED8000000000000
(1790642518.963602) vcan0 100#0D95000000000000
(1790642518.963662) vcan0 300#FED9000000000000
(1790642518.971056) vcan0 300#FED9000000000000
(1790642518.980513) vcan0 100#0D94000000000000
(1790642518.980615) vcan0 300#FEDB000000000000
(1790642518.995536) vcan0 200#4300000000000000
(1790642518.995654) vcan0 300#FEDC000000000000
(1790642519.003700) vcan0 100#0D93000000000000
(1790642519.003836) vcan0 300#FEDE000000000000
(1790642519.012118) vcan0 300#FEDF000000000000
(1790642519.030306) vcan0 100#0D91000000000000
(1790642519.030353) vcan0 300#FEE2000000000000
(1790642519.032160) vcan0 300#FEE2000000000000
(1790642519.046552) vcan0 100#0D90000000000000
(1790642519.046663) vcan0 200#4300000000000000
(1790642519.046703) vcan0 300#FEE5000000000000
(1790642519.057187) vcan0 300#FEE7000000000000
(1790642519.064555) vcan0 100#0D8F000000000000
(1790642519.064585) vcan0 300#FEE9000000000000
(1790642519.082323) vcan0 100#0D8E000000000000
(1790642519.082369) vcan0 300#FEED000000000000
(1790642519.094665) vcan0 200#4300000000000000
(1790642519.094680) vcan0 300#FEF0000000000000
(1790642519.096329) vcan0 300#FEF0000000000000
(1790642519.102359) vcan0 100#0D8D000000000000
(1790642519.102388) vcan0 300#FEF2000000000000
(1790642519.123362) vcan0 100#0D8C000000000000
(1790642519.123382) vcan0 300#FEF7000000000000
(1790642519.136674) vcan0 300#FEFB000000000000
(1790642519.139635) vcan0 300#FEFC000000000000
(1790642519.147760) vcan0 100#0D8A000000000000
(1790642519.147791) vcan0 200#4300000000000000
(1790642519.147802) vcan0 300#FEFF000000000000
(1790642519.154824) vcan0 300#FF01000000000000
(1790642519.160750) vcan0 100#0D8A000000000000
(1790642519.160792) vcan0 300#FF03000000000000
(1790642519.172610) vcan0 300#FF06000000000000
(1790642519.181065) vcan0 100#0D88000000000000
(1790642519.181091) vcan0 300#FF09000000000000
(1790642519.193716) vcan0 200#4300000000000000
(1790642519.193834) vcan0 300#FF0E000000000000
(1790642519.208946) vcan0 100#0D86000000000000
(1790642519.209087) vcan0 300#FF13000000000000
(1790642519.210683) vcan0 300#FF14000000000000
(1790642519.221409) vcan0 100#0D86000000000000
(1790642519.221569) vcan0 300#FF18000000000000
(1790642519.231098) vcan0 300#FF1C000000000000
(1790642519.240791) vcan0 100#0D84000000000000
(1790642519.240920) vcan0 200#4300000000000000
(1790642519.240966) vcan0 300#FF1F000000000000
(1790642519.241011) vcan0 400#0400000000000000
(1790642519.241044) vcan0 500#0A00000000000000
(1790642519.253086) vcan0 300#FF24000000000000
(1790642519.264650) vcan0 100#0D83000000000000
(1790642519.264690) vcan0 300#FF29000000000000
(1790642519.270768) vcan0 300#FF2C000000000000
(1790642519.280619) vcan0 100#0D81000000000000
(1790642519.280690) vcan0 300#FF30000000000000
(1790642519.291484) vcan0 200#4300000000000000
(1790642519.291568) vcan0 300#FF35000000000000
(1790642519.301393) vcan0 100#0D80000000000000
(1790642519.301490) vcan0 300#FF39000000000000
(1790642519.311118) vcan0 300#FF3D000000000000
(1790642519.320918) vcan0 100#0D7F000000000000
(1790642519.320970) vcan0 300#FF42000000000000
(1790642519.331673) vcan0 300#FF47000000000000
(1790642519.342243) vcan0 100#0D7D000000000000
(1790642519.342339) vcan0 200#4300000000000000
(1790642519.342366) vcan0 300#FF4C000000000000
(1790642519.359524) vcan0 300#FF54000000000000
(1790642519.361362) vcan0 100#0D7C000000000000
(1790642519.361418) vcan0 300#FF55000000000000
(1790642519.371501) vcan0 300#FF5A000000000000
(1790642519.425456) vcan0 100#0D77000000000000
(1790642519.425531) vcan0 200#4300000000000000
(1790642519.425563) vcan0 300#FF76000000000000
(1790642519.427360) vcan0 100#0D77000000000000
(1790642519.427565) vcan0 300#FF77000000000000
(1790642519.429305) vcan0 100#0D76000000000000
(1790642519.429963) vcan0 300#FF78000000000000
(1790642519.432540) vcan0 300#FF7A000000000000
(1790642519.435708) vcan0 300#FF7C000000000000
(1790642519.437826) vcan0 300#FF7D000000000000
(1790642519.441681) vcan0 100#0D75000000000000
(1790642519.442272) vcan0 200#4300000000000000
(1790642519.442302) vcan0 300#FF7F000000000000
(1790642519.451176) vcan0 300#FF84000000000000
(1790642519.460576) vcan0 100#0D74000000000000
(1790642519.460675) vcan0 300#FF89000000000000
(1790642519.506618) vcan0 100#0D70000000000000
(1790642519.506741) vcan0 200#4300000000000000
(1790642519.506793) vcan0 300#FFA3000000000000
(1790642519.508039) vcan0 100#0D70000000000000
(1790642519.508789) vcan0 300#FFA4000000000000
(1790642519.512726) vcan0 300#FFA6000000000000
(1790642519.515668) vcan0 300#FFA8000000000000
(1790642519.517024) vcan0 300#FFA9000000000000
(1790642519.521901) vcan0 100#0D6F000000000000
(1790642519.522053) vcan0 300#FFAC000000000000
(1790642519.537523) vcan0 300#FFB5000000000000
(1790642519.540594) vcan0 100#0D6D000000000000
(1790642519.540639) vcan0 200#4400000000000000
(1790642519.540662) vcan0 300#FFB6000000000000
(1790642519.558076) vcan0 300#FFC1000000000000
(1790642519.561298) vcan0 100#0D6B000000000000
(1790642519.561766) vcan0 300#FFC3000000000000
(1790642519.579593) vcan0 300#FFCD000000000000
(1790642519.581422) vcan0 100#0D6A000000000000
(1790642519.581609) vcan0 300#FFCE000000000000
(1790642519.648458) vcan0 100#0D64000000000000
(1790642519.648522) vcan0 200#4400000000000000
(1790642519.648554) vcan0 300#FFF6000000000000
(1790642519.652083) vcan0 100#0D63000000000000
(1790642519.652277) vcan0 200#4400000000000000
(1790642519.652309) vcan0 300#FFF9000000000000
(1790642519.654208) vcan0 100#0D63000000000000
(1790642519.654382) vcan0 300#FFFA000000000000
(1790642519.656728) vcan0 300#FFFB000000000000
(1790642519.658179) vcan0 300#FFFC000000000000
(1790642519.660119) vcan0 300#FFFD000000000000
(1790642519.663216) vcan0 100#0D62000000000000
(1790642519.663331) vcan0 300#FFFF000000000000
(1790642519.664724) vcan0 300#0000000000000000
(1790642519.683297) vcan0 100#0D60000000000000
(1790642519.683357) vcan0 300#000A000000000000
(1790642519.685201) vcan0 300#000B000000000000
(1790642519.696792) vcan0 200#4400000000000000
(1790642519.697017) vcan0 300#0012000000000000
(1790642519.701666) vcan0 100#0D5F000000000000
(1790642519.701823) vcan0 300#0015000000000000
(1790642519.721773) vcan0 100#0D5D000000000000
(1790642519.721814) vcan0 300#0021000000000000
(1790642519.723469) vcan0 300#0022000000000000
(1790642519.731579) vcan0 300#0027000000000000
(1790642519.747788) vcan0 100#0D5A000000000000
(1790642519.747973) vcan0 200#4400000000000000
(1790642519.747995) vcan0 300#0031000000000000
(1790642519.748020) vcan0 400#0000000000000000
(1790642519.751540) vcan0 300#0033000000000000
(1790642519.765763) vcan0 100#0D58000000000000
(1790642519.765995) vcan0 300#003B000000000000
(1790642519.770504) vcan0 300#003E000000000000
(1790642519.801185) vcan0 100#0D55000000000000
(1790642519.801362) vcan0 200#4400000000000000
(1790642519.801393) vcan0 300#0050000000000000
(1790642519.803626) vcan0 100#0D55000000000000
(1790642519.803788) vcan0 300#0051000000000000
(1790642519.805164) vcan0 300#0052000000000000
(1790642519.811696) vcan0 300#0056000000000000
(1790642519.821503) vcan0 100#0D53000000000000
(1790642519.822182) vcan0 300#005C000000000000
(1790642519.831708) vcan0 300#0062000000000000
(1790642519.842116) vcan0 100#0D51000000000000
(1790642519.842166) vcan0 200#4400000000000000
(1790642519.842191) vcan0 300#0067000000000000
(1790642519.926911) vcan0 100#0D48000000000000
(1790642519.927154) vcan0 200#4400000000000000
(1790642519.927194) vcan0 300#0095000000000000
(1790642519.928723) vcan0 100#0D48000000000000
(1790642519.929629) vcan0 300#0096000000000000
(1790642519.930938) vcan0 100#0D47000000000000
(1790642519.931111) vcan0 300#0098000000000000
(1790642519.933065) vcan0 100#0D47000000000000
(1790642519.933103) vcan0 300#0099000000000000
(1790642519.935780) vcan0 300#009A000000000000
(1790642519.937999) vcan0 300#009B000000000000
(1790642519.948059) vcan0 100#0D46000000000000
(1790642519.948116) vcan0 200#4400000000000000
(1790642519.948146) vcan0 300#00A0000000000000
(1790642519.953206) vcan0 300#00A3000000000000
(1790642519.958243) vcan0 300#00A5000000000000
(1790642519.961256) vcan0 100#0D44000000000000
(1790642519.961398) vcan0 300#00A7000000000000
(1790642519.963536) vcan0 300#00A8000000000000
(1790642519.965154) vcan0 300#00A9000000000000
(1790642519.970758) vcan0 300#00AC000000000000
(1790642519.980541) vcan0 100#0D42000000000000
(1790642519.980673) vcan0 300#00B0000000000000
(1790642519.991761) vcan0 200#4400000000000000
(1790642519.991890) vcan0 300#00B6000000000000
(1790642520.000717) vcan0 100#0D40000000000000
(1790642520.000813) vcan0 300#00BA000000000000
(1790642520.011324) vcan0 300#00BF000000000000
(1790642520.021027) vcan0 100#0D3E000000000000
(1790642520.021142) vcan0 300#00C3000000000000
(1790642520.031315) vcan0 300#00C8000000000000
(1790642520.041925) vcan0 100#0D3B000000000000
(1790642520.042055) vcan0 200#4400000000000000
(1790642520.042074) vcan0 300#00CD000000000000
(1790642520.052639) vcan0 300#00D1000000000000
(1790642520.062061) vcan0 100#0D39000000000000
(1790642520.062194) vcan0 300#00D5000000000000
(1790642520.070486) vcan0 300#00D9000000000000
(1790642520.081950) vcan0 100#0D37000000000000
(1790642520.082060) vcan0 300#00DE000000000000
(1790642520.091273) vcan0 200#4400000000000000
(1790642520.091386) vcan0 300#00E1000000000000
(1790642520.101374) vcan0 100#0D34000000000000
(1790642520.101501) vcan0 300#00E5000000000000
(1790642520.110482) vcan0 300#00E9000000000000
(1790642520.121233) vcan0 100#0D32000000000000
(1790642520.121262) vcan0 300#00ED000000000000
(1790642520.131803) vcan0 300#00F1000000000000
(1790642520.141478) vcan0 100#0D30000000000000
(1790642520.141581) vcan0 200#4400000000000000
(1790642520.141594) vcan0 300#00F4000000000000
(1790642520.150483) vcan0 300#00F7000000000000
(1790642520.161002) vcan0 100#0D2D000000000000
(1790642520.161104) vcan0 300#00FB000000000000
(1790642520.171514) vcan0 300#00FE000000000000
(1790642520.181738) vcan0 100#0D2B000000000000
(1790642520.181847) vcan0 300#0101000000000000
(1790642520.190596) vcan0 200#4400000000000000
(1790642520.190692) vcan0 300#0104000000000000
(1790642520.201047) vcan0 100#0D28000000000000
(1790642520.201134) vcan0 300#0107000000000000
(1790642520.210489) vcan0 300#010A000000000000
(1790642520.221155) vcan0 100#0D26000000000000
(1790642520.221264) vcan0 300#010C000000000000
(1790642520.231397) vcan0 300#010F000000000000
(1790642520.240994) vcan0 100#0D23000000000000
(1790642520.241115) vcan0 200#4400000000000000
(1790642520.241132) vcan0 300#0112000000000000
(1790642520.241151) vcan0 400#0100000000000000
(1790642520.241163) vcan0 500#0B00000000000000
(1790642520.241175) vcan0 7DF#02010D0000000000
(1790642520.252167) vcan0 300#0114000000000000
(1790642520.261797) vcan0 100#0D21000000000000
(1790642520.261913) vcan0 300#0116000000000000
(1790642520.271393) vcan0 300#0118000000000000
(1790642520.280929) vcan0 100#0D1E000000000000
(1790642520.280998) vcan0 300#011A000000000000
(1790642520.291068) vcan0 200#4400000000000000
(1790642520.291138) vcan0 300#011C000000000000
(1790642520.301518) vcan0 100#0D1C000000000000
(1790642520.301588) vcan0 300#011E000000000000
(1790642520.311012) vcan0 300#0120000000000000
(1790642520.320633) vcan0 100#0D19000000000000
(1790642520.320848) vcan0 300#0121000000000000
(1790642520.330804) vcan0 300#0123000000000000
(1790642520.341895) vcan0 100#0D16000000000000
(1790642520.341984) vcan0 200#4400000000000000
(1790642520.341996) vcan0 300#0124000000000000
(1790642520.352079) vcan0 300#0126000000000000
(1790642520.362025) vcan0 100#0D14000000000000
(1790642520.362123) vcan0 300#0127000000000000
(1790642520.370715) vcan0 300#0128000000000000
(1790642520.382083) vcan0 100#0D11000000000000
(1790642520.382166) vcan0 300#0129000000000000
(1790642520.391385) vcan0 200#4400000000000000
(1790642520.391478) vcan0 300#0129000000000000
(1790642520.400465) vcan0 100#0D0F000000000000
(1790642520.400573) vcan0 300#012A000000000000
(1790642520.410619) vcan0 300#012B000000000000
(1790642520.421050) vcan0 100#0D0C000000000000
(1790642520.421162) vcan0 300#012B000000000000
(1790642520.431461) vcan0 300#012B000000000000
(1790642520.440806) vcan0 100#0D09000000000000
(1790642520.440865) vcan0 200#4400000000000000
(1790642520.440873) vcan0 300#012B000000000000
(1790642520.451536) vcan0 300#012B000000000000
(1790642520.460742) vcan0 100#0D07000000000000
(1790642520.460818) vcan0 300#012B000000000000
(1790642520.470845) vcan0 300#012B000000000000
(1790642520.480798) vcan0 100#0D04000000000000
(1790642520.480917) vcan0 300#012B000000000000
(1790642520.490898) vcan0 200#4400000000000000
(1790642520.490922) vcan0 300#012B000000000000
(1790642520.500884) vcan0 100#0D01000000000000
(1790642520.500907) vcan0 300#012A000000000000
(1790642520.511069) vcan0 300#0129000000000000
(1790642520.522213) vcan0 100#0CFE000000000000
(1790642520.522302) vcan0 300#0128000000000000
(1790642520.531026) vcan0 300#0128000000000000
(1790642520.540773) vcan0 100#0CFC000000000000
(1790642520.540871) vcan0 200#4400000000000000
(1790642520.540888) vcan0 300#0127000000000000
(1790642520.551769) vcan0 300#0125000000000000
(1790642520.562158) vcan0 100#0CF8000000000000
(1790642520.562270) vcan0 300#0124000000000000
(1790642520.572521) vcan0 300#0123000000000000
(1790642520.580809) vcan0 100#0CF6000000000000
(1790642520.580838) vcan0 300#0121000000000000
(1790642520.590880) vcan0 200#4400000000000000
(1790642520.590981) vcan0 300#0120000000000000
(1790642520.602286) vcan0 100#0CF3000000000000
(1790642520.602388) vcan0 300#011E000000000000
(1790642520.611057) vcan0 300#011C000000000000
(1790642520.620859) vcan0 100#0CF0000000000000
(1790642520.620964) vcan0 300#011A000000000000
(1790642520.632074) vcan0 300#0118000000000000
(1790642520.640719) vcan0 100#0CED000000000000
(1790642520.640817) vcan0 200#4400000000000000
(1790642520.640835) vcan0 300#0116000000000000
(1790642520.651293) vcan0 300#0114000000000000
(1790642520.660613) vcan0 100#0CEA000000000000
(1790642520.660648) vcan0 300#0111000000000000
(1790642520.671137) vcan0 300#010F000000000000
(1790642520.681490) vcan0 100#0CE7000000000000
(1790642520.681632) vcan0 300#010C000000000000
(1790642520.690672) vcan0 200#4400000000000000
(1790642520.690799) vcan0 300#010A000000000000
(1790642520.702010) vcan0 100#0CE4000000000000
(1790642520.702118) vcan0 300#0106000000000000
(1790642520.710861) vcan0 300#0104000000000000
(1790642520.720524) vcan0 100#0CE1000000000000
(1790642520.720652) vcan0 300#0101000000000000
(1790642520.731093) vcan0 300#00FE000000000000
(1790642520.741233) vcan0 100#0CDE000000000000
(1790642520.741271) vcan0 200#4400000000000000
(1790642520.741291) vcan0 300#00FA000000000000
(1790642520.741316) vcan0 400#0200000000000000
(1790642520.752142) vcan0 300#00F7000000000000
(1790642520.761296) vcan0 100#0CDB000000000000
(1790642520.761341) vcan0 300#00F3000000000000
(1790642520.771386) vcan0 300#00F0000000000000
(1790642520.780964) vcan0 100#0CD8000000000000
(1790642520.781108) vcan0 300#00EC000000000000
(1790642520.792134) vcan0 200#4400000000000000
(1790642520.792478) vcan0 300#00E8000000000000
(1790642520.800684) vcan0 100#0CD5000000000000
(1790642520.800811) vcan0 300#00E5000000000000
(1790642520.810857) vcan0 300#00E1000000000000
(1790642520.820692) vcan0 100#0CD2000000000000
(1790642520.820836) vcan0 300#00DD000000000000
(1790642520.830662) vcan0 300#00D9000000000000
(1790642520.840517) vcan0 100#0CCF000000000000
(1790642520.840608) vcan0 200#4400000000000000
(1790642520.840620) vcan0 300#00D5000000000000
(1790642520.851390) vcan0 300#00D0000000000000
(1790642520.860935) vcan0 100#0CCC000000000000
(1790642520.861019) vcan0 300#00CC000000000000
(1790642520.870604) vcan0 300#00C8000000000000
(1790642520.881365) vcan0 100#0CC8000000000000
(1790642520.881443) vcan0 300#00C3000000000000
(1790642520.890544) vcan0 200#4400000000000000
(1790642520.890620) vcan0 300#00BF000000000000
(1790642520.901100) vcan0 100#0CC5000000000000
(1790642520.901126) vcan0 300#00BA000000000000
(1790642520.910840) vcan0 300#00B5000000000000
(1790642520.920472) vcan0 100#0CC2000000000000
(1790642520.920559) vcan0 300#00B1000000000000
(1790642520.931323) vcan0 300#00AB000000000000
(1790642520.940884) vcan0 100#0CBF000000000000
(1790642520.940953) vcan0 200#4400000000000000
(1790642520.940962) vcan0 300#00A6000000000000
(1790642520.951327) vcan0 300#00A1000000000000
(1790642520.960764) vcan0 100#0CBC000000000000
(1790642520.960826) vcan0 300#009C000000000000
(1790642520.970460) vcan0 300#0097000000000000
(1790642520.981126) vcan0 100#0CB8000000000000
(1790642520.981148) vcan0 300#0092000000000000
(1790642520.991408) vcan0 200#4400000000000000
(1790642520.991494) vcan0 300#008C000000000000
(1790642521.000759) vcan0 100#0CB5000000000000
(1790642521.000863) vcan0 300#0087000000000000
(1790642521.011543) vcan0 300#0082000000000000
(1790642521.021010) vcan0 100#0CB2000000000000
(1790642521.021163) vcan0 300#007D000000000000
(1790642521.031253) vcan0 300#0077000000000000
(1790642521.041786) vcan0 100#0CAE000000000000
(1790642521.041915) vcan0 200#4400000000000000
(1790642521.041937) vcan0 300#0071000000000000
(1790642521.051661) vcan0 300#006C000000000000
(1790642521.061128) vcan0 100#0CAB000000000000
(1790642521.061223) vcan0 300#0066000000000000
(1790642521.070769) vcan0 300#0061000000000000
(1790642521.080858) vcan0 100#0CA8000000000000
(1790642521.080961) vcan0 300#005B000000000000
(1790642521.090859) vcan0 200#4400000000000000
(1790642521.090933) vcan0 300#0055000000000000
(1790642521.101147) vcan0 100#0CA4000000000000
(1790642521.101197) vcan0 300#004F000000000000
(1790642521.111268) vcan0 300#004A000000000000
(1790642521.120392) vcan0 100#0CA1000000000000
(1790642521.120444) vcan0 300#0044000000000000
(1790642521.131043) vcan0 300#003E000000000000
(1790642521.141873) vcan0 100#0C9D000000000000
(1790642521.141952) vcan0 200#4400000000000000
(1790642521.141961) vcan0 300#0038000000000000
(1790642521.151622) vcan0 300#0032000000000000
(1790642521.161080) vcan0 100#0C9A000000000000
(1790642521.161167) vcan0 300#002C000000000000
(1790642521.171483) vcan0 300#0026000000000000
(1790642521.181296) vcan0 100#0C97000000000000
(1790642521.181389) vcan0 300#0020000000000000
(1790642521.191566) vcan0 200#4400000000000000
(1790642521.191663) vcan0 300#001A000000000000
(1790642521.200997) vcan0 100#0C93000000000000
(1790642521.201101) vcan0 300#0014000000000000
(1790642521.210742) vcan0 300#000F000000000000
(1790642521.221442) vcan0 100#0C90000000000000
(1790642521.221610) vcan0 300#0008000000000000
(1790642521.230826) vcan0 300#0003000000000000
(1790642521.241186) vcan0 100#0C8C000000000000
(1790642521.241241) vcan0 200#4400000000000000
(1790642521.241261) vcan0 300#FFFD000000000000
(1790642521.241285) vcan0 400#0400000000000000
(1790642521.241302) vcan0 500#0C00000000000000
(1790642521.251190) vcan0 300#FFF7000000000000
(1790642521.260592) vcan0 100#0C89000000000000
(1790642521.260640) vcan0 300#FFF2000000000000
(1790642521.271174) vcan0 300#FFEB000000000000
(1790642521.282141) vcan0 100#0C85000000000000
(1790642521.282240) vcan0 300#FFE5000000000000
(1790642521.291334) vcan0 200#4400000000000000
(1790642521.291442) vcan0 300#FFDF000000000000
(1790642521.301453) vcan0 100#0C81000000000000
(1790642521.301578) vcan0 300#FFD9000000000000
(1790642521.311167) vcan0 300#FFD4000000000000
(1790642521.321563) vcan0 100#0C7E000000000000
(1790642521.321660) vcan0 300#FFCD000000000000
(1790642521.331806) vcan0 300#FFC7000000000000
(1790642521.342407) vcan0 100#0C7A000000000000
(1790642521.342508) vcan0 200#4400000000000000
(1790642521.342537) vcan0 300#FFC1000000000000
(1790642521.350988) vcan0 300#FFBC000000000000
(1790642521.362448) vcan0 100#0C76000000000000
(1790642521.362596) vcan0 300#FFB5000000000000
(1790642521.374076) vcan0 300#FFAF000000000000
(1790642521.384506) vcan0 100#0C72000000000000
(1790642521.384660) vcan0 300#FFA9000000000000
(1790642521.398719) vcan0 200#4400000000000000
(1790642521.398871) vcan0 300#FFA1000000000000
(1790642521.400700) vcan0 100#0C6F000000000000
(1790642521.400758) vcan0 300#FF9F000000000000
(1790642521.411720) vcan0 300#FF99000000000000
(1790642521.420557) vcan0 100#0C6C000000000000
(1790642521.420654) vcan0 300#FF94000000000000
(1790642521.433420) vcan0 300#FF8D000000000000
(1790642521.444764) vcan0 100#0C67000000000000
(1790642521.444869) vcan0 200#4500000000000000
(1790642521.444903) vcan0 300#FF87000000000000
(1790642521.452579) vcan0 300#FF83000000000000
(1790642521.460997) vcan0 100#0C64000000000000
(1790642521.461078) vcan0 300#FF7E000000000000
(1790642521.482688) vcan0 100#0C60000000000000
(1790642521.482817) vcan0 300#FF72000000000000
(1790642521.484457) vcan0 300#FF71000000000000
(1790642521.493364) vcan0 200#4500000000000000
(1790642521.493502) vcan0 300#FF6D000000000000
(1790642521.500605) vcan0 100#0C5D000000000000
(1790642521.500732) vcan0 300#FF69000000000000
(1790642521.516940) vcan0 300#FF61000000000000
(1790642521.520967) vcan0 100#0C59000000000000
(1790642521.521033) vcan0 300#FF5F000000000000
(1790642521.541899) vcan0 100#0C55000000000000
(1790642521.542043) vcan0 200#4500000000000000
(1790642521.542071) vcan0 300#FF54000000000000
(1790642521.543591) vcan0 300#FF53000000000000
(1790642521.556868) vcan0 300#FF4D000000000000
(1790642521.564917) vcan0 100#0C51000000000000
(1790642521.565061) vcan0 300#FF49000000000000
(1790642521.572295) vcan0 300#FF46000000000000
(1790642521.585249) vcan0 100#0C4D000000000000
(1790642521.585387) vcan0 300#FF40000000000000
(1790642521.590838) vcan0 200#4500000000000000
(1790642521.590944) vcan0 300#FF3D000000000000
(1790642521.612154) vcan0 100#0C47000000000000
(1790642521.612305) vcan0 300#FF34000000000000
(1790642521.626548) vcan0 100#0C45000000000000
(1790642521.626660) vcan0 300#FF2D000000000000
(1790642521.628884) vcan0 300#FF2C000000000000
(1790642521.630920) vcan0 300#FF2B000000000000
(1790642521.641567) vcan0 100#0C42000000000000
(1790642521.641695) vcan0 200#4500000000000000
(1790642521.641730) vcan0 300#FF27000000000000
(1790642521.651743) vcan0 300#FF23000000000000
(1790642521.662850) vcan0 100#0C3D000000000000
(1790642521.662896) vcan0 300#FF1E000000000000
(1790642521.672659) vcan0 300#FF1B000000000000
(1790642521.680618) vcan0 100#0C3A000000000000
(1790642521.680731) vcan0 300#FF18000000000000
(1790642521.691121) vcan0 200#4500000000000000
(1790642521.691234) vcan0 300#FF14000000000000
(1790642521.701684) vcan0 100#0C36000000000000
(1790642521.701831) vcan0 300#FF10000000000000
(1790642521.725455) vcan0 100#0C31000000000000
(1790642521.725573) vcan0 300#FF08000000000000
(1790642521.727470) vcan0 300#FF07000000000000
(1790642521.730825) vcan0 300#FF06000000000000
(1790642521.744809) vcan0 100#0C2D000000000000
(1790642521.744992) vcan0 200#4500000000000000
(1790642521.745055) vcan0 300#FF01000000000000
(1790642521.745116) vcan0 400#0400000000000000
(1790642521.750613) vcan0 300#FEFF000000000000
(1790642521.768084) vcan0 100#0C29000000000000
(1790642521.768153) vcan0 300#FEFA000000000000
(1790642521.772868) vcan0 300#FEF9000000000000
(1790642521.781174) vcan0 100#0C26000000000000
(1790642521.781265) vcan0 300#FEF6000000000000
(1790642521.792723) vcan0 200#4500000000000000
(1790642521.792873) vcan0 300#FEF3000000000000
(1790642521.808958) vcan0 100#0C20000000000000
(1790642521.809094) vcan0 300#FEEF000000000000
(1790642521.810790) vcan0 300#FEEF000000000000
(1790642521.824959) vcan0 100#0C1D000000000000
(1790642521.825111) vcan0 300#FEEB000000000000
(1790642521.832947) vcan0 300#FEEA000000000000
(1790642521.841614) vcan0 100#0C1A000000000000
(1790642521.841662) vcan0 200#4500000000000000
(1790642521.841683) vcan0 300#FEE8000000000000
(1790642521.864240) vcan0 100#0C15000000000000
(1790642521.864394) vcan0 300#FEE3000000000000
(1790642521.880029) vcan0 300#FEE0000000000000
(1790642521.892307) vcan0 100#0C0F000000000000
(1790642521.892358) vcan0 200#4500000000000000
(1790642521.892382) vcan0 300#FEDE000000000000
(1790642521.903994) vcan0 100#0C0D000000000000
(1790642521.904135) vcan0 300#FEDD000000000000
(1790642521.915407) vcan0 300#FEDB000000000000
(1790642521.926625) vcan0 100#0C08000000000000
(1790642521.926691) vcan0 300#FEDA000000000000
(1790642521.928248) vcan0 300#FEDA000000000000
(1790642521.933668) vcan0 300#FED9000000000000
(1790642521.936293) vcan0 300#FED9000000000000
(1790642521.940622) vcan0 100#0C05000000000000
(1790642521.940737) vcan0 200#4500000000000000
(1790642521.940784) vcan0 300#FED8000000000000
(1790642521.960649) vcan0 100#0C01000000000000
(1790642521.960817) vcan0 300#FED7000000000000
(1790642521.964234) vcan0 300#FED6000000000000
(1790642521.986796) vcan0 100#0BFB000000000000
(1790642521.986872) vcan0 300#FED5000000000000
(1790642521.988781) vcan0 300#FED5000000000000
(1790642521.991792) vcan0 200#4500000000000000
(1790642521.991886) vcan0 300#FED5000000000000
(1790642522.016302) vcan0 100#0BF5000000000000
(1790642522.016587) vcan0 300#FED5000000000000
(1790642522.031760) vcan0 100#0BF2000000000000
(1790642522.031956) vcan0 300#FED5000000000000
(1790642522.045910) vcan0 100#0BEF000000000000
(1790642522.046086) vcan0 200#4500000000000000
(1790642522.046139) vcan0 300#FED5000000000000
(1790642522.047995) vcan0 300#FED5000000000000
(1790642522.058592) vcan0 300#FED5000000000000
(1790642522.060516) vcan0 300#FED5000000000000
(1790642522.067576) vcan0 100#0BEA000000000000
(1790642522.067750) vcan0 300#FED6000000000000
(1790642522.073318) vcan0 300#FED6000000000000
(1790642522.082049) vcan0 100#0BE7000000000000
(1790642522.082114) vcan0 300#FED7000000000000
(1790642522.097310) vcan0 200#4500000000000000
(1790642522.097460) vcan0 300#FED8000000000000
(1790642522.101963) vcan0 100#0BE3000000000000
(1790642522.102126) vcan0 300#FED8000000000000
(1790642522.129677) vcan0 100#0BDD000000000000
(1790642522.129839) vcan0 300#FEDB000000000000
(1790642522.131706) vcan0 300#FEDC000000000000
(1790642522.145578) vcan0 100#0BDA000000000000
(1790642522.145626) vcan0 200#4500000000000000
(1790642522.145647) vcan0 300#FEDE000000000000
(1790642522.147107) vcan0 300#FEDE000000000000
(1790642522.152029) vcan0 300#FEDF000000000000
(1790642522.173499) vcan0 100#0BD3000000000000
(1790642522.173642) vcan0 300#FEE2000000000000
(1790642522.175047) vcan0 300#FEE3000000000000
(1790642522.182601) vcan0 100#0BD1000000000000
(1790642522.182711) vcan0 300#FEE4000000000000
(1790642522.190872) vcan0 200#4500000000000000
(1790642522.190965) vcan0 300#FEE6000000000000
(1790642522.203539) vcan0 100#0BCD000000000000
(1790642522.203578) vcan0 300#FEE8000000000000
(1790642522.212514) vcan0 300#FEEA000000000000
(1790642522.222123) vcan0 100#0BC9000000000000
(1790642522.222171) vcan0 300#FEEC000000000000
(1790642522.237175) vcan0 300#FEF0000000000000
(1790642522.241672) vcan0 100#0BC4000000000000
(1790642522.241725) vcan0 200#4500000000000000
(1790642522.241745) vcan0 300#FEF1000000000000
(1790642522.241767) vcan0 400#0400000000000000
(1790642522.241782) vcan0 500#0D00000000000000
(1790642522.241796) vcan0 7DF#0201050000000000
(1790642522.257985) vcan0 300#FEF5000000000000
(1790642522.267229) vcan0 100#0BBF000000000000
(1790642522.267339) vcan0 300#FEF8000000000000
(1790642522.271280) vcan0 300#FEF9000000000000
(1790642522.282008) vcan0 100#0BBB000000000000
(1790642522.282032) vcan0 300#FEFC000000000000
(1790642522.291198) vcan0 200#4500000000000000
(1790642522.291276) vcan0 300#FEFF000000000000
(1790642522.301853) vcan0 100#0BB7000000000000
(1790642522.301935) vcan0 300#FF02000000000000
(1790642522.311984) vcan0 300#FF06000000000000
(1790642522.321305) vcan0 100#0BB3000000000000
(1790642522.321338) vcan0 300#FF09000000000000
(1790642522.337117) vcan0 300#FF0E000000000000
(1790642522.341316) vcan0 100#0BAE000000000000
(1790642522.341413) vcan0 200#4500000000000000
(1790642522.341439) vcan0 300#FF10000000000000
(1790642522.417140) vcan0 100#0B9D000000000000
(1790642522.417222) vcan0 200#4500000000000000
(1790642522.417257) vcan0 300#FF2E000000000000
(1790642522.419656) vcan0 100#0B9C000000000000
(1790642522.419813) vcan0 300#FF2F000000000000
(1790642522.471122) vcan0 100#0B91000000000000
(1790642522.471187) vcan0 200#4500000000000000
(1790642522.471215) vcan0 300#FF46000000000000
(1790642522.478062) vcan0 100#0B8F000000000000
(1790642522.478199) vcan0 300#FF48000000000000
(1790642522.479479) vcan0 100#0B8F000000000000
(1790642522.479550) vcan0 300#FF4A000000000000
(1790642522.480788) vcan0 100#0B8E000000000000
(1790642522.481174) vcan0 300#FF4A000000000000
(1790642522.484219) vcan0 100#0B8E000000000000
(1790642522.484289) vcan0 300#FF4C000000000000
(1790642522.486421) vcan0 300#FF4D000000000000
(1790642522.488039) vcan0 300#FF4E000000000000
(1790642522.489385) vcan0 300#FF4F000000000000
(1790642522.490995) vcan0 200#4500000000000000
(1790642522.491067) vcan0 300#FF4F000000000000
(1790642522.492595) vcan0 300#FF50000000000000
(1790642522.494448) vcan0 300#FF51000000000000
(1790642522.497304) vcan0 300#FF52000000000000
(1790642522.499009) vcan0 300#FF53000000000000
(1790642522.505242) vcan0 100#0B89000000000000
(1790642522.505335) vcan0 300#FF56000000000000
(1790642522.515355) vcan0 300#FF5B000000000000
(1790642522.549685) vcan0 100#0B7E000000000000
(1790642522.549741) vcan0 200#4500000000000000
(1790642522.549765) vcan0 300#FF6D000000000000
(1790642522.551425) vcan0 100#0B7E000000000000
(1790642522.551540) vcan0 300#FF6E000000000000
(1790642522.576174) vcan0 100#0B78000000000000
(1790642522.576259) vcan0 300#FF7B000000000000
(1790642522.600183) vcan0 100#0B73000000000000
(1790642522.601244) vcan0 200#4500000000000000
(1790642522.601297) vcan0 300#FF87000000000000
(1790642522.602982) vcan0 100#0B72000000000000
(1790642522.603075) vcan0 300#FF89000000000000
(1790642522.605777) vcan0 300#FF8B000000000000
(1790642522.610630) vcan0 300#FF8E000000000000
(1790642522.620979) vcan0 100#0B6E000000000000
(1790642522.621112) vcan0 300#FF94000000000000
(1790642522.679481) vcan0 100#0B60000000000000
(1790642522.680030) vcan0 200#4500000000000000
(1790642522.680177) vcan0 300#FFB5000000000000
(1790642522.683793) vcan0 100#0B5F000000000000
(1790642522.683900) vcan0 300#FFB7000000000000
(1790642522.685553) vcan0 100#0B5E000000000000
(1790642522.685664) vcan0 300#FFB8000000000000
(1790642522.688338) vcan0 300#FFBA000000000000
(1790642522.689905) vcan0 300#FFBB000000000000
(1790642522.712651) vcan0 100#0B58000000000000
(1790642522.712769) vcan0 200#4500000000000000
(1790642522.712810) vcan0 300#FFC8000000000000
(1790642522.714462) vcan0 300#FFC9000000000000
(1790642522.716668) vcan0 300#FFCB000000000000
(1790642522.718243) vcan0 300#FFCC000000000000
(1790642522.720140) vcan0 300#FFCD000000000000
(1790642522.728025) vcan0 100#0B54000000000000
(1790642522.728854) vcan0 300#FFD1000000000000
(1790642522.730899) vcan0 300#FFD3000000000000
(1790642522.732858) vcan0 300#FFD4000000000000
(1790642522.734581) vcan0 300#FFD5000000000000
(1790642522.741648) vcan0 100#0B51000000000000
(1790642522.741776) vcan0 200#4500000000000000
(1790642522.741814) vcan0 300#FFD9000000000000
(1790642522.741851) vcan0 400#0200000000000000
(1790642522.751839) vcan0 300#FFDF000000000000
(1790642522.768447) vcan0 100#0B4A000000000000
(1790642522.768563) vcan0 300#FFE9000000000000
(1790642522.781443) vcan0 100#0B47000000000000
(1790642522.781584) vcan0 300#FFF1000000000000
(1790642522.783123) vcan0 300#FFF2000000000000
(1790642522.791550) vcan0 200#4500000000000000
(1790642522.791615) vcan0 300#FFF7000000000000
(1790642522.803895) vcan0 100#0B42000000000000
(1790642522.803956) vcan0 300#FFFF000000000000
(1790642522.810787) vcan0 300#0002000000000000
(1790642522.824500) vcan0 100#0B3D000000000000
(1790642522.824563) vcan0 300#000A000000000000
(1790642522.833148) vcan0 300#000F000000000000
(1790642522.842483) vcan0 100#0B39000000000000
(1790642522.842543) vcan0 200#4500000000000000
(1790642522.842572) vcan0 300#0015000000000000
(1790642522.852965) vcan0 300#001B000000000000
(1790642522.863730) vcan0 100#0B33000000000000
(1790642522.863797) vcan0 300#0022000000000000
(1790642522.901937) vcan0 100#0B2A000000000000
(1790642522.902008) vcan0 200#4500000000000000
(1790642522.902039) vcan0 300#0038000000000000
(1790642522.904255) vcan0 100#0B29000000000000
(1790642522.904363) vcan0 300#003A000000000000
(1790642522.931597) vcan0 100#0B23000000000000
(1790642522.931664) vcan0 300#004A000000000000
(1790642522.958731) vcan0 100#0B1C000000000000
(1790642522.958917) vcan0 200#4500000000000000
(1790642522.958967) vcan0 300#0059000000000000
(1790642522.960502) vcan0 100#0B1B000000000000
(1790642522.960641) vcan0 300#005A000000000000
(1790642522.962318) vcan0 300#005B000000000000
(1790642522.964186) vcan0 300#005C000000000000
(1790642522.978841) vcan0 300#0065000000000000
(1790642522.981087) vcan0 100#0B16000000000000
(1790642522.981196) vcan0 300#0066000000000000
(1790642522.982895) vcan0 300#0067000000000000
(1790642522.992518) vcan0 200#4500000000000000
(1790642522.992775) vcan0 300#006C000000000000
(1790642523.000819) vcan0 100#0B11000000000000
(1790642523.000956) vcan0 300#0071000000000000
(1790642523.003321) vcan0 300#0072000000000000
(1790642523.007371) vcan0 300#0075000000000000
(1790642523.010815) vcan0 300#0077000000000000
(1790642523.022341) vcan0 100#0B0C000000000000
(1790642523.022490) vcan0 300#007D000000000000
(1790642523.033927) vcan0 300#0083000000000000
(1790642523.041202) vcan0 100#0B07000000000000
(1790642523.041309) vcan0 200#4500000000000000
(1790642523.041347) vcan0 300#0087000000000000
(1790642523.051736) vcan0 300#008D000000000000
(1790642523.060592) vcan0 100#0B02000000000000
(1790642523.060711) vcan0 300#0091000000000000
(1790642523.070670) vcan0 300#0097000000000000
(1790642523.080611) vcan0 100#0AFD000000000000
(1790642523.080756) vcan0 300#009C000000000000
(1790642523.090605) vcan0 200#4500000000000000
(1790642523.090744) vcan0 300#00A1000000000000
(1790642523.100496) vcan0 100#0AF8000000000000
(1790642523.100604) vcan0 300#00A6000000000000
(1790642523.111359) vcan0 300#00AB000000000000
(1790642523.120939) vcan0 100#0AF3000000000000
(1790642523.121016) vcan0 300#00B0000000000000
(1790642523.131172) vcan0 300#00B5000000000000
(1790642523.142131) vcan0 100#0AEE000000000000
(1790642523.142199) vcan0 200#4500000000000000
(1790642523.142207) vcan0 300#00BA000000000000
(1790642523.151432) vcan0 300#00BE000000000000
(1790642523.161009) vcan0 100#0AE9000000000000
(1790642523.161132) vcan0 300#00C3000000000000
(1790642523.170670) vcan0 300#00C7000000000000
(1790642523.181189) vcan0 100#0AE4000000000000
(1790642523.181378) vcan0 300#00CC000000000000
(1790642523.190705) vcan0 200#4500000000000000
(1790642523.190893) vcan0 300#00D0000000000000
(1790642523.201068) vcan0 100#0ADF000000000000
(1790642523.201112) vcan0 300#00D4000000000000
(1790642523.211466) vcan0 300#00D9000000000000
(1790642523.221045) vcan0 100#0ADA000000000000
(1790642523.221203) vcan0 300#00DD000000000000
(1790642523.230459) vcan0 300#00E0000000000000
(1790642523.241322) vcan0 100#0AD5000000000000
(1790642523.241451) vcan0 200#4500000000000000
(1790642523.241467) vcan0 300#00E5000000000000
(1790642523.241486) vcan0 400#0000000000000000
(1790642523.241498) vcan0 500#0E00000000000000
(1790642523.251341) vcan0 300#00E8000000000000
(1790642523.261035) vcan0 100#0ACF000000000000
(1790642523.261159) vcan0 300#00EC000000000000
(1790642523.271672) vcan0 300#00F0000000000000
(1790642523.280457) vcan0 100#0ACA000000000000
(1790642523.280479) vcan0 300#00F3000000000000
(1790642523.290480) vcan0 200#4500000000000000
(1790642523.290543) vcan0 300#00F7000000000000
(1790642523.300886) vcan0 100#0AC5000000000000
(1790642523.300965) vcan0 300#00FA000000000000
(1790642523.311206) vcan0 300#00FD000000000000
(1790642523.320891) vcan0 100#0AC0000000000000
(1790642523.320936) vcan0 300#0100000000000000
(1790642523.332632) vcan0 300#0104000000000000
(1790642523.340936) vcan0 100#0ABB000000000000
(1790642523.341064) vcan0 200#4500000000000000
(1790642523.341112) vcan0 300#0106000000000000
(1790642523.351929) vcan0 300#010A000000000000
(1790642523.424351) vcan0 100#0AA5000000000000
(1790642523.424415) vcan0 200#4500000000000000
(1790642523.424440) vcan0 300#011B000000000000
(1790642523.472800) vcan0 100#0A98000000000000
(1790642523.472872) vcan0 200#4500000000000000
(1790642523.472905) vcan0 300#0123000000000000
(1790642523.474724) vcan0 100#0A98000000000000
(1790642523.474831) vcan0 300#0123000000000000
(1790642523.477170) vcan0 100#0A97000000000000
(1790642523.477281) vcan0 300#0124000000000000
(1790642523.478716) vcan0 100#0A97000000000000
(1790642523.478810) vcan0 300#0124000000000000
(1790642523.480235) vcan0 100#0A96000000000000
(1790642523.480318) vcan0 300#0124000000000000
(1790642523.512194) vcan0 100#0A8E000000000000
(1790642523.512249) vcan0 200#4500000000000000
(1790642523.512271) vcan0 300#0128000000000000
(1790642523.514711) vcan0 100#0A8D000000000000
(1790642523.515033) vcan0 300#0128000000000000
(1790642523.517192) vcan0 300#0128000000000000
(1790642523.518649) vcan0 300#0128000000000000
(1790642523.520419) vcan0 300#0128000000000000
(1790642523.522791) vcan0 100#0A8B000000000000
(1790642523.522894) vcan0 300#0129000000000000
(1790642523.524616) vcan0 300#0129000000000000
(1790642523.526965) vcan0 300#0129000000000000
(1790642523.529343) vcan0 300#0129000000000000
(1790642523.531783) vcan0 300#0129000000000000
(1790642523.533824) vcan0 300#0129000000000000
(1790642523.537060) vcan0 300#012A000000000000
(1790642523.541832) vcan0 100#0A86000000000000
(1790642523.541976) vcan0 200#4500000000000000
(1790642523.541997) vcan0 300#012A000000000000
(1790642523.563011) vcan0 100#0A80000000000000
(1790642523.563067) vcan0 300#012B000000000000
(1790642523.564812) vcan0 300#012B000000000000
(1790642523.571989) vcan0 300#012B000000000000
(1790642523.582040) vcan0 100#0A7B000000000000
(1790642523.582271) vcan0 300#012B000000000000
(1790642523.595570) vcan0 200#4500000000000000
(1790642523.595765) vcan0 300#012B000000000000
(1790642523.621323) vcan0 100#0A71000000000000
(1790642523.621558) vcan0 300#012B000000000000
(1790642523.623541) vcan0 100#0A70000000000000
(1790642523.623719) vcan0 300#012B000000000000
(1790642523.625470) vcan0 300#012B000000000000
(1790642523.632583) vcan0 300#012B000000000000
(1790642523.664998) vcan0 100#0A65000000000000
(1790642523.665151) vcan0 200#4500000000000000
(1790642523.665175) vcan0 300#0128000000000000
(1790642523.667003) vcan0 100#0A64000000000000
(1790642523.667154) vcan0 300#0128000000000000
(1790642523.668758) vcan0 300#0128000000000000
(1790642523.670804) vcan0 300#0128000000000000
(1790642523.681338) vcan0 100#0A61000000000000
(1790642523.681523) vcan0 300#0127000000000000
(1790642523.693023) vcan0 200#4500000000000000
(1790642523.693304) vcan0 300#0125000000000000
(1790642523.701091) vcan0 100#0A5B000000000000
(1790642523.701318) vcan0 300#0124000000000000
(1790642523.721152) vcan0 100#0A56000000000000
(1790642523.721355) vcan0 300#0122000000000000
(1790642523.723433) vcan0 300#0121000000000000
(1790642523.732789) vcan0 300#0120000000000000
(1790642523.741353) vcan0 100#0A50000000000000
(1790642523.741533) vcan0 200#4500000000000000
(1790642523.741564) vcan0 300#011E000000000000
(1790642523.741598) vcan0 400#0100000000000000
(1790642523.752794) vcan0 300#011C000000000000
(1790642523.761741) vcan0 100#0A4B000000000000
(1790642523.761843) vcan0 300#011A000000000000
(1790642523.770555) vcan0 300#0119000000000000
(1790642523.784839) vcan0 100#0A45000000000000
(1790642523.784999) vcan0 300#0116000000000000
(1790642523.791152) vcan0 200#4500000000000000
(1790642523.791317) vcan0 300#0114000000000000
(1790642523.807818) vcan0 100#0A3E000000000000
(1790642523.807883) vcan0 300#0110000000000000
(1790642523.812123) vcan0 300#010F000000000000
(1790642523.827712) vcan0 100#0A39000000000000
(1790642523.827773) vcan0 300#010B000000000000
(1790642523.831029) vcan0 300#010A000000000000
(1790642523.841372) vcan0 100#0A35000000000000
(1790642523.841523) vcan0 200#4500000000000000
(1790642523.841543) vcan0 300#0107000000000000
(1790642523.854137) vcan0 300#0103000000000000
(1790642523.860913) vcan0 100#0A30000000000000
(1790642523.861035) vcan0 300#0101000000000000
(1790642523.888424) vcan0 100#0A28000000000000
(1790642523.888497) vcan0 300#00F8000000000000
(1790642523.905731) vcan0 100#0A23000000000000
(1790642523.905968) vcan0 200#4500000000000000
(1790642523.906002) vcan0 300#00F2000000000000
(1790642523.907689) vcan0 300#00F2000000000000
(1790642523.918904) vcan0 300#00EE000000000000
(1790642523.920845) vcan0 100#0A1F000000000000
(1790642523.920900) vcan0 300#00ED000000000000
(1790642523.922947) vcan0 300#00EC000000000000
(1790642523.945271) vcan0 100#0A19000000000000
(1790642523.945338) vcan0 200#4500000000000000
(1790642523.945372) vcan0 300#00E4000000000000
(1790642523.947477) vcan0 300#00E3000000000000
(1790642523.951190) vcan0 300#00E1000000000000
(1790642523.963061) vcan0 100#0A14000000000000
(1790642523.963124) vcan0 300#00DD000000000000
(1790642523.974903) vcan0 300#00D8000000000000
(1790642523.981593) vcan0 100#0A0E000000000000
(1790642523.981798) vcan0 300#00D5000000000000
(1790642523.996050) vcan0 200#4500000000000000
(1790642523.996181) vcan0 300#00CF000000000000
(1790642524.000679) vcan0 100#0A09000000000000
(1790642524.000789) vcan0 300#00CD000000000000
(1790642524.011633) vcan0 300#00C8000000000000
(1790642524.027065) vcan0 100#0A02000000000000
(1790642524.027142) vcan0 300#00C1000000000000
(1790642524.030731) vcan0 300#00BF000000000000
(1790642524.040716) vcan0 100#09FE000000000000
(1790642524.040783) vcan0 200#4500000000000000
(1790642524.040793) vcan0 300#00BB000000000000
(1790642524.050860) vcan0 300#00B6000000000000
(1790642524.062312) vcan0 100#09F8000000000000
(1790642524.062394) vcan0 300#00B0000000000000
(1790642524.083759) vcan0 100#09F2000000000000
(1790642524.083841) vcan0 300#00A6000000000000
(1790642524.088012) vcan0 300#00A4000000000000
(1790642524.091407) vcan0 200#4500000000000000
(1790642524.091481) vcan0 300#00A2000000000000
(1790642524.109802) vcan0 100#09EB000000000000
(1790642524.109881) vcan0 300#0099000000000000
(1790642524.111944) vcan0 300#0097000000000000
(1790642524.143059) vcan0 100#09E1000000000000
(1790642524.143127) vcan0 200#4500000000000000
(1790642524.143135) vcan0 300#0087000000000000
(1790642524.158138) vcan0 100#09DD000000000000
(1790642524.158203) vcan0 300#007F000000000000
(1790642524.159412) vcan0 300#007E000000000000
(1790642524.169883) vcan0 100#09DA000000000000
(1790642524.169953) vcan0 300#0079000000000000
(1790642524.172192) vcan0 300#0077000000000000
(1790642524.179975) vcan0 300#0073000000000000
(1790642524.187189) vcan0 100#09D5000000000000
(1790642524.187378) vcan0 300#006F000000000000
(1790642524.191717) vcan0 200#4500000000000000
(1790642524.191739) vcan0 300#006C000000000000
(1790642524.203874) vcan0 100#09D0000000000000
(1790642524.203900) vcan0 300#0066000000000000
(1790642524.214384) vcan0 300#0060000000000000
(1790642524.221848) vcan0 100#09CB000000000000
(1790642524.221873) vcan0 300#005B000000000000
(1790642524.241832) vcan0 100#09C6000000000000
(1790642524.241926) vcan0 200#4500000000000000
(1790642524.241952) vcan0 300#0050000000000000
(1790642524.241978) vcan0 400#0000000000000000
(1790642524.241997) vcan0 500#0F00000000000000
(1790642524.242016) vcan0 7DF#02010D0000000000
(1790642524.243629) vcan0 300#004F000000000000
(1790642524.260051) vcan0 300#0046000000000000
(1790642524.265599) vcan0 100#09BF000000000000
(1790642524.265671) vcan0 300#0042000000000000
(1790642524.270935) vcan0 300#003F000000000000
(1790642524.280617) vcan0 100#09BB000000000000
(1790642524.280661) vcan0 300#0039000000000000
(1790642524.290899) vcan0 200#4500000000000000
(1790642524.290962) vcan0 300#0033000000000000
(1790642524.301750) vcan0 100#09B5000000000000
(1790642524.301820) vcan0 300#002D000000000000
(1790642524.311047) vcan0 300#0027000000000000
(1790642524.320663) vcan0 100#09AF000000000000
(1790642524.320724) vcan0 300#0022000000000000
(1790642524.330533) vcan0 300#001C000000000000
(1790642524.341398) vcan0 100#09A9000000000000
(1790642524.341496) vcan0 200#4500000000000000
(1790642524.341529) vcan0 300#0015000000000000
(1790642524.351670) vcan0 300#000F000000000000
(1790642524.360572) vcan0 100#09A4000000000000
(1790642524.360618) vcan0 300#000A000000000000
(1790642524.371096) vcan0 300#0003000000000000
(1790642524.381316) vcan0 100#099E000000000000
(1790642524.381415) vcan0 300#FFFE000000000000
(1790642524.400180) vcan0 200#4500000000000000
(1790642524.400326) vcan0 300#FFF3000000000000
(1790642524.417560) vcan0 100#0994000000000000
(1790642524.417703) vcan0 300#FFE9000000000000
(1790642524.419327) vcan0 300#FFE8000000000000
(1790642524.429399) vcan0 100#0990000000000000
(1790642524.429539) vcan0 300#FFE2000000000000
(1790642524.431219) vcan0 300#FFE0000000000000
(1790642524.441115) vcan0 100#098D000000000000
(1790642524.441239) vcan0 200#4500000000000000
(1790642524.441287) vcan0 300#FFDB000000000000
(1790642524.455871) vcan0 300#FFD2000000000000
(1790642524.467405) vcan0 100#0985000000000000
(1790642524.467499) vcan0 300#FFCB000000000000
(1790642524.477980) vcan0 300#FFC5000000000000
(1790642524.485832) vcan0 100#0980000000000000
(1790642524.485870) vcan0 300#FFC0000000000000
(1790642524.493076) vcan0 200#4500000000000000
(1790642524.493174) vcan0 300#FFBC000000000000
(1790642524.509498) vcan0 100#0979000000000000
(1790642524.509623) vcan0 300#FFB2000000000000
(1790642524.511563) vcan0 300#FFB1000000000000
(1790642524.522915) vcan0 100#0975000000000000
(1790642524.523063) vcan0 300#FFAB000000000000
(1790642524.532039) vcan0 300#FFA5000000000000
(1790642524.540690) vcan0 100#0970000000000000
(1790642524.540726) vcan0 200#4500000000000000
(1790642524.540742) vcan0 300#FFA0000000000000
(1790642524.551840) vcan0 300#FF9A000000000000
(1790642524.561665) vcan0 100#096A000000000000
(1790642524.561789) vcan0 300#FF95000000000000
(1790642524.573158) vcan0 300#FF8E000000000000
(1790642524.582466) vcan0 100#0964000000000000
(1790642524.582620) vcan0 300#FF89000000000000
(1790642524.591157) vcan0 200#4500000000000000
(1790642524.591280) vcan0 300#FF84000000000000
(1790642524.602206) vcan0 100#095F000000000000
(1790642524.602315) vcan0 300#FF7E000000000000
(1790642524.610995) vcan0 300#FF7A000000000000
(1790642524.624206) vcan0 100#0958000000000000
(1790642524.624274) vcan0 300#FF72000000000000
(1790642524.631212) vcan0 300#FF6F000000000000
(1790642524.652027) vcan0 100#0950000000000000
(1790642524.652090) vcan0 200#4500000000000000
(1790642524.652118) vcan0 300#FF64000000000000
(1790642524.663666) vcan0 100#094D000000000000
(1790642524.663840) vcan0 300#FF5E000000000000
(1790642524.672216) vcan0 300#FF5A000000000000
(1790642524.679827) vcan0 300#FF56000000000000
(1790642524.687219) vcan0 100#0946000000000000
(1790642524.687302) vcan0 300#FF52000000000000
(1790642524.693069) vcan0 200#4500000000000000
(1790642524.693134) vcan0 300#FF50000000000000
(1790642524.700686) vcan0 100#0942000000000000
(1790642524.700773) vcan0 300#FF4C000000000000
(1790642524.723427) vcan0 100#093B000000000000
(1790642524.723579) vcan0 300#FF41000000000000
(1790642524.736537) vcan0 300#FF3B000000000000
(1790642524.739813) vcan0 300#FF3A000000000000
(1790642524.747782) vcan0 100#0934000000000000
(1790642524.747848) vcan0 200#4500000000000000
(1790642524.747878) vcan0 300#FF36000000000000
(1790642524.747915) vcan0 400#0000000000000000
(1790642524.753867) vcan0 300#FF33000000000000
(1790642524.761783) vcan0 100#0930000000000000
(1790642524.761943) vcan0 300#FF30000000000000
(1790642524.776225) vcan0 300#FF2A000000000000
(1790642524.787883) vcan0 100#0929000000000000
(1790642524.787949) vcan0 300#FF25000000000000
(1790642524.798893) vcan0 200#4500000000000000
(1790642524.799025) vcan0 300#FF21000000000000
(1790642524.801576) vcan0 100#0925000000000000
(1790642524.801701) vcan0 300#FF20000000000000
(1790642524.811957) vcan0 300#FF1B000000000000
(1790642524.825091) vcan0 100#091E000000000000
(1790642524.825118) vcan0 300#FF16000000000000
(1790642524.830479) vcan0 300#FF14000000000000
(1790642524.852273) vcan0 100#0916000000000000
(1790642524.852320) vcan0 200#4500000000000000
(1790642524.852338) vcan0 300#FF0D000000000000
(1790642524.863343) vcan0 100#0912000000000000
(1790642524.863391) vcan0 300#FF09000000000000
(1790642524.873847) vcan0 300#FF05000000000000
(1790642524.882456) vcan0 100#090D000000000000
(1790642524.882579) vcan0 300#FF03000000000000
(1790642524.884161) vcan0 300#FF02000000000000
(1790642524.892065) vcan0 200#4500000000000000
(1790642524.892209) vcan0 300#FF00000000000000
(1790642524.900921) vcan0 100#0907000000000000
(1790642524.901021) vcan0 300#FEFD000000000000
(1790642524.911336) vcan0 300#FEFA000000000000
(1790642524.921492) vcan0 100#0901000000000000
(1790642524.921530) vcan0 300#FEF7000000000000
(1790642524.931023) vcan0 300#FEF4000000000000
(1790642524.940779) vcan0 100#08FC000000000000
(1790642524.940808) vcan0 200#4500000000000000
(1790642524.940820) vcan0 300#FEF2000000000000
(1790642524.952148) vcan0 300#FEEF000000000000
(1790642524.970272) vcan0 100#08F3000000000000
(1790642524.970347) vcan0 300#FEEB000000000000
(1790642524.972122) vcan0 300#FEEA000000000000
(1790642524.981080) vcan0 100#08F0000000000000
(1790642524.981104) vcan0 300#FEE8000000000000
(1790642525.006188) vcan0 100#08E8000000000000
(1790642525.006275) vcan0 200#4500000000000000
(1790642525.006291) vcan0 300#FEE3000000000000
(1790642525.007670) vcan0 300#FEE3000000000000
(1790642525.022694) vcan0 100#08E4000000000000
(1790642525.022717) vcan0 300#FEE0000000000000
(1790642525.024137) vcan0 300#FEE0000000000000
(1790642525.033848) vcan0 300#FEDE000000000000
(1790642525.043197) vcan0 100#08DE000000000000
(1790642525.043220) vcan0 200#4500000000000000
(1790642525.043228) vcan0 300#FEDD000000000000
(1790642525.053457) vcan0 300#FEDC000000000000
(1790642525.061336) vcan0 100#08D8000000000000
(1790642525.061392) vcan0 300#FEDB000000000000
(1790642525.072062) vcan0 300#FED9000000000000
(1790642525.083073) vcan0 100#08D2000000000000
(1790642525.083104) vcan0 300#FED8000000000000
(1790642525.104210) vcan0 100#08CC000000000000
(1790642525.104320) vcan0 200#4500000000000000
(1790642525.104349) vcan0 300#FED7000000000000
(1790642525.117674) vcan0 300#FED6000000000000
(1790642525.119073) vcan0 300#FED6000000000000
(1790642525.127994) vcan0 100#08C5000000000000
(1790642525.128085) vcan0 300#FED5000000000000
(1790642525.135672) vcan0 300#FED5000000000000
(1790642525.141449) vcan0 100#08C1000000000000
(1790642525.141477) vcan0 200#4500000000000000
(1790642525.141487) vcan0 300#FED5000000000000
(1790642525.150465) vcan0 300#FED5000000000000
(1790642525.167453) vcan0 100#08B9000000000000
(1790642525.167515) vcan0 300#FED5000000000000
(1790642525.175279) vcan0 300#FED5000000000000
(1790642525.182265) vcan0 100#08B4000000000000
(1790642525.182286) vcan0 300#FED5000000000000
(1790642525.191423) vcan0 200#4500000000000000
(1790642525.191479) vcan0 300#FED5000000000000
(1790642525.201291) vcan0 100#08AF000000000000
(1790642525.201340) vcan0 300#FED5000000000000
(1790642525.212434) vcan0 300#FED6000000000000
(1790642525.228307) vcan0 100#08A7000000000000
(1790642525.228325) vcan0 300#FED7000000000000
(1790642525.237266) vcan0 300#FED8000000000000
(1790642525.241545) vcan0 100#08A3000000000000
(1790642525.241575) vcan0 200#4500000000000000
(1790642525.241586) vcan0 300#FED8000000000000
(1790642525.241601) vcan0 400#0200000000000000
(1790642525.241610) vcan0 500#1000000000000000
(1790642525.262719) vcan0 100#089D000000000000
(1790642525.262777) vcan0 300#FEDA000000000000
(1790642525.264629) vcan0 300#FEDB000000000000
(1790642525.275175) vcan0 300#FEDC000000000000
(1790642525.283002) vcan0 100#0897000000000000
(1790642525.283075) vcan0 300#FEDD000000000000
(1790642525.291547) vcan0 200#4500000000000000
(1790642525.291645) vcan0 300#FEDE000000000000
(1790642525.301959) vcan0 100#0891000000000000
(1790642525.302025) vcan0 300#FEE0000000000000
(1790642525.313131) vcan0 300#FEE2000000000000
(1790642525.321257) vcan0 100#088B000000000000
(1790642525.321317) vcan0 300#FEE3000000000000
(1790642525.332180) vcan0 300#FEE6000000000000
(1790642525.340630) vcan0 100#0885000000000000
(1790642525.340652) vcan0 200#4500000000000000
(1790642525.340660) vcan0 300#FEE7000000000000
(1790642525.352130) vcan0 300#FEEA000000000000
(1790642525.361367) vcan0 100#087F000000000000
(1790642525.361454) vcan0 300#FEEC000000000000
(1790642525.372282) vcan0 300#FEEE000000000000
(1790642525.380496) vcan0 100#087A000000000000
(1790642525.380528) vcan0 300#FEF0000000000000
(1790642525.391647) vcan0 200#4500000000000000
(1790642525.391751) vcan0 300#FEF3000000000000
(1790642525.410717) vcan0 100#0871000000000000
(1790642525.410884) vcan0 300#FEF9000000000000
(1790642525.412420) vcan0 300#FEF9000000000000
(1790642525.420760) vcan0 100#086E000000000000
(1790642525.420838) vcan0 300#FEFB000000000000
(1790642525.432259) vcan0 300#FEFF000000000000
(1790642525.440584) vcan0 100#0868000000000000
(1790642525.440798) vcan0 200#4500000000000000
(1790642525.440865) vcan0 300#FF02000000000000
(1790642525.456020) vcan0 300#FF06000000000000
(1790642525.462305) vcan0 100#0861000000000000
(1790642525.462601) vcan0 300#FF09000000000000
(1790642525.472908) vcan0 300#FF0C000000000000
(1790642525.481089) vcan0 100#085B000000000000
(1790642525.481155) vcan0 300#FF0F000000000000
(1790642525.490634) vcan0 200#4500000000000000
(1790642525.490804) vcan0 300#FF13000000000000
(1790642525.501365) vcan0 100#0855000000000000
(1790642525.501465) vcan0 300#FF17000000000000
(1790642525.511261) vcan0 300#FF1A000000000000
(1790642525.522296) vcan0 100#084F000000000000
(1790642525.522723) vcan0 300#FF1F000000000000
(1790642525.531890) vcan0 300#FF22000000000000
(1790642525.540654) vcan0 100#084A000000000000
(1790642525.540781) vcan0 200#4500000000000000
(1790642525.540847) vcan0 300#FF26000000000000
(1790642525.551166) vcan0 300#FF2A000000000000
(1790642525.561907) vcan0 100#0843000000000000
(1790642525.562049) vcan0 300#FF2F000000000000
(1790642525.571067) vcan0 300#FF33000000000000
(1790642525.582032) vcan0 100#083D000000000000
(1790642525.582080) vcan0 300#FF38000000000000
(1790642525.591850) vcan0 200#4500000000000000
(1790642525.591986) vcan0 300#FF3C000000000000
(1790642525.601165) vcan0 100#0838000000000000
(1790642525.601272) vcan0 300#FF40000000000000
(1790642525.612460) vcan0 300#FF46000000000000
(1790642525.621483) vcan0 100#0832000000000000
(1790642525.621578) vcan0 300#FF4A000000000000
(1790642525.631493) vcan0 300#FF4F000000000000
(1790642525.641064) vcan0 100#082C000000000000
(1790642525.641223) vcan0 200#4500000000000000
(1790642525.641344) vcan0 300#FF53000000000000
(1790642525.651441) vcan0 300#FF59000000000000
(1790642525.661986) vcan0 100#0825000000000000
(1790642525.662082) vcan0 300#FF5E000000000000
(1790642525.671971) vcan0 300#FF63000000000000
(1790642525.681259) vcan0 100#0820000000000000
(1790642525.681425) vcan0 300#FF68000000000000
(1790642525.690870) vcan0 200#4500000000000000
(1790642525.691007) vcan0 300#FF6D000000000000
(1790642525.700794) vcan0 100#081A000000000000
(1790642525.700919) vcan0 300#FF72000000000000
(1790642525.712079) vcan0 300#FF78000000000000
(1790642525.720688) vcan0 100#0814000000000000
(1790642525.720935) vcan0 300#FF7D000000000000
(1790642525.731219) vcan0 300#FF82000000000000
(1790642525.741191) vcan0 100#080E000000000000
(1790642525.741301) vcan0 200#4500000000000000
(1790642525.741347) vcan0 300#FF88000000000000
(1790642525.741387) vcan0 400#0400000000000000
(1790642525.752659) vcan0 300#FF8E000000000000
(1790642525.760671) vcan0 100#0808000000000000
(1790642525.760733) vcan0 300#FF92000000000000
(1790642525.770806) vcan0 300#FF98000000000000
(1790642525.781030) vcan0 100#0802000000000000
(1790642525.781069) vcan0 300#FF9E000000000000
(1790642525.792200) vcan0 200#4500000000000000
(1790642525.792304) vcan0 300#FFA4000000000000
(1790642525.800994) vcan0 100#07FC000000000000
(1790642525.801035) vcan0 300#FFA9000000000000
(1790642525.810601) vcan0 300#FFAF000000000000
(1790642525.821652) vcan0 100#07F6000000000000
(1790642525.821728) vcan0 300#FFB5000000000000
(1790642525.831590) vcan0 300#FFBB000000000000
(1790642525.840686) vcan0 100#07F0000000000000
(1790642525.840715) vcan0 200#4500000000000000
(1790642525.840724) vcan0 300#FFC0000000000000
(1790642525.851744) vcan0 300#FFC7000000000000
(1790642525.863139) vcan0 100#07E9000000000000
(1790642525.863192) vcan0 300#FFCE000000000000
(1790642525.871469) vcan0 300#FFD3000000000000
(1790642525.880605) vcan0 100#07E4000000000000
(1790642525.880636) vcan0 300#FFD8000000000000
(1790642525.890642) vcan0 200#4500000000000000
(1790642525.890697) vcan0 300#FFDE000000000000
(1790642525.902424) vcan0 100#07DD000000000000
(1790642525.902582) vcan0 300#FFE5000000000000
(1790642525.910916) vcan0 300#FFEA000000000000
(1790642525.920666) vcan0 100#07D8000000000000
(1790642525.920806) vcan0 300#FFF0000000000000
(1790642525.931561) vcan0 300#FFF6000000000000
(1790642525.942165) vcan0 100#07D1000000000000
(1790642525.942207) vcan0 200#4500000000000000
(1790642525.942217) vcan0 300#FFFD000000000000
(1790642525.950861) vcan0 300#0001000000000000
(1790642525.961732) vcan0 100#07CB000000000000
(1790642525.961782) vcan0 300#0008000000000000
(1790642525.972697) vcan0 300#000E000000000000
(1790642525.981123) vcan0 100#07C6000000000000
(1790642525.981145) vcan0 300#0013000000000000
(1790642525.990970) vcan0 200#4500000000000000
(1790642525.991075) vcan0 300#0019000000000000
(1790642526.000561) vcan0 100#07C0000000000000
(1790642526.000622) vcan0 300#001F000000000000
(1790642526.011490) vcan0 300#0025000000000000
(1790642526.020615) vcan0 100#07BA000000000000
(1790642526.020647) vcan0 300#002B000000000000
(1790642526.031255) vcan0 300#0031000000000000
(1790642526.040623) vcan0 100#07B4000000000000
(1790642526.040678) vcan0 200#4500000000000000
(1790642526.040692) vcan0 300#0037000000000000
(1790642526.051696) vcan0 300#003D000000000000
(1790642526.060488) vcan0 100#07AE000000000000
(1790642526.060511) vcan0 300#0042000000000000
(1790642526.071214) vcan0 300#0048000000000000
(1790642526.080633) vcan0 100#07A8000000000000
(1790642526.080777) vcan0 300#004E000000000000
(1790642526.091348) vcan0 200#4500000000000000
(1790642526.091465) vcan0 300#0054000000000000
(1790642526.101090) vcan0 100#07A2000000000000
(1790642526.101140) vcan0 300#005A000000000000
(1790642526.110948) vcan0 300#005F000000000000
(1790642526.121493) vcan0 100#079C000000000000
(1790642526.121563) vcan0 300#0065000000000000
(1790642526.131207) vcan0 300#006B000000000000
(1790642526.141120) vcan0 100#0796000000000000
(1790642526.141148) vcan0 200#4500000000000000
(1790642526.141160) vcan0 300#0070000000000000
(1790642526.150549) vcan0 300#0076000000000000
(1790642526.161683) vcan0 100#0790000000000000
(1790642526.161735) vcan0 300#007C000000000000
(1790642526.170739) vcan0 300#0081000000000000
(1790642526.181094) vcan0 100#078A000000000000
(1790642526.181210) vcan0 300#0086000000000000
(1790642526.190979) vcan0 200#4500000000000000
(1790642526.191052) vcan0 300#008B000000000000
(1790642526.200837) vcan0 100#0784000000000000
(1790642526.200908) vcan0 300#0091000000000000
(1790642526.211174) vcan0 300#0096000000000000
(1790642526.221344) vcan0 100#077E000000000000
(1790642526.221406) vcan0 300#009B000000000000
(1790642526.231684) vcan0 300#00A1000000000000
(1790642526.240511) vcan0 100#0778000000000000
(1790642526.240605) vcan0 200#4500000000000000
(1790642526.240635) vcan0 300#00A5000000000000
(1790642526.240666) vcan0 400#0400000000000000
(1790642526.240687) vcan0 500#1100000000000000
(1790642526.240707) vcan0 7DF#02010C0000000000
(1790642526.251285) vcan0 300#00AA000000000000
(1790642526.260992) vcan0 100#0772000000000000
(1790642526.261041) vcan0 300#00AF000000000000
(1790642526.271476) vcan0 300#00B4000000000000
(1790642526.280664) vcan0 100#076C000000000000
(1790642526.280769) vcan0 300#00B8000000000000
(1790642526.291030) vcan0 200#4500000000000000
(1790642526.291074) vcan0 300#00BD000000000000
(1790642526.301199) vcan0 100#0766000000000000
(1790642526.302151) vcan0 300#00C2000000000000
(1790642526.311120) vcan0 300#00C7000000000000
(1790642526.320576) vcan0 100#0760000000000000
(1790642526.320652) vcan0 300#00CB000000000000
(1790642526.331034) vcan0 300#00CF000000000000
(1790642526.340491) vcan0 100#075A000000000000
(1790642526.340550) vcan0 200#4500000000000000
(1790642526.340566) vcan0 300#00D3000000000000
(1790642526.351114) vcan0 300#00D8000000000000
(1790642526.361244) vcan0 100#0754000000000000
(1790642526.361305) vcan0 300#00DC000000000000
(1790642526.370526) vcan0 300#00E0000000000000
(1790642526.381082) vcan0 100#074E000000000000
(1790642526.381135) vcan0 300#00E4000000000000
(1790642526.392911) vcan0 200#4500000000000000
(1790642526.393095) vcan0 300#00E8000000000000
(1790642526.402001) vcan0 100#0748000000000000
(1790642526.402147) vcan0 300#00EC000000000000
(1790642526.411326) vcan0 300#00EF000000000000
(1790642526.420580) vcan0 100#0742000000000000
(1790642526.420667) vcan0 300#00F3000000000000
(1790642526.431021) vcan0 300#00F6000000000000
(1790642526.441968) vcan0 100#073C000000000000
(1790642526.442059) vcan0 200#4500000000000000
(1790642526.442076) vcan0 300#00FA000000000000
(1790642526.451054) vcan0 300#00FD000000000000
(1790642526.461182) vcan0 100#0736000000000000
(1790642526.461249) vcan0 300#0100000000000000
(1790642526.471481) vcan0 300#0103000000000000
(1790642526.481036) vcan0 100#0730000000000000
(1790642526.481064) vcan0 300#0106000000000000
(1790642526.491500) vcan0 200#4500000000000000
(1790642526.491616) vcan0 300#0109000000000000
(1790642526.500912) vcan0 100#072A000000000000
(1790642526.501031) vcan0 300#010B000000000000
(1790642526.511811) vcan0 300#010E000000000000
(1790642526.521335) vcan0 100#0724000000000000
(1790642526.521384) vcan0 300#0111000000000000
(1790642526.530997) vcan0 300#0113000000000000
(1790642526.542461) vcan0 100#071E000000000000
(1790642526.542573) vcan0 200#4500000000000000
(1790642526.542615) vcan0 300#0116000000000000
(1790642526.551026) vcan0 300#0118000000000000
(1790642526.561700) vcan0 100#0718000000000000
(1790642526.561736) vcan0 300#011A000000000000
(1790642526.571944) vcan0 300#011C000000000000
(1790642526.580880) vcan0 100#0712000000000000
(1790642526.581063) vcan0 300#011E000000000000
(1790642526.590883) vcan0 200#4500000000000000
(1790642526.591002) vcan0 300#011F000000000000
(1790642526.601880) vcan0 100#070C000000000000
(1790642526.601994) vcan0 300#0121000000000000
(1790642526.610607) vcan0 300#0122000000000000
(1790642526.622745) vcan0 100#0706000000000000
(1790642526.622950) vcan0 300#0124000000000000
(1790642526.631882) vcan0 300#0125000000000000
(1790642526.641885) vcan0 100#0700000000000000
(1790642526.641994) vcan0 200#4500000000000000
(1790642526.642025) vcan0 300#0126000000000000
(1790642526.652435) vcan0 300#0128000000000000
(1790642526.661063) vcan0 100#06FA000000000000
(1790642526.661227) vcan0 300#0128000000000000
(1790642526.672276) vcan0 300#0129000000000000
(1790642526.680575) vcan0 100#06F5000000000000
(1790642526.680643) vcan0 300#012A000000000000
(1790642526.690612) vcan0 200#4500000000000000
(1790642526.690733) vcan0 300#012A000000000000
(1790642526.700693) vcan0 100#06EF000000000000
(1790642526.700822) vcan0 300#012B000000000000
(1790642526.710712) vcan0 300#012B000000000000
(1790642526.720659) vcan0 100#06E9000000000000
(1790642526.720711) vcan0 300#012B000000000000
(1790642526.732535) vcan0 300#012B000000000000
(1790642526.741411) vcan0 100#06E3000000000000
(1790642526.741520) vcan0 200#4500000000000000
(1790642526.741562) vcan0 300#012B000000000000
(1790642526.741603) vcan0 400#0400000000000000
(1790642526.751023) vcan0 300#012B000000000000
(1790642526.760501) vcan0 100#06DD000000000000
(1790642526.760557) vcan0 300#012B000000000000
(1790642526.770989) vcan0 300#012B000000000000
(1790642526.781180) vcan0 100#06D7000000000000
(1790642526.781296) vcan0 300#012A000000000000
(1790642526.791915) vcan0 200#4500000000000000
(1790642526.792023) vcan0 300#0129000000000000
(1790642526.800724) vcan0 100#06D1000000000000
(1790642526.800798) vcan0 300#0129000000000000
(1790642526.810917) vcan0 300#0128000000000000
(1790642526.820962) vcan0 100#06CB000000000000
(1790642526.821033) vcan0 300#0127000000000000
(1790642526.831936) vcan0 300#0126000000000000
(1790642526.842378) vcan0 100#06C5000000000000
(1790642526.842415) vcan0 200#4500000000000000
(1790642526.842428) vcan0 300#0124000000000000
(1790642526.851362) vcan0 300#0123000000000000
(1790642526.861809) vcan0 100#06BF000000000000
(1790642526.861861) vcan0 300#0122000000000000
(1790642526.870577) vcan0 300#0120000000000000
(1790642526.880520) vcan0 100#06B9000000000000
(1790642526.880581) vcan0 300#011F000000000000
(1790642526.890559) vcan0 200#4500000000000000
(1790642526.890686) vcan0 300#011D000000000000
(1790642526.900707) vcan0 100#06B4000000000000
(1790642526.900864) vcan0 300#011B000000000000
(1790642526.912465) vcan0 300#0119000000000000
(1790642526.920652) vcan0 100#06AE000000000000
(1790642526.920762) vcan0 300#0117000000000000
(1790642526.931340) vcan0 300#0114000000000000
(1790642526.940686) vcan0 100#06A8000000000000
(1790642526.940757) vcan0 200#4500000000000000
(1790642526.940790) vcan0 300#0112000000000000
(1790642526.950634) vcan0 300#0110000000000000
(1790642526.960598) vcan0 100#06A2000000000000
(1790642526.960712) vcan0 300#010D000000000000
(1790642526.970601) vcan0 300#010A000000000000
(1790642526.981088) vcan0 100#069C000000000000
(1790642526.981328) vcan0 300#0108000000000000
(1790642526.991702) vcan0 200#4500000000000000
(1790642526.991860) vcan0 300#0104000000000000
(1790642527.001124) vcan0 100#0696000000000000
(1790642527.001252) vcan0 300#0102000000000000
(1790642527.012156) vcan0 300#00FE000000000000
(1790642527.021369) vcan0 100#0690000000000000
(1790642527.021444) vcan0 300#00FB000000000000
(1790642527.030886) vcan0 300#00F8000000000000
(1790642527.041419) vcan0 100#068A000000000000
(1790642527.041561) vcan0 200#4500000000000000
(1790642527.041604) vcan0 300#00F5000000000000
(1790642527.051989) vcan0 300#00F1000000000000
(1790642527.060846) vcan0 100#0685000000000000
(1790642527.060911) vcan0 300#00EE000000000000
(1790642527.070496) vcan0 300#00EA000000000000
(1790642527.081329) vcan0 100#067F000000000000
(1790642527.081421) vcan0 300#00E6000000000000
(1790642527.090593) vcan0 200#4500000000000000
(1790642527.090690) vcan0 300#00E2000000000000
(1790642527.100549) vcan0 100#0679000000000000
(1790642527.100667) vcan0 300#00DE000000000000
(1790642527.110838) vcan0 300#00DA000000000000
(1790642527.120763) vcan0 100#0673000000000000
(1790642527.120809) vcan0 300#00D6000000000000
(1790642527.132107) vcan0 300#00D1000000000000
(1790642527.141027) vcan0 100#066D000000000000
(1790642527.141135) vcan0 200#4500000000000000
(1790642527.141156) vcan0 300#00CD000000000000
(1790642527.151157) vcan0 300#00C9000000000000
(1790642527.160500) vcan0 100#0667000000000000
(1790642527.160589) vcan0 300#00C5000000000000
(1790642527.170942) vcan0 300#00C0000000000000
(1790642527.181014) vcan0 100#0661000000000000
(1790642527.181403) vcan0 300#00BB000000000000
(1790642527.193169) vcan0 200#4500000000000000
(1790642527.193423) vcan0 300#00B6000000000000
(1790642527.202228) vcan0 100#065B000000000000
(1790642527.202353) vcan0 300#00B1000000000000
(1790642527.211357) vcan0 300#00AD000000000000
(1790642527.221012) vcan0 100#0656000000000000
(1790642527.221061) vcan0 300#00A8000000000000
(1790642527.231147) vcan0 300#00A3000000000000
(1790642527.241477) vcan0 100#0650000000000000
(1790642527.241560) vcan0 200#4500000000000000
(1790642527.241591) vcan0 300#009E000000000000
(1790642527.241621) vcan0 400#0100000000000000
(1790642527.241640) vcan0 500#1200000000000000
(1790642527.251356) vcan0 300#0099000000000000
(1790642527.260714) vcan0 100#064A000000000000
(1790642527.260815) vcan0 300#0094000000000000
(1790642527.273031) vcan0 300#008D000000000000
(1790642527.281567) vcan0 100#0644000000000000
(1790642527.281700) vcan0 300#0089000000000000
(1790642527.290855) vcan0 200#4500000000000000
(1790642527.290997) vcan0 300#0084000000000000
(1790642527.301012) vcan0 100#063F000000000000
(1790642527.301084) vcan0 300#007E000000000000
(1790642527.310507) vcan0 300#0079000000000000
(1790642527.320524) vcan0 100#0639000000000000
(1790642527.320547) vcan0 300#0074000000000000
(1790642527.331465) vcan0 300#006D000000000000
(1790642527.340479) vcan0 100#0633000000000000
(1790642527.340537) vcan0 200#4500000000000000
(1790642527.340557) vcan0 300#0068000000000000
(1790642527.350921) vcan0 300#0063000000000000
(1790642527.360617) vcan0 100#062D000000000000
(1790642527.360794) vcan0 300#005D000000000000
(1790642527.372538) vcan0 300#0056000000000000
(1790642527.381028) vcan0 100#0628000000000000
(1790642527.381088) vcan0 300#0051000000000000
(1790642527.390426) vcan0 200#4500000000000000
(1790642527.390492) vcan0 300#004C000000000000
(1790642527.400901) vcan0 100#0622000000000000
(1790642527.401036) vcan0 300#0046000000000000
(1790642527.410620) vcan0 300#0040000000000000
(1790642527.421170) vcan0 100#061C000000000000
(1790642527.421226) vcan0 300#003A000000000000
(1790642527.430553) vcan0 300#0034000000000000
(1790642527.440967) vcan0 100#0616000000000000
(1790642527.441073) vcan0 200#4500000000000000
(1790642527.441099) vcan0 300#002E000000000000
(1790642527.451160) vcan0 300#0028000000000000
(1790642527.462595) vcan0 100#0610000000000000
(1790642527.462644) vcan0 300#0021000000000000
(1790642527.471265) vcan0 300#001C000000000000
(1790642527.481153) vcan0 100#060B000000000000
(1790642527.481186) vcan0 300#0016000000000000
(1790642527.491027) vcan0 200#4500000000000000
(1790642527.491205) vcan0 300#0010000000000000
(1790642527.501410) vcan0 100#0605000000000000
(1790642527.501667) vcan0 300#000A000000000000
(1790642527.511175) vcan0 300#0004000000000000
(1790642527.521205) vcan0 100#05FF000000000000
(1790642527.521547) vcan0 300#FFFF000000000000
(1790642527.530829) vcan0 300#FFFA000000000000
(1790642527.542928) vcan0 100#05F9000000000000
(1790642527.543132) vcan0 200#4500000000000000
(1790642527.543230) vcan0 300#FFF2000000000000
(1790642527.550834) vcan0 300#FFEE000000000000
(1790642527.560985) vcan0 100#05F4000000000000
(1790642527.561101) vcan0 300#FFE7000000000000
(1790642527.570869) vcan0 300#FFE2000000000000
(1790642527.580851) vcan0 100#05EE000000000000
(1790642527.580974) vcan0 300#FFDC000000000000
(1790642527.591580) vcan0 200#4500000000000000
(1790642527.591677) vcan0 300#FFD5000000000000
(1790642527.600691) vcan0 100#05E9000000000000
(1790642527.600811) vcan0 300#FFD0000000000000
(1790642527.610815) vcan0 300#FFCA000000000000
(1790642527.620884) vcan0 100#05E3000000000000
(1790642527.620923) vcan0 300#FFC4000000000000
(1790642527.631421) vcan0 300#FFBE000000000000
(1790642527.641287) vcan0 100#05DD000000000000
(1790642527.641673) vcan0 200#4500000000000000
(1790642527.641709) vcan0 300#FFB8000000000000
(1790642527.651829) vcan0 300#FFB2000000000000
(1790642527.660876) vcan0 100#05D8000000000000
(1790642527.660959) vcan0 300#FFAD000000000000
(1790642527.670619) vcan0 300#FFA7000000000000
(1790642527.680927) vcan0 100#05D2000000000000
(1790642527.680984) vcan0 300#FFA1000000000000
(1790642527.691104) vcan0 200#4500000000000000
(1790642527.691577) vcan0 300#FF9B000000000000
(1790642527.701416) vcan0 100#05CC000000000000
(1790642527.701476) vcan0 300#FF96000000000000
(1790642527.712992) vcan0 300#FF8F000000000000
(1790642527.720869) vcan0 100#05C7000000000000
(1790642527.720989) vcan0 300#FF8B000000000000
(1790642527.730792) vcan0 300#FF85000000000000
(1790642527.741034) vcan0 100#05C1000000000000
(1790642527.741194) vcan0 200#4500000000000000
(1790642527.741260) vcan0 300#FF80000000000000
(1790642527.741325) vcan0 400#0000000000000000
(1790642527.751032) vcan0 300#FF7A000000000000
(1790642527.761375) vcan0 100#05BB000000000000
(1790642527.761440) vcan0 300#FF75000000000000
(1790642527.771418) vcan0 300#FF70000000000000
(1790642527.780877) vcan0 100#05B6000000000000
(1790642527.781367) vcan0 300#FF6B000000000000
(1790642527.791118) vcan0 200#4500000000000000
(1790642527.791269) vcan0 300#FF65000000000000
(1790642527.801017) vcan0 100#05B0000000000000
(1790642527.801147) vcan0 300#FF60000000000000
(1790642527.810892) vcan0 300#FF5B000000000000
(1790642527.821480) vcan0 100#05AB000000000000
(1790642527.821581) vcan0 300#FF56000000000000
(1790642527.830555) vcan0 300#FF52000000000000
(1790642527.841513) vcan0 100#05A5000000000000
(1790642527.841626) vcan0 200#4500000000000000
(1790642527.841663) vcan0 300#FF4C000000000000
(1790642527.850979) vcan0 300#FF48000000000000
(1790642527.860925) vcan0 100#05A0000000000000
(1790642527.861080) vcan0 300#FF43000000000000
(1790642527.871237) vcan0 300#FF3E000000000000
(1790642527.880812) vcan0 100#059A000000000000
(1790642527.880864) vcan0 300#FF3A000000000000
(1790642527.891179) vcan0 200#4500000000000000
(1790642527.891296) vcan0 300#FF35000000000000
(1790642527.901046) vcan0 100#0594000000000000
(1790642527.901163) vcan0 300#FF31000000000000
(1790642527.910946) vcan0 300#FF2D000000000000
(1790642527.920808) vcan0 100#058F000000000000
(1790642527.920865) vcan0 300#FF29000000000000
(1790642527.931084) vcan0 300#FF24000000000000
(1790642527.940524) vcan0 100#058A000000000000
(1790642527.940626) vcan0 200#4500000000000000
(1790642527.940664) vcan0 300#FF21000000000000
(1790642527.950910) vcan0 300#FF1C000000000000
(1790642527.962118) vcan0 100#0584000000000000
(1790642527.962201) vcan0 300#FF18000000000000
(1790642527.971298) vcan0 300#FF15000000000000
(1790642527.981108) vcan0 100#057E000000000000
(1790642527.981220) vcan0 300#FF11000000000000
(1790642527.992114) vcan0 200#4500000000000000
(1790642527.992246) vcan0 300#FF0D000000000000
(1790642528.000991) vcan0 100#0579000000000000
(1790642528.001112) vcan0 300#FF0A000000000000
(1790642528.011008) vcan0 300#FF07000000000000
(1790642528.020923) vcan0 100#0573000000000000
(1790642528.020989) vcan0 300#FF04000000000000
(1790642528.030946) vcan0 300#FF00000000000000
(1790642528.041197) vcan0 100#056E000000000000
(1790642528.041408) vcan0 200#4500000000000000
(1790642528.041503) vcan0 300#FEFD000000000000
(1790642528.051147) vcan0 300#FEFA000000000000
(1790642528.061000) vcan0 100#0568000000000000
(1790642528.061085) vcan0 300#FEF7000000000000
(1790642528.070801) vcan0 300#FEF5000000000000
(1790642528.081580) vcan0 100#0563000000000000
(1790642528.081659) vcan0 300#FEF2000000000000
(1790642528.092712) vcan0 200#4500000000000000
(1790642528.092864) vcan0 300#FEEF000000000000
(1790642528.101243) vcan0 100#055D000000000000
(1790642528.101648) vcan0 300#FEED000000000000
(1790642528.111095) vcan0 300#FEEB000000000000
(1790642528.122185) vcan0 100#0558000000000000
(1790642528.122298) vcan0 300#FEE8000000000000
(1790642528.131576) vcan0 300#FEE6000000000000
(1790642528.140652) vcan0 100#0553000000000000
(1790642528.140698) vcan0 200#4500000000000000
(1790642528.140717) vcan0 300#FEE4000000000000
(1790642528.152249) vcan0 300#FEE2000000000000
(1790642528.160765) vcan0 100#054D000000000000
(1790642528.160806) vcan0 300#FEE1000000000000
(1790642528.171177) vcan0 300#FEDF000000000000
(1790642528.180738) vcan0 100#0548000000000000
(1790642528.180830) vcan0 300#FEDE000000000000
(1790642528.191339) vcan0 200#4500000000000000
(1790642528.191447) vcan0 300#FEDC000000000000
(1790642528.201908) vcan0 100#0542000000000000
(1790642528.202026) vcan0 300#FEDB000000000000
(1790642528.212651) vcan0 300#FEDA000000000000
(1790642528.221194) vcan0 100#053D000000000000
(1790642528.221248) vcan0 300#FED9000000000000
(1790642528.230869) vcan0 300#FED8000000000000
(1790642528.241608) vcan0 100#0537000000000000
(1790642528.241722) vcan0 200#4500000000000000
(1790642528.241757) vcan0 300#FED7000000000000
(1790642528.241791) vcan0 400#0000000000000000
(1790642528.241816) vcan0 500#1300000000000000
(1790642528.241839) vcan0 7DF#0201050000000000
(1790642528.251124) vcan0 300#FED6000000000000
(1790642528.261310) vcan0 100#0532000000000000
(1790642528.261384) vcan0 300#FED6000000000000
(1790642528.273061) vcan0 300#FED5000000000000
(1790642528.284585) vcan0 100#052C000000000000
(1790642528.284668) vcan0 300#FED5000000000000
(1790642528.291565) vcan0 200#4500000000000000
(1790642528.291633) vcan0 300#FED5000000000000
(1790642528.300762) vcan0 100#0528000000000000
(1790642528.300790) vcan0 300#FED5000000000000
(1790642528.311553) vcan0 300#FED5000000000000
(1790642528.320567) vcan0 100#0522000000000000
(1790642528.320624) vcan0 300#FED5000000000000
(1790642528.330690) vcan0 300#FED5000000000000
(1790642528.341314) vcan0 100#051D000000000000
(1790642528.341369) vcan0 200#4500000000000000
(1790642528.341385) vcan0 300#FED5000000000000
(1790642528.351191) vcan0 300#FED6000000000000
(1790642528.361447) vcan0 100#0517000000000000
(1790642528.361612) vcan0 300#FED6000000000000
(1790642528.371362) vcan0 300#FED7000000000000
(1790642528.380894) vcan0 100#0512000000000000
(1790642528.381015) vcan0 300#FED8000000000000
(1790642528.390572) vcan0 200#4500000000000000
(1790642528.390774) vcan0 300#FED9000000000000
(1790642528.402212) vcan0 100#050D000000000000
(1790642528.402360) vcan0 300#FEDA000000000000
(1790642528.410604) vcan0 300#FEDB000000000000
(1790642528.421299) vcan0 100#0508000000000000
(1790642528.421476) vcan0 300#FEDD000000000000
(1790642528.431053) vcan0 300#FEDE000000000000
(1790642528.442230) vcan0 100#0502000000000000
(1790642528.442333) vcan0 200#4500000000000000
(1790642528.442370) vcan0 300#FEE0000000000000
(1790642528.451501) vcan0 300#FEE1000000000000
(1790642528.460949) vcan0 100#04FD000000000000
(1790642528.460995) vcan0 300#FEE3000000000000
(1790642528.470990) vcan0 300#FEE5000000000000
(1790642528.481893) vcan0 100#04F8000000000000
(1790642528.482055) vcan0 300#FEE7000000000000
(1790642528.492645) vcan0 200#4500000000000000
(1790642528.492936) vcan0 300#FEE9000000000000
(1790642528.500639) vcan0 100#04F3000000000000
(1790642528.500792) vcan0 300#FEEB000000000000
(1790642528.512322) vcan0 300#FEEE000000000000
(1790642528.521183) vcan0 100#04ED000000000000
(1790642528.521237) vcan0 300#FEF0000000000000
(1790642528.531338) vcan0 300#FEF3000000000000
(1790642528.541546) vcan0 100#04E8000000000000
(1790642528.541639) vcan0 200#4500000000000000
(1790642528.541674) vcan0 300#FEF6000000000000
(1790642528.551229) vcan0 300#FEF8000000000000
(1790642528.561219) vcan0 100#04E3000000000000
(1790642528.561279) vcan0 300#FEFB000000000000
(1790642528.571225) vcan0 300#FEFE000000000000
(1790642528.581333) vcan0 100#04DE000000000000
(1790642528.581540) vcan0 300#FF01000000000000
(1790642528.590524) vcan0 200#4500000000000000
(1790642528.590673) vcan0 300#FF04000000000000
(1790642528.601301) vcan0 100#04D8000000000000
(1790642528.601346) vcan0 300#FF08000000000000
(1790642528.611072) vcan0 300#FF0B000000000000
(1790642528.620581) vcan0 100#04D3000000000000
(1790642528.620723) vcan0 300#FF0E000000000000
(1790642528.631728) vcan0 300#FF12000000000000
(1790642528.640931) vcan0 100#04CE000000000000
(1790642528.640968) vcan0 200#4500000000000000
(1790642528.640983) vcan0 300#FF16000000000000
(1790642528.651474) vcan0 300#FF1A000000000000
(1790642528.660540) vcan0 100#04C9000000000000
(1790642528.660632) vcan0 300#FF1D000000000000
(1790642528.671074) vcan0 300#FF22000000000000
(1790642528.681478) vcan0 100#04C4000000000000
(1790642528.681512) vcan0 300#FF26000000000000
(1790642528.691417) vcan0 200#4500000000000000
(1790642528.691481) vcan0 300#FF2A000000000000
(1790642528.701250) vcan0 100#04BF000000000000
(1790642528.701713) vcan0 300#FF2E000000000000
(1790642528.711212) vcan0 300#FF32000000000000
(1790642528.721739) vcan0 100#04BA000000000000
(1790642528.721785) vcan0 300#FF37000000000000
(1790642528.731461) vcan0 300#FF3B000000000000
(1790642528.740681) vcan0 100#04B5000000000000
(1790642528.740785) vcan0 200#4500000000000000
(1790642528.740823) vcan0 300#FF40000000000000
(1790642528.740861) vcan0 400#0000000000000000
(1790642528.751298) vcan0 300#FF44000000000000
(1790642528.760894) vcan0 100#04B0000000000000
(1790642528.760939) vcan0 300#FF49000000000000
(1790642528.771352) vcan0 300#FF4E000000000000
(1790642528.781143) vcan0 100#04AA000000000000
(1790642528.781252) vcan0 300#FF53000000000000
(1790642528.792078) vcan0 200#4500000000000000
(1790642528.792160) vcan0 300#FF58000000000000
(1790642528.801467) vcan0 100#04A5000000000000
(1790642528.801565) vcan0 300#FF5D000000000000
(1790642528.811615) vcan0 300#FF62000000000000
(1790642528.822330) vcan0 100#04A0000000000000
(1790642528.822374) vcan0 300#FF67000000000000
(1790642528.832520) vcan0 300#FF6D000000000000
(1790642528.841156) vcan0 100#049B000000000000
(1790642528.841235) vcan0 200#4500000000000000
(1790642528.841265) vcan0 300#FF71000000000000
(1790642528.852029) vcan0 300#FF77000000000000
(1790642528.861674) vcan0 100#0496000000000000
(1790642528.861731) vcan0 300#FF7C000000000000
(1790642528.872052) vcan0 300#FF82000000000000
(1790642528.881600) vcan0 100#0491000000000000
(1790642528.881701) vcan0 300#FF87000000000000
(1790642528.891653) vcan0 200#4500000000000000
(1790642528.891893) vcan0 300#FF8D000000000000
(1790642528.902339) vcan0 100#048C000000000000
(1790642528.902445) vcan0 300#FF93000000000000
(1790642528.911719) vcan0 300#FF98000000000000
(1790642528.920605) vcan0 100#0487000000000000
(1790642528.920690) vcan0 300#FF9D000000000000
(1790642528.931818) vcan0 300#FFA3000000000000
(1790642528.940621) vcan0 100#0482000000000000
(1790642528.940759) vcan0 200#4500000000000000
(1790642528.940815) vcan0 300#FFA8000000000000
(1790642528.951400) vcan0 300#FFAE000000000000
(1790642528.961294) vcan0 100#047D000000000000
(1790642528.961341) vcan0 300#FFB4000000000000
(1790642528.971259) vcan0 300#FFBA000000000000
(1790642528.980842) vcan0 100#0479000000000000
(1790642528.980966) vcan0 300#FFC0000000000000
(1790642528.991498) vcan0 200#4500000000000000
(1790642528.991617) vcan0 300#FFC6000000000000
(1790642529.001712) vcan0 100#0473000000000000
(1790642529.001977) vcan0 300#FFCC000000000000
(1790642529.011442) vcan0 300#FFD2000000000000
(1790642529.020789) vcan0 100#046F000000000000
(1790642529.020928) vcan0 300#FFD7000000000000
(1790642529.031663) vcan0 300#FFDE000000000000
(1790642529.041446) vcan0 100#046A000000000000
(1790642529.041572) vcan0 200#4500000000000000
(1790642529.041621) vcan0 300#FFE3000000000000
(1790642529.051625) vcan0 300#FFE9000000000000
(1790642529.062114) vcan0 100#0465000000000000
(1790642529.062211) vcan0 300#FFF0000000000000
(1790642529.071648) vcan0 300#FFF5000000000000
(1790642529.080722) vcan0 100#0460000000000000
(1790642529.080856) vcan0 300#FFFB000000000000
(1790642529.092128) vcan0 200#4500000000000000
(1790642529.092237) vcan0 300#0001000000000000
(1790642529.101367) vcan0 100#045B000000000000
(1790642529.101501) vcan0 300#0006000000000000
(1790642529.110491) vcan0 300#000C000000000000
(1790642529.121701) vcan0 100#0456000000000000
(1790642529.121826) vcan0 300#0012000000000000
(1790642529.131074) vcan0 300#0018000000000000
(1790642529.142216) vcan0 100#0451000000000000
(1790642529.142268) vcan0 200#4500000000000000
(1790642529.142288) vcan0 300#001F000000000000
(1790642529.151589) vcan0 300#0024000000000000
(1790642529.161109) vcan0 100#044D000000000000
(1790642529.161195) vcan0 300#002A000000000000
(1790642529.171631) vcan0 300#0030000000000000
(1790642529.180698) vcan0 100#0448000000000000
(1790642529.180736) vcan0 300#0036000000000000
(1790642529.191207) vcan0 200#4500000000000000
(1790642529.191524) vcan0 300#003C000000000000
(1790642529.201149) vcan0 100#0443000000000000
(1790642529.201232) vcan0 300#0042000000000000
(1790642529.211171) vcan0 300#0048000000000000
(1790642529.221213) vcan0 100#043E000000000000
(1790642529.221272) vcan0 300#004D000000000000
(1790642529.230625) vcan0 300#0053000000000000
(1790642529.241668) vcan0 100#0439000000000000
(1790642529.241716) vcan0 200#4500000000000000
(1790642529.241734) vcan0 300#0059000000000000
(1790642529.241756) vcan0 400#0400000000000000
(1790642529.241771) vcan0 500#1400000000000000
(1790642529.251538) vcan0 300#005F000000000000
(1790642529.261476) vcan0 100#0435000000000000
(1790642529.261562) vcan0 300#0064000000000000
(1790642529.271375) vcan0 300#006A000000000000
(1790642529.281391) vcan0 100#0430000000000000
(1790642529.281423) vcan0 300#0070000000000000
(1790642529.290541) vcan0 200#4500000000000000
(1790642529.290598) vcan0 300#0075000000000000
(1790642529.301469) vcan0 100#042B000000000000
(1790642529.301525) vcan0 300#007B000000000000
(1790642529.312556) vcan0 300#0081000000000000
(1790642529.321466) vcan0 100#0427000000000000
(1790642529.321489) vcan0 300#0085000000000000
(1790642529.332933) vcan0 300#008C000000000000
(1790642529.340599) vcan0 100#0422000000000000
(1790642529.340730) vcan0 200#4500000000000000
(1790642529.340787) vcan0 300#0090000000000000
(1790642529.352813) vcan0 300#0096000000000000
(1790642529.361760) vcan0 100#041D000000000000
(1790642529.361851) vcan0 300#009B000000000000
(1790642529.372077) vcan0 300#00A0000000000000
(1790642529.380690) vcan0 100#0419000000000000
(1790642529.380743) vcan0 300#00A4000000000000
(1790642529.391844) vcan0 200#4500000000000000
(1790642529.391943) vcan0 300#00AA000000000000
(1790642529.407568) vcan0 100#0413000000000000
(1790642529.407815) vcan0 300#00B1000000000000
(1790642529.413811) vcan0 300#00B4000000000000
(1790642529.421383) vcan0 100#040F000000000000
(1790642529.421449) vcan0 300#00B8000000000000
(1790642529.433723) vcan0 300#00BE000000000000
(1790642529.442531) vcan0 100#040B000000000000
(1790642529.442996) vcan0 200#4500000000000000
(1790642529.443090) vcan0 300#00C2000000000000
(1790642529.568994) vcan0 100#03EE000000000000
(1790642529.569212) vcan0 200#4500000000000000
(1790642529.569270) vcan0 300#00F5000000000000
(1790642529.571882) vcan0 100#03ED000000000000
(1790642529.571971) vcan0 200#4500000000000000
(1790642529.572007) vcan0 300#00F6000000000000
(1790642529.573750) vcan0 100#03ED000000000000
(1790642529.573864) vcan0 300#00F7000000000000
(1790642529.585901) vcan0 100#03EA000000000000
(1790642529.586081) vcan0 300#00FB000000000000
(1790642529.587695) vcan0 100#03EA000000000000
(1790642529.587799) vcan0 300#00FB000000000000
(1790642529.595005) vcan0 100#03E8000000000000
(1790642529.595137) vcan0 200#4500000000000000
(1790642529.595192) vcan0 300#00FE000000000000
(1790642529.602143) vcan0 100#03E6000000000000
(1790642529.602397) vcan0 300#0100000000000000
(1790642529.604599) vcan0 100#03E6000000000000
(1790642529.604704) vcan0 300#0101000000000000
(1790642529.606752) vcan0 300#0101000000000000
(1790642529.608568) vcan0 300#0102000000000000
(1790642529.609912) vcan0 300#0102000000000000
(1790642529.611572) vcan0 300#0103000000000000
(1790642529.613484) vcan0 300#0103000000000000
(1790642529.616690) vcan0 300#0104000000000000
(1790642529.618970) vcan0 300#0105000000000000
(1790642529.620487) vcan0 100#03E2000000000000
(1790642529.620593) vcan0 300#0105000000000000
(1790642529.621970) vcan0 300#0106000000000000
(1790642529.623666) vcan0 300#0106000000000000
(1790642529.631717) vcan0 300#0109000000000000
(1790642529.666240) vcan0 100#03D8000000000000
(1790642529.666334) vcan0 200#4500000000000000
(1790642529.666379) vcan0 300#0112000000000000
(1790642529.668210) vcan0 100#03D8000000000000
(1790642529.669103) vcan0 300#0112000000000000
(1790642529.671302) vcan0 300#0113000000000000
(1790642529.673825) vcan0 300#0113000000000000
(1790642529.680653) vcan0 100#03D5000000000000
(1790642529.680759) vcan0 300#0115000000000000
(1790642529.693787) vcan0 200#4500000000000000
(1790642529.693920) vcan0 300#0118000000000000
(1790642529.710910) vcan0 100#03CE000000000000
(1790642529.711088) vcan0 300#011B000000000000
(1790642529.712632) vcan0 300#011C000000000000
(1790642529.721427) vcan0 100#03CC000000000000
(1790642529.721516) vcan0 300#011D000000000000
(1790642529.730794) vcan0 300#011F000000000000
(1790642529.747411) vcan0 100#03C6000000000000
(1790642529.747479) vcan0 200#4500000000000000
(1790642529.747509) vcan0 300#0122000000000000
(1790642529.747547) vcan0 400#0000000000000000
(1790642529.757328) vcan0 300#0123000000000000
(1790642529.760987) vcan0 100#03C3000000000000
(1790642529.761054) vcan0 300#0124000000000000
(1790642529.778092) vcan0 300#0126000000000000
(1790642529.787552) vcan0 100#03BE000000000000
(1790642529.787663) vcan0 300#0127000000000000
(1790642529.794018) vcan0 200#4500000000000000
(1790642529.794117) vcan0 300#0128000000000000
(1790642529.804043) vcan0 100#03BA000000000000
(1790642529.804107) vcan0 300#0128000000000000
(1790642529.821677) vcan0 100#03B6000000000000
(1790642529.821740) vcan0 300#012A000000000000
(1790642529.825152) vcan0 300#012A000000000000
(1790642529.832088) vcan0 300#012A000000000000
(1790642529.841950) vcan0 100#03B2000000000000
(1790642529.842017) vcan0 200#4500000000000000
(1790642529.842044) vcan0 300#012B000000000000
(1790642529.851054) vcan0 300#012B000000000000
(1790642529.860977) vcan0 100#03AE000000000000
(1790642529.861085) vcan0 300#012B000000000000
(1790642529.871119) vcan0 300#012B000000000000
(1790642529.881827) vcan0 100#03A9000000000000
(1790642529.881861) vcan0 300#012B000000000000
(1790642529.901016) vcan0 100#03A5000000000000
(1790642529.901166) vcan0 200#4500000000000000
(1790642529.901211) vcan0 300#012B000000000000
(1790642529.903911) vcan0 300#012B000000000000
(1790642529.915653) vcan0 300#012B000000000000
(1790642529.925203) vcan0 100#03A0000000000000
(1790642529.925269) vcan0 300#012A000000000000
(1790642529.932495) vcan0 300#012A000000000000
(1790642529.949043) vcan0 100#039B000000000000
(1790642529.949192) vcan0 200#4500000000000000
(1790642529.949250) vcan0 300#0128000000000000
(1790642529.951158) vcan0 300#0128000000000000
(1790642529.962738) vcan0 100#0398000000000000
(1790642529.962866) vcan0 300#0127000000000000
(1790642529.972430) vcan0 300#0126000000000000
(1790642529.990658) vcan0 100#0393000000000000
(1790642529.990802) vcan0 200#4500000000000000
(1790642529.990855) vcan0 300#0124000000000000
(1790642529.992272) vcan0 300#0123000000000000
(1790642530.001042) vcan0 100#0391000000000000
(1790642530.001179) vcan0 300#0122000000000000
(1790642530.017995) vcan0 300#011F000000000000
(1790642530.025135) vcan0 100#038C000000000000
(1790642530.025275) vcan0 300#011E000000000000
(1790642530.030625) vcan0 300#011D000000000000
(1790642530.050554) vcan0 100#0386000000000000
(1790642530.050625) vcan0 200#4500000000000000
(1790642530.050654) vcan0 300#0119000000000000
(1790642530.052124) vcan0 300#0119000000000000
(1790642530.060598) vcan0 100#0384000000000000
(1790642530.060735) vcan0 300#0117000000000000
(1790642530.105103) vcan0 100#037B000000000000
(1790642530.105280) vcan0 200#4500000000000000
(1790642530.105351) vcan0 300#010C000000000000
(1790642530.108092) vcan0 100#037B000000000000
(1790642530.108140) vcan0 300#010C000000000000
(1790642530.111174) vcan0 300#010B000000000000
(1790642530.124872) vcan0 100#0377000000000000
(1790642530.124939) vcan0 300#0107000000000000
(1790642530.126770) vcan0 300#0106000000000000
(1790642530.129318) vcan0 300#0106000000000000
(1790642530.130997) vcan0 300#0105000000000000
(1790642530.141319) vcan0 100#0374000000000000
(1790642530.141461) vcan0 200#4500000000000000
(1790642530.141513) vcan0 300#0102000000000000
(1790642530.153213) vcan0 300#00FE000000000000
(1790642530.160515) vcan0 100#0370000000000000
(1790642530.160564) vcan0 300#00FC000000000000
(1790642530.170702) vcan0 300#00F9000000000000
(1790642530.324212) vcan0 100#0350000000000000
(1790642530.324845) vcan0 200#4500000000000000
(1790642530.324895) vcan0 300#00BB000000000000
(1790642530.324933) vcan0 400#0400000000000000
(1790642530.324957) vcan0 500#1500000000000000
(1790642530.324980) vcan0 7DF#02010C0000000000
(1790642530.326548) vcan0 100#0350000000000000
(1790642530.326641) vcan0 200#4500000000000000
(1790642530.326682) vcan0 300#00B9000000000000
(1790642530.328231) vcan0 100#034F000000000000
(1790642530.332701) vcan0 200#4500000000000000
(1790642530.332735) vcan0 300#00B9000000000000
(1790642530.333915) vcan0 100#034E000000000000
(1790642530.333940) vcan0 300#00B6000000000000
(1790642530.336794) vcan0 100#034E000000000000
(1790642530.336857) vcan0 300#00B5000000000000
(1790642530.338690) vcan0 100#034D000000000000
(1790642530.338766) vcan0 300#00B4000000000000
(1790642530.340628) vcan0 100#034D000000000000
(1790642530.340940) vcan0 200#4500000000000000
(1790642530.341396) vcan0 300#00B3000000000000
(1790642530.344045) vcan0 100#034C000000000000
(1790642530.344115) vcan0 300#00B1000000000000
(1790642530.346173) vcan0 100#034C000000000000
(1790642530.346704) vcan0 300#00B0000000000000
(1790642530.349003) vcan0 300#00AF000000000000
(1790642530.350640) vcan0 300#00AE000000000000
(1790642530.353604) vcan0 300#00AC000000000000
(1790642530.357946) vcan0 300#00AA000000000000
(1790642530.359774) vcan0 300#00A9000000000000
(1790642530.361594) vcan0 100#0349000000000000
(1790642530.361738) vcan0 300#00A9000000000000
(1790642530.364311) vcan0 300#00A7000000000000
(1790642530.366607) vcan0 300#00A6000000000000
(1790642530.368479) vcan0 300#00A5000000000000
(1790642530.370979) vcan0 300#00A4000000000000
(1790642530.373094) vcan0 300#00A3000000000000
(1790642530.380745) vcan0 100#0345000000000000
(1790642530.380798) vcan0 300#009F000000000000
(1790642530.390971) vcan0 200#4500000000000000
(1790642530.391036) vcan0 300#009A000000000000
(1790642530.401727) vcan0 100#0341000000000000
(1790642530.401778) vcan0 300#0094000000000000
(1790642530.410591) vcan0 300#008F000000000000
(1790642530.421667) vcan0 100#033E000000000000
(1790642530.421851) vcan0 300#008A000000000000
(1790642530.431931) vcan0 300#0084000000000000
(1790642530.442913) vcan0 100#033A000000000000
(1790642530.442991) vcan0 200#4500000000000000
(1790642530.443009) vcan0 300#007E000000000000
(1790642530.459696) vcan0 300#0075000000000000
(1790642530.472420) vcan0 100#0334000000000000
(1790642530.472572) vcan0 300#006E000000000000
(1790642530.484220) vcan0 100#0332000000000000
(1790642530.484404) vcan0 300#0067000000000000
(1790642530.493776) vcan0 200#4400000000000000
(1790642530.493918) vcan0 300#0062000000000000
(1790642530.495934) vcan0 300#0061000000000000
(1790642530.501214) vcan0 100#032F000000000000
(1790642530.501348) vcan0 300#005E000000000000
(1790642530.511530) vcan0 300#0058000000000000
(1790642530.521396) vcan0 100#032B000000000000
(1790642530.521519) vcan0 300#0052000000000000
(1790642530.537233) vcan0 300#0049000000000000
(1790642530.614876) vcan0 100#031A000000000000
(1790642530.615015) vcan0 200#4400000000000000
(1790642530.615050) vcan0 300#001B000000000000
(1790642530.616710) vcan0 100#031A000000000000
(1790642530.617207) vcan0 200#4400000000000000
(1790642530.617230) vcan0 300#001A000000000000
(1790642530.619466) vcan0 100#0319000000000000
(1790642530.619635) vcan0 300#0018000000000000
(1790642530.621253) vcan0 100#0319000000000000
(1790642530.621510) vcan0 300#0017000000000000
(1790642530.623127) vcan0 100#0319000000000000
(1790642530.623286) vcan0 300#0016000000000000
(1790642530.625253) vcan0 300#0015000000000000
(1790642530.626867) vcan0 300#0014000000000000
(1790642530.629248) vcan0 300#0012000000000000
(1790642530.630666) vcan0 300#0012000000000000
(1790642530.632520) vcan0 300#0010000000000000
(1790642530.641484) vcan0 100#0315000000000000
(1790642530.641559) vcan0 200#4400000000000000
(1790642530.641570) vcan0 300#000B000000000000
(1790642530.651418) vcan0 300#0005000000000000
(1790642530.660495) vcan0 100#0312000000000000
(1790642530.660556) vcan0 300#0000000000000000
(1790642530.670692) vcan0 300#FFFB000000000000
(1790642530.681578) vcan0 100#030E000000000000
(1790642530.681647) vcan0 300#FFF4000000000000
(1790642530.691544) vcan0 200#4400000000000000
(1790642530.691605) vcan0 300#FFEE000000000000
(1790642530.702164) vcan0 100#030B000000000000
(1790642530.702225) vcan0 300#FFE8000000000000
(1790642530.719017) vcan0 300#FFDE000000000000
(1790642530.720741) vcan0 100#0307000000000000
(1790642530.720829) vcan0 300#FFDD000000000000
(1790642530.730952) vcan0 300#FFD7000000000000
(1790642530.740511) vcan0 100#0304000000000000
(1790642530.740536) vcan0 200#4400000000000000
(1790642530.740546) vcan0 300#FFD1000000000000
(1790642530.740560) vcan0 400#0000000000000000
(1790642530.750848) vcan0 300#FFCB000000000000
(1790642530.761952) vcan0 100#0300000000000000
(1790642530.762066) vcan0 300#FFC4000000000000
(1790642530.771373) vcan0 300#FFBF000000000000
(1790642530.782514) vcan0 100#02FD000000000000
(1790642530.782664) vcan0 300#FFB8000000000000
(1790642530.791878) vcan0 200#4400000000000000
(1790642530.791983) vcan0 300#FFB3000000000000
(1790642530.800867) vcan0 100#02FA000000000000
(1790642530.800915) vcan0 300#FFAE000000000000
(1790642530.811816) vcan0 300#FFA7000000000000
(1790642530.823675) vcan0 100#02F6000000000000
(1790642530.823812) vcan0 300#FFA0000000000000
(1790642530.841752) vcan0 100#02F3000000000000
(1790642530.842005) vcan0 200#4400000000000000
(1790642530.842039) vcan0 300#FF96000000000000
(1790642530.844616) vcan0 300#FF95000000000000
(1790642530.851415) vcan0 300#FF91000000000000
(1790642530.860651) vcan0 100#02F0000000000000
(1790642530.860702) vcan0 300#FF8C000000000000
(1790642530.871040) vcan0 300#FF86000000000000
(1790642530.881467) vcan0 100#02EC000000000000
(1790642530.881667) vcan0 300#FF80000000000000
(1790642530.890869) vcan0 200#4400000000000000
(1790642530.891007) vcan0 300#FF7B000000000000
(1790642530.900551) vcan0 100#02E9000000000000
(1790642530.900700) vcan0 300#FF76000000000000
(1790642530.910500) vcan0 300#FF71000000000000
(1790642530.920842) vcan0 100#02E6000000000000
(1790642530.920892) vcan0 300#FF6B000000000000
(1790642530.930687) vcan0 300#FF66000000000000
(1790642530.940806) vcan0 100#02E3000000000000
(1790642530.940953) vcan0 200#4400000000000000
(1790642530.940974) vcan0 300#FF61000000000000
(1790642530.950539) vcan0 300#FF5C000000000000
(1790642530.960700) vcan0 100#02DF000000000000
(1790642530.960739) vcan0 300#FF57000000000000
(1790642530.971979) vcan0 300#FF52000000000000
(1790642530.980513) vcan0 100#02DC000000000000
(1790642530.980542) vcan0 300#FF4D000000000000
(1790642530.991960) vcan0 200#4400000000000000
(1790642530.992098) vcan0 300#FF48000000000000
(1790642531.000502) vcan0 100#02D9000000000000
(1790642531.000531) vcan0 300#FF44000000000000
(1790642531.011221) vcan0 300#FF3F000000000000
(1790642531.021119) vcan0 100#02D6000000000000
(1790642531.021235) vcan0 300#FF3B000000000000
(1790642531.030818) vcan0 300#FF36000000000000
(1790642531.040837) vcan0 100#02D3000000000000
(1790642531.040975) vcan0 200#4400000000000000
(1790642531.040995) vcan0 300#FF32000000000000
(1790642531.051258) vcan0 300#FF2D000000000000
(1790642531.060790) vcan0 100#02CF000000000000
(1790642531.060910) vcan0 300#FF29000000000000
(1790642531.070794) vcan0 300#FF25000000000000
(1790642531.080588) vcan0 100#02CC000000000000
(1790642531.080709) vcan0 300#FF21000000000000
(1790642531.091627) vcan0 200#4400000000000000
(1790642531.091760) vcan0 300#FF1D000000000000
(1790642531.100892) vcan0 100#02C9000000000000
(1790642531.101019) vcan0 300#FF19000000000000
(1790642531.110664) vcan0 300#FF16000000000000
(1790642531.120610) vcan0 100#02C6000000000000
(1790642531.120689) vcan0 300#FF12000000000000
(1790642531.131989) vcan0 300#FF0E000000000000
(1790642531.140754) vcan0 100#02C3000000000000
(1790642531.140813) vcan0 200#4400000000000000
(1790642531.140823) vcan0 300#FF0B000000000000
(1790642531.150879) vcan0 300#FF07000000000000
(1790642531.160860) vcan0 100#02C0000000000000
(1790642531.160955) vcan0 300#FF04000000000000
(1790642531.170719) vcan0 300#FF01000000000000
(1790642531.180897) vcan0 100#02BD000000000000
(1790642531.180986) vcan0 300#FEFE000000000000
(1790642531.191704) vcan0 200#4400000000000000
(1790642531.191764) vcan0 300#FEFB000000000000
(1790642531.200739) vcan0 100#02BA000000000000
(1790642531.200752) vcan0 300#FEF8000000000000
(1790642531.210592) vcan0 300#FEF5000000000000
(1790642531.220677) vcan0 100#02B7000000000000
(1790642531.220696) vcan0 300#FEF2000000000000
(1790642531.231607) vcan0 300#FEF0000000000000
(1790642531.240534) vcan0 100#02B4000000000000
(1790642531.240696) vcan0 200#4400000000000000
(1790642531.240717) vcan0 300#FEEE000000000000
(1790642531.240740) vcan0 400#0000000000000000
(1790642531.240757) vcan0 500#1600000000000000
(1790642531.250482) vcan0 300#FEEB000000000000
(1790642531.260753) vcan0 100#02B1000000000000
(1790642531.260813) vcan0 300#FEE9000000000000
(1790642531.270745) vcan0 300#FEE7000000000000
(1790642531.280739) vcan0 100#02AE000000000000
(1790642531.280788) vcan0 300#FEE5000000000000
(1790642531.291211) vcan0 200#4400000000000000
(1790642531.291273) vcan0 300#FEE3000000000000
(1790642531.300753) vcan0 100#02AB000000000000
(1790642531.300827) vcan0 300#FEE1000000000000
(1790642531.310421) vcan0 300#FEDF000000000000
(1790642531.321420) vcan0 100#02A8000000000000
(1790642531.321616) vcan0 300#FEDE000000000000
(1790642531.331388) vcan0 300#FEDC000000000000
(1790642531.340814) vcan0 100#02A6000000000000
(1790642531.340838) vcan0 200#4400000000000000
(1790642531.340846) vcan0 300#FEDB000000000000
(1790642531.350805) vcan0 300#FEDA000000000000
(1790642531.361904) vcan0 100#02A3000000000000
(1790642531.361983) vcan0 300#FED9000000000000
(1790642531.372716) vcan0 300#FED8000000000000
(1790642531.381511) vcan0 100#02A0000000000000
(1790642531.381543) vcan0 300#FED7000000000000
(1790642531.390689) vcan0 200#4400000000000000
(1790642531.390768) vcan0 300#FED6000000000000
(1790642531.400876) vcan0 100#029D000000000000
(1790642531.400911) vcan0 300#FED6000000000000
(1790642531.410680) vcan0 300#FED5000000000000
(1790642531.420794) vcan0 100#029A000000000000
(1790642531.420868) vcan0 300#FED5000000000000
(1790642531.432430) vcan0 300#FED5000000000000
(1790642531.441305) vcan0 100#0298000000000000
(1790642531.441378) vcan0 200#4400000000000000
(1790642531.441388) vcan0 300#FED5000000000000
(1790642531.450449) vcan0 300#FED5000000000000
(1790642531.460900) vcan0 100#0295000000000000
(1790642531.460957) vcan0 300#FED5000000000000
(1790642531.470737) vcan0 300#FED5000000000000
(1790642531.480663) vcan0 100#0292000000000000
(1790642531.480715) vcan0 300#FED5000000000000
(1790642531.490905) vcan0 200#4400000000000000
(1790642531.490968) vcan0 300#FED6000000000000
(1790642531.500974) vcan0 100#0290000000000000
(1790642531.501037) vcan0 300#FED6000000000000
(1790642531.510692) vcan0 300#FED7000000000000
(1790642531.520949) vcan0 100#028D000000000000
(1790642531.521012) vcan0 300#FED8000000000000
(1790642531.530504) vcan0 300#FED9000000000000
(1790642531.541873) vcan0 100#028A000000000000
(1790642531.541926) vcan0 200#4400000000000000
(1790642531.541934) vcan0 300#FEDA000000000000
(1790642531.551634) vcan0 300#FEDB000000000000
(1790642531.560978) vcan0 100#0288000000000000
(1790642531.561031) vcan0 300#FEDC000000000000
(1790642531.570859) vcan0 300#FEDE000000000000
(1790642531.580597) vcan0 100#0285000000000000
(1790642531.580651) vcan0 300#FEDF000000000000
(1790642531.590899) vcan0 200#4400000000000000
(1790642531.590955) vcan0 300#FEE1000000000000
(1790642531.600940) vcan0 100#0283000000000000
(1790642531.600999) vcan0 300#FEE3000000000000
(1790642531.610587) vcan0 300#FEE5000000000000
(1790642531.621780) vcan0 100#0280000000000000
(1790642531.621897) vcan0 300#FEE7000000000000
(1790642531.631344) vcan0 300#FEE9000000000000
(1790642531.641101) vcan0 100#027D000000000000
(1790642531.641157) vcan0 200#4400000000000000
(1790642531.641166) vcan0 300#FEEB000000000000
(1790642531.650790) vcan0 300#FEED000000000000
(1790642531.660559) vcan0 100#027B000000000000
(1790642531.660579) vcan0 300#FEF0000000000000
(1790642531.670940) vcan0 300#FEF2000000000000
(1790642531.681086) vcan0 100#0278000000000000
(1790642531.681145) vcan0 300#FEF5000000000000
(1790642531.690882) vcan0 200#4400000000000000
(1790642531.690999) vcan0 300#FEF8000000000000
(1790642531.700954) vcan0 100#0276000000000000
(1790642531.701011) vcan0 300#FEFB000000000000
(1790642531.710890) vcan0 300#FEFE000000000000
(1790642531.721215) vcan0 100#0274000000000000
(1790642531.721232) vcan0 300#FF01000000000000
(1790642531.731275) vcan0 300#FF04000000000000
(1790642531.740753) vcan0 100#0271000000000000
(1790642531.740925) vcan0 200#4400000000000000
(1790642531.740934) vcan0 300#FF07000000000000
(1790642531.740945) vcan0 400#0100000000000000
(1790642531.751551) vcan0 300#FF0B000000000000
(1790642531.761632) vcan0 100#026F000000000000
(1790642531.761689) vcan0 300#FF0E000000000000
(1790642531.770631) vcan0 300#FF11000000000000
(1790642531.781374) vcan0 100#026C000000000000
(1790642531.781436) vcan0 300#FF15000000000000
(1790642531.791230) vcan0 200#4400000000000000
(1790642531.791265) vcan0 300#FF19000000000000
(1790642531.801572) vcan0 100#026A000000000000
(1790642531.801635) vcan0 300#FF1D000000000000
(1790642531.811433) vcan0 300#FF21000000000000
(1790642531.820757) vcan0 100#0268000000000000
(1790642531.820792) vcan0 300#FF25000000000000
(1790642531.831386) vcan0 300#FF29000000000000
(1790642531.840438) vcan0 100#0266000000000000
(1790642531.840509) vcan0 200#4400000000000000
(1790642531.840517) vcan0 300#FF2D000000000000
(1790642531.851347) vcan0 300#FF32000000000000
(1790642531.860486) vcan0 100#0263000000000000
(1790642531.860550) vcan0 300#FF36000000000000
(1790642531.871251) vcan0 300#FF3B000000000000
(1790642531.880661) vcan0 100#0261000000000000
(1790642531.880726) vcan0 300#FF3F000000000000
(1790642531.891504) vcan0 200#4400000000000000
(1790642531.891578) vcan0 300#FF44000000000000
(1790642531.900440) vcan0 100#025F000000000000
(1790642531.900529) vcan0 300#FF48000000000000
(1790642531.911306) vcan0 300#FF4D000000000000
(1790642531.920973) vcan0 100#025C000000000000
(1790642531.921034) vcan0 300#FF52000000000000
(1790642531.931281) vcan0 300#FF57000000000000
(1790642531.940997) vcan0 100#025A000000000000
(1790642531.941050) vcan0 200#4400000000000000
(1790642531.941059) vcan0 300#FF5C000000000000
(1790642531.951279) vcan0 300#FF61000000000000
(1790642531.961405) vcan0 100#0258000000000000
(1790642531.961473) vcan0 300#FF66000000000000
(1790642531.971992) vcan0 300#FF6C000000000000
(1790642531.982015) vcan0 100#0256000000000000
(1790642531.982035) vcan0 300#FF71000000000000
(1790642531.990566) vcan0 200#4400000000000000
(1790642531.990635) vcan0 300#FF75000000000000
(1790642532.001017) vcan0 100#0254000000000000
(1790642532.001072) vcan0 300#FF7B000000000000
(1790642532.011299) vcan0 300#FF81000000000000
(1790642532.020545) vcan0 100#0252000000000000
(1790642532.020601) vcan0 300#FF86000000000000
(1790642532.031442) vcan0 300#FF8C000000000000
(1790642532.040826) vcan0 100#0250000000000000
(1790642532.040899) vcan0 200#4400000000000000
(1790642532.040908) vcan0 300#FF91000000000000
(1790642532.050476) vcan0 300#FF96000000000000
(1790642532.062040) vcan0 100#024D000000000000
(1790642532.062100) vcan0 300#FF9D000000000000
(1790642532.072177) vcan0 300#FFA2000000000000
(1790642532.122694) vcan0 100#0247000000000000
(1790642532.123675) vcan0 200#4400000000000000
(1790642532.124044) vcan0 300#FFC0000000000000
(1790642532.126217) vcan0 100#0247000000000000
(1790642532.126270) vcan0 300#FFC2000000000000
(1790642532.127579) vcan0 100#0247000000000000
(1790642532.127784) vcan0 300#FFC3000000000000
(1790642532.129168) vcan0 300#FFC3000000000000
(1790642532.130687) vcan0 300#FFC4000000000000
(1790642532.133442) vcan0 300#FFC6000000000000
(1790642532.140831) vcan0 100#0246000000000000
(1790642532.140896) vcan0 200#4400000000000000
(1790642532.140905) vcan0 300#FFCA000000000000
(1790642532.150529) vcan0 300#FFD0000000000000
(1790642532.170618) vcan0 100#0243000000000000
(1790642532.170895) vcan0 300#FFDC000000000000
(1790642532.172638) vcan0 300#FFDD000000000000
(1790642532.182442) vcan0 100#0242000000000000
(1790642532.182519) vcan0 300#FFE3000000000000
(1790642532.193608) vcan0 200#4400000000000000
(1790642532.193835) vcan0 300#FFEA000000000000
(1790642532.207573) vcan0 100#023F000000000000
(1790642532.207818) vcan0 300#FFF2000000000000
(1790642532.214245) vcan0 300#FFF6000000000000
(1790642532.228286) vcan0 100#023D000000000000
(1790642532.228690) vcan0 300#FFFF000000000000
(1790642532.231759) vcan0 300#0000000000000000
(1790642532.248812) vcan0 100#023B000000000000
(1790642532.248952) vcan0 200#4400000000000000
(1790642532.248971) vcan0 300#000A000000000000
(1790642532.248992) vcan0 400#0000000000000000
(1790642532.249005) vcan0 500#1700000000000000
(1790642532.249021) vcan0 7DF#0201050000000000
(1790642532.250893) vcan0 300#000B000000000000
(1790642532.309595) vcan0 100#0236000000000000
(1790642532.310401) vcan0 200#4400000000000000
(1790642532.310737) vcan0 300#002E000000000000
(1790642532.312107) vcan0 100#0236000000000000
(1790642532.312755) vcan0 300#0030000000000000
(1790642532.315685) vcan0 100#0235000000000000
(1790642532.315824) vcan0 300#0032000000000000
(1790642532.329851) vcan0 100#0234000000000000
(1790642532.330011) vcan0 300#003A000000000000
(1790642532.332188) vcan0 300#003B000000000000
(1790642532.333685) vcan0 300#003C000000000000
(1790642532.335227) vcan0 300#003D000000000000
(1790642532.336759) vcan0 300#003E000000000000
(1790642532.341991) vcan0 100#0233000000000000
(1790642532.342187) vcan0 200#4400000000000000
(1790642532.342209) vcan0 300#0041000000000000
(1790642532.352236) vcan0 300#0047000000000000
(1790642532.361248) vcan0 100#0231000000000000
(1790642532.361329) vcan0 300#004C000000000000
(1790642532.372232) vcan0 300#0053000000000000
(1790642532.382202) vcan0 100#0230000000000000
(1790642532.382363) vcan0 300#0058000000000000
(1790642532.392121) vcan0 200#4300000000000000
(1790642532.392484) vcan0 300#005E000000000000
(1790642532.401282) vcan0 100#022E000000000000
(1790642532.401382) vcan0 300#0063000000000000
(1790642532.412211) vcan0 300#006A000000000000
(1790642532.422061) vcan0 100#022C000000000000
(1790642532.422576) vcan0 300#006F000000000000
(1790642532.430967) vcan0 300#0074000000000000
(1790642532.447274) vcan0 100#022A000000000000
(1790642532.447877) vcan0 200#4300000000000000
(1790642532.447916) vcan0 300#007D000000000000
(1790642532.452174) vcan0 300#0080000000000000
(1790642532.460948) vcan0 100#0229000000000000
(1790642532.461096) vcan0 300#0084000000000000
(1790642532.473664) vcan0 300#008B000000000000
(1790642532.482022) vcan0 100#0227000000000000
(1790642532.482194) vcan0 300#0090000000000000
(1790642532.492029) vcan0 200#4300000000000000
(1790642532.492153) vcan0 300#0095000000000000
(1790642532.510008) vcan0 100#0225000000000000
(1790642532.510863) vcan0 300#009E000000000000
(1790642532.512601) vcan0 300#009F000000000000
(1790642532.619267) vcan0 100#021D000000000000
(1790642532.619872) vcan0 200#4300000000000000
(1790642532.620750) vcan0 300#00D1000000000000
(1790642532.623201) vcan0 100#021D000000000000
(1790642532.623388) vcan0 200#4300000000000000
(1790642532.623417) vcan0 300#00D3000000000000
(1790642532.624756) vcan0 100#021D000000000000
(1790642532.624947) vcan0 300#00D4000000000000
(1790642532.626659) vcan0 100#021D000000000000
(1790642532.626811) vcan0 300#00D5000000000000
(1790642532.628647) vcan0 100#021D000000000000
(1790642532.628765) vcan0 300#00D5000000000000
(1790642532.631057) vcan0 100#021C000000000000
(1790642532.631189) vcan0 300#00D6000000000000
(1790642532.633188) vcan0 300#00D7000000000000
(1790642532.636147) vcan0 300#00D9000000000000
(1790642532.638360) vcan0 300#00DA000000000000
(1790642532.640295) vcan0 300#00DA000000000000
(1790642532.641681) vcan0 100#021C000000000000
(1790642532.641853) vcan0 200#4300000000000000
(1790642532.641876) vcan0 300#00DB000000000000
(1790642532.645125) vcan0 300#00DC000000000000
(1790642532.646582) vcan0 300#00DD000000000000
(1790642532.652514) vcan0 300#00DF000000000000
(1790642532.668092) vcan0 100#021A000000000000
(1790642532.668319) vcan0 300#00E5000000000000
(1790642532.678449) vcan0 300#00E9000000000000
(1790642532.687904) vcan0 100#0219000000000000
(1790642532.688068) vcan0 300#00ED000000000000
(1790642532.694314) vcan0 200#4300000000000000
(1790642532.694533) vcan0 300#00EF000000000000
(1790642532.701446) vcan0 100#0218000000000000
(1790642532.701620) vcan0 300#00F2000000000000
(1790642532.711568) vcan0 300#00F5000000000000
(1790642532.737363) vcan0 100#0215000000000000
(1790642532.737516) vcan0 300#00FE000000000000
(1790642532.739611) vcan0 300#00FF000000000000
(1790642532.740897) vcan0 100#0215000000000000
(1790642532.741012) vcan0 200#4300000000000000
(1790642532.741030) vcan0 300#00FF000000000000
(1790642532.741051) vcan0 400#0000000000000000
(1790642532.752682) vcan0 300#0103000000000000
(1790642532.762331) vcan0 100#0214000000000000
(1790642532.762559) vcan0 300#0105000000000000
(1790642532.777412) vcan0 300#010A000000000000
(1790642532.781378) vcan0 100#0213000000000000
(1790642532.781574) vcan0 300#010B000000000000
(1790642532.790534) vcan0 200#4300000000000000
(1790642532.790707) vcan0 300#010D000000000000
(1790642532.800529) vcan0 100#0212000000000000
(1790642532.800663) vcan0 300#0110000000000000
(1790642532.811363) vcan0 300#0112000000000000
(1790642532.821615) vcan0 100#0210000000000000
(1790642532.821695) vcan0 300#0115000000000000
(1790642532.838610) vcan0 300#0119000000000000
(1790642532.840474) vcan0 100#020F000000000000
(1790642532.840614) vcan0 200#4300000000000000
(1790642532.840636) vcan0 300#0119000000000000
(1790642532.851498) vcan0 300#011B000000000000
(1790642532.862586) vcan0 100#020E000000000000
(1790642532.862779) vcan0 300#011D000000000000
(1790642532.874372) vcan0 300#011F000000000000
(1790642532.880712) vcan0 100#020D000000000000
(1790642532.880864) vcan0 300#0120000000000000
(1790642532.892561) vcan0 200#4300000000000000
(1790642532.892751) vcan0 300#0122000000000000
(1790642532.901857) vcan0 100#020C000000000000
(1790642532.902011) vcan0 300#0124000000000000
(1790642532.912057) vcan0 300#0125000000000000
(1790642532.922211) vcan0 100#020B000000000000
(1790642532.922355) vcan0 300#0126000000000000
(1790642532.930532) vcan0 300#0127000000000000
(1790642532.941234) vcan0 100#020A000000000000
(1790642532.941287) vcan0 200#4300000000000000
(1790642532.941312) vcan0 300#0128000000000000
(1790642532.951568) vcan0 300#0129000000000000
(1790642532.962109) vcan0 100#0209000000000000
(1790642532.962143) vcan0 300#012A000000000000
(1790642532.972765) vcan0 300#012A000000000000
(1790642532.987645) vcan0 100#0207000000000000
(1790642532.987733) vcan0 300#012B000000000000
(1790642532.992579) vcan0 200#4300000000000000
(1790642532.992700) vcan0 300#012B000000000000
(1790642533.002051) vcan0 100#0207000000000000
(1790642533.002182) vcan0 300#012B000000000000
(1790642533.019545) vcan0 300#012B000000000000
(1790642533.033369) vcan0 100#0205000000000000
(1790642533.033412) vcan0 300#012B000000000000
(1790642533.035529) vcan0 300#012B000000000000
(1790642533.043123) vcan0 100#0205000000000000
(1790642533.043216) vcan0 200#4300000000000000
(1790642533.043246) vcan0 300#012B000000000000
(1790642533.051629) vcan0 300#012B000000000000
(1790642533.061815) vcan0 100#0204000000000000
(1790642533.061854) vcan0 300#012A000000000000
(1790642533.075672) vcan0 300#0129000000000000
(1790642533.084946) vcan0 100#0203000000000000
(1790642533.084989) vcan0 300#0129000000000000
(1790642533.093435) vcan0 200#4300000000000000
(1790642533.093559) vcan0 300#0128000000000000
(1790642533.102617) vcan0 100#0202000000000000
(1790642533.102751) vcan0 300#0127000000000000
(1790642533.116767) vcan0 300#0126000000000000
(1790642533.121934) vcan0 100#0201000000000000
(1790642533.121993) vcan0 300#0125000000000000
(1790642533.130787) vcan0 300#0124000000000000
(1790642533.142000) vcan0 100#0201000000000000
(1790642533.142142) vcan0 200#4300000000000000
(1790642533.142194) vcan0 300#0122000000000000
(1790642533.150992) vcan0 300#0121000000000000
(1790642533.161326) vcan0 100#0200000000000000
(1790642533.161443) vcan0 300#011F000000000000
(1790642533.171973) vcan0 300#011D000000000000
(1790642533.181611) vcan0 100#01FF000000000000
(1790642533.181704) vcan0 300#011B000000000000
(1790642533.193284) vcan0 200#4300000000000000
(1790642533.193409) vcan0 300#0119000000000000
(1790642533.204094) vcan0 100#01FE000000000000
(1790642533.204242) vcan0 300#0117000000000000
(1790642533.219421) vcan0 300#0113000000000000
(1790642533.233754) vcan0 100#01FD000000000000
(1790642533.233818) vcan0 300#0110000000000000
(1790642533.235309) vcan0 300#010F000000000000
(1790642533.242118) vcan0 100#01FD000000000000
(1790642533.242268) vcan0 200#4300000000000000
(1790642533.242317) vcan0 300#010E000000000000
(1790642533.243957) vcan0 400#0000000000000000
(1790642533.244081) vcan0 500#1800000000000000
(1790642533.250784) vcan0 300#010B000000000000
(1790642533.268475) vcan0 100#01FC000000000000
(1790642533.268492) vcan0 300#0106000000000000
(1790642533.270488) vcan0 300#0106000000000000
(1790642533.281306) vcan0 100#01FC000000000000
(1790642533.281323) vcan0 300#0103000000000000
(1790642533.298374) vcan0 200#4300000000000000
(1790642533.298422) vcan0 300#00FD000000000000
(1790642533.301372) vcan0 100#01FB000000000000
(1790642533.301402) vcan0 300#00FC000000000000
(1790642533.310640) vcan0 300#00F9000000000000
(1790642533.328367) vcan0 100#01FA000000000000
(1790642533.328385) vcan0 300#00F3000000000000
(1790642533.340044) vcan0 300#00EF000000000000
(1790642533.348471) vcan0 100#01FA000000000000
(1790642533.348487) vcan0 200#4300000000000000
(1790642533.348494) vcan0 300#00EC000000000000
(1790642533.350670) vcan0 300#00EB000000000000
(1790642533.360784) vcan0 100#01F9000000000000
(1790642533.360802) vcan0 300#00E7000000000000
(1790642533.371590) vcan0 300#00E3000000000000
(1790642533.381086) vcan0 100#01F9000000000000
(1790642533.381126) vcan0 300#00DF000000000000
(1790642533.391148) vcan0 200#4300000000000000
(1790642533.391227) vcan0 300#00DB000000000000
(1790642533.400965) vcan0 100#01F8000000000000
(1790642533.401205) vcan0 300#00D7000000000000
(1790642533.411907) vcan0 300#00D3000000000000
(1790642533.422633) vcan0 100#01F8000000000000
(1790642533.422681) vcan0 300#00CE000000000000
(1790642533.430768) vcan0 300#00CB000000000000
(1790642533.441420) vcan0 100#01F7000000000000
(1790642533.441523) vcan0 200#4300000000000000
(1790642533.441551) vcan0 300#00C6000000000000
(1790642533.451966) vcan0 300#00C1000000000000
(1790642533.462069) vcan0 100#01F7000000000000
(1790642533.462146) vcan0 300#00BC000000000000
(1790642533.480690) vcan0 100#01F7000000000000
(1790642533.480818) vcan0 300#00B4000000000000
(1790642533.489745) vcan0 300#00AF000000000000
(1790642533.492611) vcan0 200#4300000000000000
(1790642533.492661) vcan0 300#00AE000000000000
(1790642533.500900) vcan0 100#01F6000000000000
(1790642533.500986) vcan0 300#00AA000000000000
(1790642533.519643) vcan0 300#00A0000000000000
(1790642533.526588) vcan0 100#01F6000000000000
(1790642533.526663) vcan0 300#009D000000000000
(1790642533.538393) vcan0 300#0097000000000000
(1790642533.555848) vcan0 100#01F5000000000000
(1790642533.556013) vcan0 200#4300000000000000
(1790642533.556066) vcan0 300#008E000000000000
(1790642533.561436) vcan0 100#01F5000000000000
(1790642533.561581) vcan0 300#008B000000000000
(1790642533.564592) vcan0 300#0089000000000000
(1790642533.585069) vcan0 100#01F5000000000000
(1790642533.585135) vcan0 300#007E000000000000
(1790642533.586955) vcan0 300#007D000000000000
(1790642533.592813) vcan0 200#4300000000000000
(1790642533.592946) vcan0 300#007A000000000000
(1790642533.600786) vcan0 100#01F5000000000000
(1790642533.600882) vcan0 300#0075000000000000
(1790642533.612063) vcan0 300#006F000000000000
(1790642533.621221) vcan0 100#01F4000000000000
(1790642533.621239) vcan0 300#006A000000000000
(1790642533.631918) vcan0 300#0064000000000000
(1790642533.642179) vcan0 100#01F4000000000000
(1790642533.642205) vcan0 200#4300000000000000
(1790642533.642216) vcan0 300#005E000000000000
(1790642533.650619) vcan0 300#0059000000000000
(1790642533.660943) vcan0 100#01F4000000000000
(1790642533.661036) vcan0 300#0053000000000000
(1790642533.670748) vcan0 300#004E000000000000
(1790642533.681009) vcan0 100#01F4000000000000
(1790642533.681084) vcan0 300#0048000000000000
(1790642533.690693) vcan0 200#4300000000000000
(1790642533.690795) vcan0 300#0042000000000000
(1790642533.700501) vcan0 100#01F4000000000000
(1790642533.700585) vcan0 300#003C000000000000
(1790642533.711921) vcan0 300#0035000000000000
(1790642533.720480) vcan0 100#01F4000000000000
(1790642533.720508) vcan0 300#0030000000000000
(1790642533.730935) vcan0 300#002A000000000000
(1790642533.740598) vcan0 100#01F4000000000000
(1790642533.740628) vcan0 200#4300000000000000
(1790642533.740640) vcan0 300#0024000000000000
(1790642533.740654) vcan0 400#0400000000000000
(1790642533.750961) vcan0 300#001E000000000000
(1790642533.760645) vcan0 100#01F4000000000000
(1790642533.760680) vcan0 300#0019000000000000
(1790642533.770782) vcan0 300#0012000000000000
(1790642533.780687) vcan0 100#01F4000000000000
(1790642533.780740) vcan0 300#000D000000000000
(1790642533.791667) vcan0 200#4300000000000000
(1790642533.791749) vcan0 300#0006000000000000
(1790642533.800745) vcan0 100#01F4000000000000
(1790642533.800782) vcan0 300#0001000000000000
(1790642533.811218) vcan0 300#FFFB000000000000
(1790642533.820781) vcan0 100#01F4000000000000
(1790642533.820811) vcan0 300#FFF5000000000000
(1790642533.831418) vcan0 300#FFEF000000000000
(1790642533.841156) vcan0 100#01F4000000000000
(1790642533.841184) vcan0 200#4300000000000000
(1790642533.841194) vcan0 300#FFE9000000000000
(1790642533.851106) vcan0 300#FFE3000000000000
(1790642533.860478) vcan0 100#01F4000000000000
(1790642533.860505) vcan0 300#FFDE000000000000
(1790642533.871052) vcan0 300#FFD7000000000000
(1790642533.881142) vcan0 100#01F4000000000000
(1790642533.881179) vcan0 300#FFD1000000000000
(1790642533.891804) vcan0 200#4300000000000000
(1790642533.891870) vcan0 300#FFCB000000000000
(1790642533.900574) vcan0 100#01F4000000000000
(1790642533.900600) vcan0 300#FFC6000000000000
(1790642533.910938) vcan0 300#FFC0000000000000
(1790642533.920751) vcan0 100#01F4000000000000
(1790642533.920808) vcan0 300#FFBA000000000000
(1790642533.930468) vcan0 300#FFB4000000000000
(1790642533.941024) vcan0 100#01F4000000000000
(1790642533.941052) vcan0 200#4200000000000000
(1790642533.941063) vcan0 300#FFAE000000000000
(1790642533.950526) vcan0 300#FFA9000000000000
(1790642533.960753) vcan0 100#01F4000000000000
(1790642533.960780) vcan0 300#FFA3000000000000
(1790642533.972571) vcan0 300#FF9C000000000000
(1790642533.981956) vcan0 100#01F4000000000000
(1790642533.981985) vcan0 300#FF97000000000000
(1790642533.992009) vcan0 200#4200000000000000
(1790642533.992042) vcan0 300#FF91000000000000
(1790642534.000798) vcan0 100#01F5000000000000
(1790642534.000829) vcan0 300#FF8D000000000000
(1790642534.011232) vcan0 300#FF87000000000000
(1790642534.020655) vcan0 100#01F5000000000000
(1790642534.020688) vcan0 300#FF82000000000000
(1790642534.031276) vcan0 300#FF7C000000000000
(1790642534.040574) vcan0 100#01F5000000000000
(1790642534.040605) vcan0 200#4200000000000000
(1790642534.040615) vcan0 300#FF77000000000000
(1790642534.051988) vcan0 300#FF71000000000000
(1790642534.061001) vcan0 100#01F6000000000000
(1790642534.061025) vcan0 300#FF6C000000000000
(1790642534.072064) vcan0 300#FF66000000000000
(1790642534.082044) vcan0 100#01F6000000000000
(1790642534.082068) vcan0 300#FF61000000000000
(1790642534.092000) vcan0 200#4200000000000000
(1790642534.092026) vcan0 300#FF5C000000000000
(1790642534.100560) vcan0 100#01F6000000000000
(1790642534.100583) vcan0 300#FF58000000000000
(1790642534.111947) vcan0 300#FF52000000000000
(1790642534.120890) vcan0 100#01F7000000000000
(1790642534.120914) vcan0 300#FF4E000000000000
(1790642534.132640) vcan0 300#FF48000000000000
(1790642534.140979) vcan0 100#01F7000000000000
(1790642534.141006) vcan0 200#4200000000000000
(1790642534.141016) vcan0 300#FF45000000000000
(1790642534.152545) vcan0 300#FF3F000000000000
(1790642534.161486) vcan0 100#01F7000000000000
(1790642534.161523) vcan0 300#FF3B000000000000
(1790642534.170841) vcan0 300#FF37000000000000
(1790642534.180942) vcan0 100#01F8000000000000
(1790642534.180974) vcan0 300#FF32000000000000
(1790642534.191868) vcan0 200#4200000000000000
(1790642534.191937) vcan0 300#FF2E000000000000
(1790642534.201017) vcan0 100#01F8000000000000
(1790642534.201068) vcan0 300#FF2A000000000000
(1790642534.210564) vcan0 300#FF26000000000000
(1790642534.220956) vcan0 100#01F9000000000000
(1790642534.221003) vcan0 300#FF22000000000000
(1790642534.231191) vcan0 300#FF1E000000000000
(1790642534.241932) vcan0 100#01F9000000000000
(1790642534.241981) vcan0 200#4200000000000000
(1790642534.241992) vcan0 300#FF19000000000000
(1790642534.242005) vcan0 400#0200000000000000
(1790642534.242013) vcan0 500#1900000000000000
(1790642534.242033) vcan0 7DF#02010C0000000000
(1790642534.250582) vcan0 300#FF16000000000000
(1790642534.262416) vcan0 100#01FA000000000000
(1790642534.262435) vcan0 300#FF12000000000000
(1790642534.270884) vcan0 300#FF0F000000000000
(1790642534.280765) vcan0 100#01FA000000000000
(1790642534.280783) vcan0 300#FF0B000000000000
(1790642534.285810) vcan0 666#DEAD000000000000
(1790642534.290449) vcan0 200#4200000000000000
(1790642534.290465) vcan0 300#FF08000000000000
(1790642534.300610) vcan0 100#01FB000000000000
(1790642534.300658) vcan0 300#FF05000000000000
(1790642534.312396) vcan0 300#FF01000000000000
(1790642534.321279) vcan0 100#01FC000000000000
(1790642534.321310) vcan0 300#FEFE000000000000
(1790642534.330818) vcan0 300#FEFB000000000000
(1790642534.342236) vcan0 100#01FC000000000000
(1790642534.342303) vcan0 200#4200000000000000
(1790642534.342325) vcan0 300#FEF8000000000000
(1790642534.350696) vcan0 300#FEF6000000000000
(1790642534.362959) vcan0 100#01FD000000000000
(1790642534.363165) vcan0 300#FEF2000000000000
(1790642534.372440) vcan0 300#FEF0000000000000
(1790642534.380636) vcan0 100#01FE000000000000
(1790642534.380704) vcan0 300#FEEE000000000000
(1790642534.387570) vcan0 666#DEAD010000000000
(1790642534.392142) vcan0 200#4200000000000000
(1790642534.392171) vcan0 300#FEEB000000000000
(1790642534.400570) vcan0 100#01FE000000000000
(1790642534.400599) vcan0 300#FEE9000000000000
(1790642534.411301) vcan0 300#FEE7000000000000
(1790642534.423102) vcan0 100#01FF000000000000
(1790642534.423175) vcan0 300#FEE5000000000000
(1790642534.430451) vcan0 300#FEE3000000000000
(1790642534.442554) vcan0 100#0200000000000000
(1790642534.442631) vcan0 200#4200000000000000
(1790642534.442651) vcan0 300#FEE1000000000000
(1790642534.459587) vcan0 300#FEDE000000000000
(1790642534.470918) vcan0 100#0201000000000000
(1790642534.471040) vcan0 300#FEDD000000000000
(1790642534.472421) vcan0 300#FEDC000000000000
(1790642534.480902) vcan0 100#0201000000000000
(1790642534.480946) vcan0 300#FEDB000000000000
(1790642534.491368) vcan0 666#DEAD020000000000
(1790642534.492661) vcan0 200#4200000000000000
(1790642534.492702) vcan0 300#FEDA000000000000
(1790642534.501038) vcan0 100#0202000000000000
(1790642534.501167) vcan0 300#FED9000000000000
(1790642534.512447) vcan0 300#FED8000000000000
(1790642534.522903) vcan0 100#0203000000000000
(1790642534.523043) vcan0 300#FED7000000000000
(1790642534.530485) vcan0 300#FED6000000000000
(1790642534.547738) vcan0 100#0204000000000000
(1790642534.547789) vcan0 200#4200000000000000
(1790642534.547814) vcan0 300#FED5000000000000
(1790642534.562619) vcan0 100#0205000000000000
(1790642534.562770) vcan0 300#FED5000000000000
(1790642534.565094) vcan0 300#FED5000000000000
(1790642534.570576) vcan0 300#FED5000000000000
(1790642534.591720) vcan0 100#0206000000000000
(1790642534.591906) vcan0 200#4200000000000000
(1790642534.591971) vcan0 300#FED5000000000000
(1790642534.601762) vcan0 100#0207000000000000
(1790642534.601895) vcan0 300#FED5000000000000
(1790642534.604634) vcan0 300#FED5000000000000
(1790642534.608650) vcan0 666#DEAD030000000000
(1790642534.611886) vcan0 300#FED5000000000000
(1790642534.621798) vcan0 100#0208000000000000
(1790642534.621866) vcan0 300#FED5000000000000
(1790642534.632564) vcan0 300#FED6000000000000
(1790642534.640591) vcan0 100#0209000000000000
(1790642534.640688) vcan0 200#4200000000000000
(1790642534.640722) vcan0 300#FED6000000000000
(1790642534.650994) vcan0 300#FED7000000000000
(1790642534.660649) vcan0 100#020A000000000000
(1790642534.660829) vcan0 300#FED8000000000000
(1790642534.671495) vcan0 300#FED9000000000000
(1790642534.680780) vcan0 100#020B000000000000
(1790642534.680849) vcan0 300#FEDA000000000000
(1790642534.690601) vcan0 200#4200000000000000
(1790642534.690682) vcan0 300#FEDB000000000000
(1790642534.701255) vcan0 100#020C000000000000
(1790642534.701391) vcan0 300#FEDC000000000000
(1790642534.710601) vcan0 300#FEDD000000000000
(1790642534.710840) vcan0 666#DEAD040000000000
(1790642534.721160) vcan0 100#020D000000000000
(1790642534.721194) vcan0 300#FEDF000000000000
(1790642534.730696) vcan0 300#FEE1000000000000
(1790642534.741317) vcan0 100#020E000000000000
(1790642534.741348) vcan0 200#4200000000000000
(1790642534.741359) vcan0 300#FEE3000000000000
(1790642534.741374) vcan0 400#0000000000000000
(1790642534.751206) vcan0 300#FEE4000000000000
(1790642534.760646) vcan0 100#020F000000000000
(1790642534.760693) vcan0 300#FEE6000000000000
(1790642534.770898) vcan0 300#FEE8000000000000
(1790642534.780708) vcan0 100#0210000000000000
(1790642534.780795) vcan0 300#FEEB000000000000
(1790642534.791044) vcan0 200#4200000000000000
(1790642534.791131) vcan0 300#FEED000000000000
(1790642534.800565) vcan0 100#0211000000000000
(1790642534.800610) vcan0 300#FEEF000000000000
(1790642534.811292) vcan0 300#FEF2000000000000
(1790642534.813739) vcan0 666#DEAD050000000000
(1790642534.820676) vcan0 100#0212000000000000
(1790642534.820726) vcan0 300#FEF4000000000000
(1790642534.830763) vcan0 300#FEF7000000000000
(1790642534.840680) vcan0 100#0214000000000000
(1790642534.840713) vcan0 200#4200000000000000
(1790642534.840725) vcan0 300#FEFA000000000000
(1790642534.851317) vcan0 300#FEFD000000000000
(1790642534.860509) vcan0 100#0215000000000000
(1790642534.860538) vcan0 300#FF00000000000000
(1790642534.872510) vcan0 300#FF04000000000000
(1790642534.880455) vcan0 100#0216000000000000
(1790642534.880482) vcan0 300#FF06000000000000
(1790642534.891372) vcan0 200#4200000000000000
(1790642534.891394) vcan0 300#FF0A000000000000
(1790642534.901549) vcan0 100#0218000000000000
(1790642534.901612) vcan0 300#FF0E000000000000
(1790642534.910532) vcan0 300#FF11000000000000
(1790642534.914327) vcan0 666#DEAD060000000000
(1790642534.922663) vcan0 100#0219000000000000
(1790642534.922687) vcan0 300#FF15000000000000
(1790642534.930980) vcan0 300#FF18000000000000
(1790642534.942586) vcan0 100#021A000000000000
(1790642534.942635) vcan0 200#4200000000000000
(1790642534.942642) vcan0 300#FF1D000000000000
(1790642534.950573) vcan0 300#FF20000000000000
(1790642534.960698) vcan0 100#021C000000000000
(1790642534.960762) vcan0 300#FF24000000000000
(1790642534.970598) vcan0 300#FF28000000000000
(1790642534.980825) vcan0 100#021D000000000000
(1790642534.980845) vcan0 300#FF2D000000000000
(1790642534.990675) vcan0 200#4200000000000000
(1790642534.990719) vcan0 300#FF31000000000000
(1790642535.000483) vcan0 100#021E000000000000
(1790642535.000533) vcan0 300#FF35000000000000
(1790642535.010736) vcan0 300#FF3A000000000000
(1790642535.015102) vcan0 666#DEAD070000000000
(1790642535.022222) vcan0 100#0220000000000000
(1790642535.022252) vcan0 300#FF3F000000000000
(1790642535.031090) vcan0 300#FF43000000000000
(1790642535.041606) vcan0 100#0221000000000000
(1790642535.041635) vcan0 200#4200000000000000
(1790642535.041645) vcan0 300#FF48000000000000
(1790642535.052601) vcan0 300#FF4D000000000000
(1790642535.061227) vcan0 100#0223000000000000
(1790642535.061260) vcan0 300#FF51000000000000
(1790642535.070981) vcan0 300#FF56000000000000
(1790642535.082844) vcan0 100#0224000000000000
(1790642535.082889) vcan0 300#FF5C000000000000
(1790642535.092584) vcan0 200#4200000000000000
(1790642535.092683) vcan0 300#FF61000000000000
(1790642535.101070) vcan0 100#0226000000000000
(1790642535.101154) vcan0 300#FF65000000000000
(1790642535.112548) vcan0 300#FF6B000000000000
(1790642535.117423) vcan0 666#DEAD080000000000
(1790642535.122493) vcan0 100#0227000000000000
(1790642535.122520) vcan0 300#FF70000000000000
(1790642535.131995) vcan0 300#FF75000000000000
(1790642535.140561) vcan0 100#0229000000000000
(1790642535.140590) vcan0 200#4200000000000000
(1790642535.140601) vcan0 300#FF7A000000000000
(1790642535.151334) vcan0 300#FF80000000000000
(1790642535.160461) vcan0 100#022A000000000000
(1790642535.160490) vcan0 300#FF85000000000000
(1790642535.171096) vcan0 300#FF8B000000000000
(1790642535.180443) vcan0 100#022C000000000000
(1790642535.180513) vcan0 300#FF90000000000000
(1790642535.192556) vcan0 200#4200000000000000
(1790642535.192650) vcan0 300#FF96000000000000
(1790642535.200479) vcan0 100#022E000000000000
(1790642535.200539) vcan0 300#FF9B000000000000
(1790642535.211751) vcan0 300#FFA1000000000000
(1790642535.218962) vcan0 666#DEAD090000000000
(1790642535.220903) vcan0 100#022F000000000000
(1790642535.220934) vcan0 300#FFA7000000000000
(1790642535.230589) vcan0 300#FFAC000000000000
(1790642535.241126) vcan0 100#0231000000000000
(1790642535.241201) vcan0 200#4100000000000000
(1790642535.241216) vcan0 300#FFB2000000000000
(1790642535.241230) vcan0 400#0000000000000000
(1790642535.241239) vcan0 500#1A00000000000000
(1790642535.251758) vcan0 300#FFB8000000000000
(1790642535.261008) vcan0 100#0233000000000000
(1790642535.261078) vcan0 300#FFBE000000000000
(1790642535.270515) vcan0 300#FFC3000000000000
(1790642535.281163) vcan0 100#0235000000000000
(1790642535.281196) vcan0 300#FFCA000000000000
(1790642535.290571) vcan0 200#4100000000000000
(1790642535.290646) vcan0 300#FFCF000000000000
(1790642535.301006) vcan0 100#0236000000000000
(1790642535.301080) vcan0 300#FFD5000000000000
(1790642535.312615) vcan0 300#FFDC000000000000
(1790642535.320479) vcan0 666#DEAD0A0000000000
(1790642535.320646) vcan0 100#0238000000000000
(1790642535.320689) vcan0 300#FFE1000000000000
(1790642535.330715) vcan0 300#FFE7000000000000
(1790642535.342810) vcan0 100#023A000000000000
(1790642535.342901) vcan0 200#4100000000000000
(1790642535.342922) vcan0 300#FFEE000000000000
(1790642535.351208) vcan0 300#FFF3000000000000
(1790642535.360805) vcan0 100#023C000000000000
(1790642535.360869) vcan0 300#FFF9000000000000
(1790642535.371199) vcan0 300#FFFF000000000000
(1790642535.380875) vcan0 100#023E000000000000
(1790642535.380942) vcan0 300#0004000000000000
(1790642535.391195) vcan0 200#4100000000000000
(1790642535.391256) vcan0 300#000A000000000000
(1790642535.400580) vcan0 100#023F000000000000
(1790642535.400638) vcan0 300#0010000000000000
(1790642535.410735) vcan0 300#0016000000000000
(1790642535.422673) vcan0 666#DEAD0B0000000000
(1790642535.423051) vcan0 100#0242000000000000
(1790642535.423082) vcan0 300#001D000000000000
(1790642535.431530) vcan0 300#0022000000000000
(1790642535.441562) vcan0 100#0243000000000000
(1790642535.441618) vcan0 200#4100000000000000
(1790642535.441632) vcan0 300#0028000000000000
(1790642535.451080) vcan0 300#002E000000000000
(1790642535.460864) vcan0 100#0245000000000000
(1790642535.460899) vcan0 300#0034000000000000
(1790642535.470478) vcan0 300#003A000000000000
(1790642535.481469) vcan0 100#0247000000000000
(1790642535.481530) vcan0 300#0040000000000000
(1790642535.491160) vcan0 200#4100000000000000
(1790642535.491231) vcan0 300#0046000000000000
(1790642535.500581) vcan0 100#0249000000000000
(1790642535.500644) vcan0 300#004B000000000000
(1790642535.510474) vcan0 300#0051000000000000
(1790642535.521209) vcan0 100#024B000000000000
(1790642535.521254) vcan0 300#0057000000000000
(1790642535.525058) vcan0 666#DEAD0C0000000000
(1790642535.531571) vcan0 300#005D000000000000
(1790642535.543032) vcan0 100#024D000000000000
(1790642535.543096) vcan0 200#4100000000000000
(1790642535.543122) vcan0 300#0063000000000000
(1790642535.551762) vcan0 300#0068000000000000
(1790642535.560660) vcan0 100#024F000000000000
(1790642535.560743) vcan0 300#006D000000000000
(1790642535.573060) vcan0 300#0074000000000000
(1790642535.580732) vcan0 100#0251000000000000
(1790642535.580770) vcan0 300#0078000000000000
(1790642535.591878) vcan0 200#4100000000000000
(1790642535.591957) vcan0 300#007F000000000000
(1790642535.600733) vcan0 100#0253000000000000
(1790642535.600811) vcan0 300#0083000000000000
(1790642535.611096) vcan0 300#0089000000000000
(1790642535.620480) vcan0 100#0256000000000000
(1790642535.620513) vcan0 300#008E000000000000
(1790642535.626007) vcan0 666#DEAD0D0000000000
(1790642535.631861) vcan0 300#0094000000000000
(1790642535.643082) vcan0 100#0258000000000000
(1790642535.643107) vcan0 200#4100000000000000
(1790642535.643117) vcan0 300#009A000000000000
(1790642535.651745) vcan0 300#009E000000000000
(1790642535.660542) vcan0 100#025A000000000000
(1790642535.660610) vcan0 300#00A3000000000000
(1790642535.670789) vcan0 300#00A8000000000000
(1790642535.680919) vcan0 100#025C000000000000
(1790642535.680955) vcan0 300#00AD000000000000
(1790642535.690880) vcan0 200#4100000000000000
(1790642535.690964) vcan0 300#00B2000000000000
(1790642535.701823) vcan0 100#025E000000000000
(1790642535.701854) vcan0 300#00B7000000000000
(1790642535.710584) vcan0 300#00BB000000000000
(1790642535.720603) vcan0 100#0261000000000000
(1790642535.720627) vcan0 300#00C0000000000000
(1790642535.726880) vcan0 666#DEAD0E0000000000
(1790642535.731293) vcan0 300#00C4000000000000
(1790642535.740893) vcan0 100#0263000000000000
(1790642535.740939) vcan0 200#4100000000000000
(1790642535.740946) vcan0 300#00C9000000000000
(1790642535.740956) vcan0 400#0000000000000000
(1790642535.751375) vcan0 300#00CD000000000000
(1790642535.760718) vcan0 100#0265000000000000
(1790642535.760779) vcan0 300#00D1000000000000
(1790642535.771186) vcan0 300#00D6000000000000
(1790642535.780623) vcan0 100#0267000000000000
(1790642535.780644) vcan0 300#00DA000000000000
(1790642535.791105) vcan0 200#4100000000000000
(1790642535.791154) vcan0 300#00DE000000000000
(1790642535.800812) vcan0 100#026A000000000000
(1790642535.800864) vcan0 300#00E2000000000000
(1790642535.812501) vcan0 300#00E6000000000000
(1790642535.820530) vcan0 100#026C000000000000
(1790642535.820551) vcan0 300#00EA000000000000
(1790642535.827407) vcan0 666#DEAD0F0000000000
(1790642535.831325) vcan0 300#00EE000000000000
(1790642535.841095) vcan0 100#026E000000000000
(1790642535.841116) vcan0 200#4100000000000000
(1790642535.841123) vcan0 300#00F1000000000000
(1790642535.851818) vcan0 300#00F5000000000000
(1790642535.861301) vcan0 100#0271000000000000
(1790642535.861383) vcan0 300#00F8000000000000
(1790642535.871768) vcan0 300#00FB000000000000
(1790642535.880548) vcan0 100#0273000000000000
(1790642535.880572) vcan0 300#00FE000000000000
(1790642535.891195) vcan0 200#4100000000000000
(1790642535.891255) vcan0 300#0102000000000000
(1790642535.901068) vcan0 100#0276000000000000
(1790642535.901092) vcan0 300#0105000000000000
(1790642535.910450) vcan0 300#0107000000000000
(1790642535.922876) vcan0 100#0278000000000000
(1790642535.922899) vcan0 300#010B000000000000
(1790642535.928495) vcan0 666#DEAD100000000000
(1790642535.931361) vcan0 300#010D000000000000
(1790642535.940446) vcan0 100#027B000000000000
(1790642535.940468) vcan0 200#4100000000000000
(1790642535.940476) vcan0 300#010F000000000000
(1790642535.950906) vcan0 300#0112000000000000
(1790642535.962519) vcan0 100#027D000000000000
(1790642535.962638) vcan0 300#0115000000000000
(1790642535.970993) vcan0 300#0117000000000000
(1790642535.980596) vcan0 100#0280000000000000
(1790642535.980617) vcan0 300#0119000000000000
(1790642535.991254) vcan0 200#4100000000000000
(1790642535.991317) vcan0 300#011B000000000000
(1790642536.000760) vcan0 100#0282000000000000
(1790642536.000782) vcan0 300#011D000000000000
(1790642536.011197) vcan0 300#011F000000000000
(1790642536.021483) vcan0 100#0285000000000000
(1790642536.021504) vcan0 300#0120000000000000
(1790642536.029343) vcan0 666#DEAD110000000000
(1790642536.031102) vcan0 300#0122000000000000
(1790642536.041130) vcan0 100#0287000000000000
(1790642536.041188) vcan0 200#4100000000000000
(1790642536.041196) vcan0 300#0123000000000000
(1790642536.051324) vcan0 300#0125000000000000
(1790642536.062890) vcan0 100#028A000000000000
(1790642536.062948) vcan0 300#0126000000000000
(1790642536.070648) vcan0 300#0127000000000000
(1790642536.082954) vcan0 100#028D000000000000
(1790642536.082975) vcan0 300#0128000000000000
(1790642536.090683) vcan0 200#4100000000000000
(1790642536.090721) vcan0 300#0129000000000000
(1790642536.100538) vcan0 100#028F000000000000
(1790642536.100593) vcan0 300#0129000000000000
(1790642536.111897) vcan0 300#012A000000000000
(1790642536.122280) vcan0 100#0292000000000000
(1790642536.122316) vcan0 300#012B000000000000
(1790642536.130003) vcan0 666#DEAD120000000000
(1790642536.130787) vcan0 300#012B000000000000
(1790642536.140953) vcan0 100#0295000000000000
(1790642536.141046) vcan0 200#4100000000000000
(1790642536.141081) vcan0 300#012B000000000000
(1790642536.150857) vcan0 300#012B000000000000
(1790642536.160818) vcan0 100#0297000000000000
(1790642536.160878) vcan0 300#012B000000000000
(1790642536.171419) vcan0 300#012B000000000000
(1790642536.181209) vcan0 100#029A000000000000
(1790642536.181230) vcan0 300#012B000000000000
(1790642536.192978) vcan0 200#4100000000000000
(1790642536.193039) vcan0 300#012B000000000000
(1790642536.201903) vcan0 100#029D000000000000
(1790642536.201961) vcan0 300#012A000000000000
(1790642536.210579) vcan0 300#012A000000000000
(1790642536.221162) vcan0 100#02A0000000000000
(1790642536.221191) vcan0 300#0129000000000000
(1790642536.231230) vcan0 666#DEAD130000000000
(1790642536.231650) vcan0 300#0128000000000000
(1790642536.240447) vcan0 100#02A2000000000000
(1790642536.240519) vcan0 200#4100000000000000
(1790642536.240533) vcan0 300#0127000000000000
(1790642536.240548) vcan0 400#0200000000000000
(1790642536.240559) vcan0 500#1B00000000000000
(1790642536.240569) vcan0 7DF#0201050000000000
(1790642536.250594) vcan0 300#0126000000000000
(1790642536.261044) vcan0 100#02A5000000000000
(1790642536.261132) vcan0 300#0125000000000000
(1790642536.270577) vcan0 300#0124000000000000
(1790642536.281179) vcan0 100#02A8000000000000
(1790642536.281211) vcan0 300#0123000000000000
(1790642536.290491) vcan0 200#4100000000000000
(1790642536.290575) vcan0 300#0121000000000000
(1790642536.300731) vcan0 100#02AB000000000000
(1790642536.300817) vcan0 300#011F000000000000
(1790642536.310879) vcan0 300#011E000000000000
(1790642536.321364) vcan0 100#02AE000000000000
(1790642536.321401) vcan0 300#011C000000000000
(1790642536.331413) vcan0 300#011A000000000000
(1790642536.340981) vcan0 100#02B1000000000000
(1790642536.341016) vcan0 200#4100000000000000
(1790642536.341032) vcan0 300#0118000000000000
(1790642536.351889) vcan0 300#0115000000000000
(1790642536.361271) vcan0 100#02B4000000000000
(1790642536.361293) vcan0 300#0113000000000000
(1790642536.370497) vcan0 300#0111000000000000
(1790642536.381482) vcan0 100#02B7000000000000
(1790642536.381535) vcan0 300#010E000000000000
(1790642536.391343) vcan0 200#4100000000000000
(1790642536.391397) vcan0 300#010C000000000000
(1790642536.401604) vcan0 100#02BA000000000000
(1790642536.401666) vcan0 300#0109000000000000
(1790642536.410596) vcan0 300#0106000000000000
(1790642536.420821) vcan0 100#02BD000000000000
(1790642536.420900) vcan0 300#0103000000000000
(1790642536.430568) vcan0 300#0100000000000000
(1790642536.440501) vcan0 100#02BF000000000000
(1790642536.440533) vcan0 200#4000000000000000
(1790642536.440547) vcan0 300#00FD000000000000
(1790642536.451534) vcan0 300#00F9000000000000
(1790642536.461113) vcan0 100#02C3000000000000
(1790642536.461148) vcan0 300#00F6000000000000
(1790642536.471428) vcan0 300#00F3000000000000
(1790642536.480640) vcan0 100#02C6000000000000
(1790642536.480679) vcan0 300#00EF000000000000
(1790642536.490847) vcan0 200#4000000000000000
(1790642536.490987) vcan0 300#00EC000000000000
(1790642536.500664) vcan0 100#02C9000000000000
(1790642536.500765) vcan0 300#00E8000000000000
(1790642536.511732) vcan0 300#00E4000000000000
(1790642536.521073) vcan0 100#02CC000000000000
(1790642536.521114) vcan0 300#00E0000000000000
(1790642536.532548) vcan0 300#00DB000000000000
(1790642536.542389) vcan0 100#02CF000000000000
(1790642536.542433) vcan0 200#4000000000000000
(1790642536.542451) vcan0 300#00D7000000000000
(1790642536.551598) vcan0 300#00D4000000000000
(1790642536.560534) vcan0 100#02D2000000000000
(1790642536.560577) vcan0 300#00D0000000000000
(1790642536.570783) vcan0 300#00CB000000000000
(1790642536.581314) vcan0 100#02D5000000000000
(1790642536.581344) vcan0 300#00C7000000000000
(1790642536.591909) vcan0 200#4000000000000000
(1790642536.591980) vcan0 300#00C2000000000000
(1790642536.601209) vcan0 100#02D8000000000000
(1790642536.601236) vcan0 300#00BD000000000000
(1790642536.612874) vcan0 300#00B8000000000000
(1790642536.621095) vcan0 100#02DC000000000000
(1790642536.621126) vcan0 300#00B4000000000000
(1790642536.630645) vcan0 300#00AF000000000000
(1790642536.641055) vcan0 100#02DF000000000000
(1790642536.641088) vcan0 200#4000000000000000
(1790642536.641101) vcan0 300#00AA000000000000
(1790642536.651645) vcan0 300#00A5000000000000
(1790642536.661168) vcan0 100#02E2000000000000
(1790642536.661197) vcan0 300#00A0000000000000
(1790642536.672055) vcan0 300#009B000000000000
(1790642536.680796) vcan0 100#02E5000000000000
(1790642536.680822) vcan0 300#0096000000000000
(1790642536.691179) vcan0 200#4000000000000000
(1790642536.691240) vcan0 300#0091000000000000
(1790642536.701034) vcan0 100#02E9000000000000
(1790642536.701063) vcan0 300#008C000000000000
(1790642536.711317) vcan0 300#0086000000000000
(1790642536.720561) vcan0 100#02EC000000000000
(1790642536.720596) vcan0 300#0081000000000000
(1790642536.731578) vcan0 300#007B000000000000
(1790642536.741785) vcan0 100#02EF000000000000
(1790642536.741831) vcan0 200#4000000000000000
(1790642536.741848) vcan0 300#0076000000000000
(1790642536.741870) vcan0 400#0000000000000000
(1790642536.751623) vcan0 300#0070000000000000
(1790642536.760729) vcan0 100#02F2000000000000
(1790642536.760779) vcan0 300#006B000000000000
(1790642536.771237) vcan0 300#0065000000000000
(1790642536.780718) vcan0 100#02F6000000000000
(1790642536.780764) vcan0 300#0060000000000000
(1790642536.791291) vcan0 200#4000000000000000
(1790642536.791393) vcan0 300#005A000000000000
(1790642536.800796) vcan0 100#02F9000000000000
(1790642536.800876) vcan0 300#0054000000000000
(1790642536.810798) vcan0 300#004E000000000000
(1790642536.820561) vcan0 100#02FD000000000000
(1790642536.820604) vcan0 300#0049000000000000
(1790642536.831160) vcan0 300#0043000000000000
(1790642536.840984) vcan0 100#0300000000000000
(1790642536.841028) vcan0 200#4000000000000000
(1790642536.841048) vcan0 300#003D000000000000
(1790642536.851993) vcan0 300#0036000000000000
(1790642536.860895) vcan0 100#0303000000000000
(1790642536.860985) vcan0 300#0031000000000000
(1790642536.870530) vcan0 300#002B000000000000
(1790642536.882050) vcan0 100#0307000000000000
(1790642536.882091) vcan0 300#0025000000000000
(1790642536.890543) vcan0 200#4000000000000000
(1790642536.890629) vcan0 300#001F000000000000
(1790642536.902145) vcan0 100#030B000000000000
(1790642536.902236) vcan0 300#0019000000000000
(1790642536.911623) vcan0 300#0013000000000000
(1790642536.920694) vcan0 100#030E000000000000
(1790642536.920737) vcan0 300#000D000000000000
(1790642536.930830) vcan0 300#0007000000000000
(1790642536.941211) vcan0 100#0311000000000000
(1790642536.941286) vcan0 200#4000000000000000
(1790642536.941308) vcan0 300#0001000000000000
(1790642536.951532) vcan0 300#FFFC000000000000
(1790642536.961388) vcan0 100#0315000000000000
(1790642536.961424) vcan0 300#FFF6000000000000
(1790642536.971632) vcan0 300#FFF0000000000000
(1790642536.980905) vcan0 100#0319000000000000
(1790642536.980941) vcan0 300#FFEA000000000000
(1790642536.991079) vcan0 200#4000000000000000
(1790642536.991160) vcan0 300#FFE4000000000000
(1790642537.001109) vcan0 100#031C000000000000
(1790642537.001211) vcan0 300#FFDE000000000000
(1790642537.012546) vcan0 300#FFD7000000000000
(1790642537.021090) vcan0 100#0320000000000000
(1790642537.021134) vcan0 300#FFD2000000000000
(1790642537.032162) vcan0 300#FFCC000000000000
(1790642537.040645) vcan0 100#0323000000000000
(1790642537.040733) vcan0 200#4000000000000000
(1790642537.040769) vcan0 300#FFC7000000000000
(1790642537.051112) vcan0 300#FFC1000000000000
(1790642537.061217) vcan0 100#0327000000000000
(1790642537.061305) vcan0 300#FFBB000000000000
(1790642537.072013) vcan0 300#FFB5000000000000
(1790642537.081033) vcan0 100#032B000000000000
(1790642537.081075) vcan0 300#FFAF000000000000
(1790642537.091322) vcan0 200#4000000000000000
(1790642537.091414) vcan0 300#FFA9000000000000
(1790642537.100741) vcan0 100#032E000000000000
(1790642537.100843) vcan0 300#FFA4000000000000
(1790642537.110926) vcan0 300#FF9E000000000000
(1790642537.121163) vcan0 100#0332000000000000
(1790642537.121203) vcan0 300#FF98000000000000
(1790642537.130863) vcan0 300#FF93000000000000
(1790642537.140939) vcan0 100#0336000000000000
(1790642537.141020) vcan0 200#4000000000000000
(1790642537.141051) vcan0 300#FF8D000000000000
(1790642537.151965) vcan0 300#FF87000000000000
(1790642537.160617) vcan0 100#0339000000000000
(1790642537.160657) vcan0 300#FF83000000000000
(1790642537.170684) vcan0 300#FF7D000000000000
(1790642537.181014) vcan0 100#033D000000000000
(1790642537.181123) vcan0 300#FF78000000000000
(1790642537.191717) vcan0 200#4000000000000000
(1790642537.191810) vcan0 300#FF72000000000000
(1790642537.200998) vcan0 100#0341000000000000
(1790642537.201117) vcan0 300#FF6D000000000000
(1790642537.211795) vcan0 300#FF67000000000000
(1790642537.220717) vcan0 100#0345000000000000
(1790642537.220770) vcan0 300#FF63000000000000
(1790642537.231002) vcan0 300#FF5E000000000000
(1790642537.241013) vcan0 100#0348000000000000
(1790642537.241150) vcan0 200#4000000000000000
(1790642537.241199) vcan0 300#FF59000000000000
(1790642537.241242) vcan0 400#0000000000000000
(1790642537.241272) vcan0 500#1C00000000000000
(1790642537.250560) vcan0 300#FF54000000000000
(1790642537.262195) vcan0 100#034D000000000000
(1790642537.262235) vcan0 300#FF4E000000000000
(1790642537.272558) vcan0 300#FF49000000000000
(1790642537.281776) vcan0 100#0350000000000000
(1790642537.281869) vcan0 300#FF45000000000000
(1790642537.290662) vcan0 200#4000000000000000
(1790642537.290762) vcan0 300#FF41000000000000
(1790642537.302110) vcan0 100#0354000000000000
(1790642537.302144) vcan0 300#FF3C000000000000
(1790642537.311304) vcan0 300#FF37000000000000
(1790642537.322229) vcan0 100#0358000000000000
(1790642537.322261) vcan0 300#FF33000000000000
(1790642537.331707) vcan0 300#FF2E000000000000
(1790642537.341997) vcan0 100#035C000000000000
(1790642537.342031) vcan0 200#4000000000000000
(1790642537.342043) vcan0 300#FF2A000000000000
(1790642537.351280) vcan0 300#FF26000000000000
(1790642537.360861) vcan0 100#0360000000000000
(1790642537.360891) vcan0 300#FF22000000000000
(1790642537.372473) vcan0 300#FF1E000000000000
(1790642537.380612) vcan0 100#0363000000000000
(1790642537.380638) vcan0 300#FF1B000000000000
(1790642537.392611) vcan0 200#4000000000000000
(1790642537.392678) vcan0 300#FF16000000000000
(1790642537.400740) vcan0 100#0367000000000000
(1790642537.400809) vcan0 300#FF13000000000000
(1790642537.412900) vcan0 300#FF0F000000000000
(1790642537.420507) vcan0 100#036B000000000000
(1790642537.420610) vcan0 300#FF0C000000000000
(1790642537.430884) vcan0 300#FF08000000000000
(1790642537.444040) vcan0 100#0370000000000000
(1790642537.444136) vcan0 200#4000000000000000
(1790642537.444162) vcan0 300#FF04000000000000
(1790642537.451262) vcan0 300#FF02000000000000
(1790642537.640761) vcan0 100#0398000000000000
(1790642537.640811) vcan0 200#3F00000000000000
(1790642537.640833) vcan0 300#FED9000000000000
(1790642537.642198) vcan0 100#0399000000000000
(1790642537.642370) vcan0 200#3F00000000000000
(1790642537.642409) vcan0 300#FED9000000000000
(1790642537.643802) vcan0 100#0399000000000000
(1790642537.643878) vcan0 200#3F00000000000000
(1790642537.643960) vcan0 300#FED9000000000000
(1790642537.645529) vcan0 100#0399000000000000
(1790642537.645623) vcan0 200#3F00000000000000
(1790642537.645658) vcan0 300#FED9000000000000
(1790642537.647478) vcan0 100#039A000000000000
(1790642537.647563) vcan0 300#FED9000000000000
(1790642537.653918) vcan0 100#039B000000000000
(1790642537.654025) vcan0 300#FED8000000000000
(1790642537.655430) vcan0 100#039B000000000000
(1790642537.655515) vcan0 300#FED8000000000000
(1790642537.659300) vcan0 100#039C000000000000
(1790642537.659391) vcan0 300#FED7000000000000
(1790642537.662153) vcan0 100#039D000000000000
(1790642537.662229) vcan0 300#FED7000000000000
(1790642537.663733) vcan0 100#039D000000000000
(1790642537.663802) vcan0 300#FED7000000000000
(1790642537.672497) vcan0 100#039F000000000000
(1790642537.672560) vcan0 300#FED6000000000000
(1790642537.679952) vcan0 300#FED6000000000000
(1790642537.686948) vcan0 100#03A2000000000000
(1790642537.687060) vcan0 300#FED6000000000000
(1790642537.688858) vcan0 300#FED5000000000000
(1790642537.690696) vcan0 200#3F00000000000000
(1790642537.690730) vcan0 300#FED5000000000000
(1790642537.693121) vcan0 300#FED5000000000000
(1790642537.694777) vcan0 300#FED5000000000000
(1790642537.696956) vcan0 300#FED5000000000000
(1790642537.735058) vcan0 100#03AC000000000000
(1790642537.735396) vcan0 300#FED5000000000000
(1790642537.736840) vcan0 100#03AC000000000000
(1790642537.736955) vcan0 300#FED5000000000000
(1790642537.739086) vcan0 300#FED5000000000000
(1790642537.740938) vcan0 100#03AD000000000000
(1790642537.741001) vcan0 200#3F00000000000000
(1790642537.741013) vcan0 300#FED5000000000000
(1790642537.741027) vcan0 400#0000000000000000
(1790642537.742575) vcan0 300#FED5000000000000
(1790642537.743803) vcan0 300#FED5000000000000
(1790642537.752421) vcan0 300#FED5000000000000
(1790642537.760454) vcan0 300#FED5000000000000
(1790642537.768281) vcan0 100#03B3000000000000
(1790642537.768355) vcan0 300#FED5000000000000
(1790642537.775001) vcan0 300#FED6000000000000
(1790642537.776756) vcan0 300#FED6000000000000
(1790642537.779661) vcan0 300#FED6000000000000
(1790642537.781783) vcan0 100#03B6000000000000
(1790642537.781920) vcan0 300#FED6000000000000
(1790642537.783249) vcan0 300#FED6000000000000
(1790642537.798398) vcan0 200#3F00000000000000
(1790642537.798570) vcan0 300#FED7000000000000
(1790642537.800916) vcan0 100#03BA000000000000
(1790642537.800971) vcan0 300#FED8000000000000
(1790642537.802368) vcan0 300#FED8000000000000
(1790642537.812522) vcan0 300#FED9000000000000
(1790642537.823503) vcan0 100#03BF000000000000
(1790642537.823648) vcan0 300#FEDA000000000000
(1790642537.831151) vcan0 300#FEDB000000000000
(1790642537.842940) vcan0 100#03C3000000000000
(1790642537.843006) vcan0 200#3F00000000000000
(1790642537.843038) vcan0 300#FEDC000000000000
(1790642537.850461) vcan0 300#FEDD000000000000
(1790642537.861242) vcan0 100#03C7000000000000
(1790642537.861363) vcan0 300#FEDF000000000000
(1790642537.870935) vcan0 300#FEE0000000000000
(1790642537.895036) vcan0 100#03CF000000000000
(1790642537.895187) vcan0 200#3F00000000000000
(1790642537.895241) vcan0 300#FEE5000000000000
(1790642537.911155) vcan0 100#03D2000000000000
(1790642537.911277) vcan0 300#FEE8000000000000
(1790642537.924449) vcan0 100#03D5000000000000
(1790642537.924503) vcan0 300#FEEB000000000000
(1790642537.934555) vcan0 300#FEED000000000000
(1790642537.944461) vcan0 100#03D9000000000000
(1790642537.944607) vcan0 200#3F00000000000000
(1790642537.944649) vcan0 300#FEF0000000000000
(1790642537.951703) vcan0 300#FEF2000000000000
(1790642537.959376) vcan0 300#FEF4000000000000
(1790642537.964900) vcan0 100#03DE000000000000
(1790642537.964947) vcan0 300#FEF5000000000000
(1790642537.966649) vcan0 300#FEF6000000000000
(1790642537.970651) vcan0 300#FEF7000000000000
(1790642537.980834) vcan0 100#03E1000000000000
(1790642537.980916) vcan0 300#FEFA000000000000
(1790642537.991426) vcan0 200#3F00000000000000
(1790642537.991508) vcan0 300#FEFD000000000000
(1790642538.001967) vcan0 100#03E6000000000000
(1790642538.002058) vcan0 300#FF00000000000000
(1790642538.012309) vcan0 300#FF03000000000000
(1790642538.026775) vcan0 100#03EC000000000000
(1790642538.026845) vcan0 300#FF08000000000000
(1790642538.033141) vcan0 300#FF0A000000000000
(1790642538.045953) vcan0 100#03F0000000000000
(1790642538.046010) vcan0 200#3F00000000000000
(1790642538.046034) vcan0 300#FF0F000000000000
(1790642538.058753) vcan0 300#FF13000000000000
(1790642538.060994) vcan0 100#03F3000000000000
(1790642538.061067) vcan0 300#FF14000000000000
(1790642538.072308) vcan0 300#FF18000000000000
(1790642538.084981) vcan0 100#03F9000000000000
(1790642538.085089) vcan0 300#FF1D000000000000
(1790642538.098568) vcan0 200#3F00000000000000
(1790642538.098638) vcan0 300#FF23000000000000
(1790642538.102624) vcan0 100#03FD000000000000
(1790642538.102688) vcan0 300#FF24000000000000
(1790642538.163662) vcan0 100#040B000000000000
(1790642538.163853) vcan0 200#3F00000000000000
(1790642538.163894) vcan0 300#FF3F000000000000
(1790642538.165575) vcan0 100#040B000000000000
(1790642538.165700) vcan0 300#FF40000000000000
(1790642538.168117) vcan0 100#040C000000000000
(1790642538.168214) vcan0 300#FF41000000000000
(1790642538.170126) vcan0 300#FF42000000000000
(1790642538.171824) vcan0 300#FF42000000000000
(1790642538.177101) vcan0 300#FF45000000000000
(1790642538.179385) vcan0 300#FF46000000000000
(1790642538.181352) vcan0 100#040F000000000000
(1790642538.181440) vcan0 300#FF47000000000000
(1790642538.192648) vcan0 200#3F00000000000000
(1790642538.192747) vcan0 300#FF4C000000000000
(1790642538.208030) vcan0 100#0415000000000000
(1790642538.208168) vcan0 300#FF54000000000000
(1790642538.222430) vcan0 100#0418000000000000
(1790642538.222571) vcan0 300#FF5B000000000000
(1790642538.224408) vcan0 300#FF5C000000000000
(1790642538.233986) vcan0 300#FF61000000000000
(1790642538.242260) vcan0 100#041D000000000000
(1790642538.242327) vcan0 200#3F00000000000000
(1790642538.242357) vcan0 300#FF65000000000000
(1790642538.242395) vcan0 400#0400000000000000
(1790642538.242420) vcan0 500#1D00000000000000
(1790642538.242446) vcan0 7DF#02010D0000000000
(1790642538.252367) vcan0 300#FF6A000000000000
(1790642538.264794) vcan0 100#0422000000000000
(1790642538.264941) vcan0 300#FF71000000000000
(1790642538.272076) vcan0 300#FF75000000000000
(1790642538.291600) vcan0 100#0429000000000000
(1790642538.291763) vcan0 200#3F00000000000000
(1790642538.291815) vcan0 300#FF7F000000000000
(1790642538.304655) vcan0 100#042C000000000000
(1790642538.304796) vcan0 300#FF86000000000000
(1790642538.306258) vcan0 300#FF87000000000000
(1790642538.314588) vcan0 300#FF8C000000000000
(1790642538.323025) vcan0 100#0430000000000000
(1790642538.323166) vcan0 300#FF90000000000000
(1790642538.330686) vcan0 300#FF95000000000000
(1790642538.341018) vcan0 100#0434000000000000
(1790642538.341080) vcan0 200#3F00000000000000
(1790642538.341108) vcan0 300#FF9A000000000000
(1790642538.350753) vcan0 300#FFA0000000000000
(1790642538.361151) vcan0 100#0439000000000000
(1790642538.361251) vcan0 300#FFA6000000000000
(1790642538.370461) vcan0 300#FFAB000000000000
(1790642538.381148) vcan0 100#043E000000000000
(1790642538.381181) vcan0 300#FFB1000000000000
(1790642538.390932) vcan0 200#3F00000000000000
(1790642538.390975) vcan0 300#FFB7000000000000
(1790642538.400704) vcan0 100#0442000000000000
(1790642538.400800) vcan0 300#FFBD000000000000
(1790642538.410829) vcan0 300#FFC3000000000000
(1790642538.420492) vcan0 100#0447000000000000
(1790642538.420527) vcan0 300#FFC8000000000000
(1790642538.431928) vcan0 300#FFCF000000000000
(1790642538.440820) vcan0 100#044C000000000000
(1790642538.440893) vcan0 200#3F00000000000000
(1790642538.440918) vcan0 300#FFD4000000000000
(1790642538.452474) vcan0 300#FFDB000000000000
(1790642538.461767) vcan0 100#0451000000000000
(1790642538.461801) vcan0 300#FFE1000000000000
(1790642538.472594) vcan0 300#FFE7000000000000
(1790642538.480705) vcan0 100#0456000000000000
(1790642538.480764) vcan0 300#FFEC000000000000
(1790642538.492570) vcan0 200#3F00000000000000
(1790642538.492660) vcan0 300#FFF3000000000000
(1790642538.500592) vcan0 100#045A000000000000
(1790642538.500697) vcan0 300#FFF8000000000000
(1790642538.510951) vcan0 300#FFFE000000000000
(1790642538.521573) vcan0 100#045F000000000000
(1790642538.521695) vcan0 300#0004000000000000
(1790642538.531071) vcan0 300#0009000000000000
(1790642538.540888) vcan0 100#0464000000000000
(1790642538.540961) vcan0 200#3F00000000000000
(1790642538.540987) vcan0 300#000F000000000000
(1790642538.552774) vcan0 300#0016000000000000
(1790642538.561935) vcan0 100#0469000000000000
(1790642538.562046) vcan0 300#001C000000000000
(1790642538.572520) vcan0 300#0022000000000000
(1790642538.582212) vcan0 100#046E000000000000
(1790642538.582261) vcan0 300#0028000000000000
(1790642538.590537) vcan0 200#3F00000000000000
(1790642538.590666) vcan0 300#002D000000000000
(1790642538.600987) vcan0 100#0473000000000000
(1790642538.601086) vcan0 300#0033000000000000
(1790642538.611346) vcan0 300#0039000000000000
(1790642538.620668) vcan0 100#0478000000000000
(1790642538.620773) vcan0 300#003F000000000000
(1790642538.632622) vcan0 300#0046000000000000
(1790642538.641287) vcan0 100#047D000000000000
(1790642538.641339) vcan0 200#3E00000000000000
(1790642538.641361) vcan0 300#004B000000000000
(1790642538.650728) vcan0 300#0050000000000000
(1790642538.660638) vcan0 100#0482000000000000
(1790642538.660785) vcan0 300#0056000000000000
(1790642538.671791) vcan0 300#005C000000000000
(1790642538.681367) vcan0 100#0487000000000000
(1790642538.681421) vcan0 300#0062000000000000
(1790642538.691369) vcan0 200#3E00000000000000
(1790642538.691480) vcan0 300#0067000000000000
(1790642538.700680) vcan0 100#048C000000000000
(1790642538.700797) vcan0 300#006C000000000000
(1790642538.712660) vcan0 300#0073000000000000
(1790642538.720688) vcan0 100#0491000000000000
(1790642538.720732) vcan0 300#0078000000000000
(1790642538.731914) vcan0 300#007E000000000000
(1790642538.741147) vcan0 100#0496000000000000
(1790642538.741239) vcan0 200#3E00000000000000
(1790642538.741267) vcan0 300#0083000000000000
(1790642538.741300) vcan0 400#0000000000000000
(1790642538.753383) vcan0 300#0089000000000000
(1790642538.760583) vcan0 100#049B000000000000
(1790642538.760634) vcan0 300#008D000000000000
(1790642538.770779) vcan0 300#0092000000000000
(1790642538.781231) vcan0 100#04A0000000000000
(1790642538.781358) vcan0 300#0098000000000000
(1790642538.791125) vcan0 200#3E00000000000000
(1790642538.791161) vcan0 300#009D000000000000
(1790642538.801030) vcan0 100#04A5000000000000
(1790642538.801111) vcan0 300#00A2000000000000
(1790642538.811413) vcan0 300#00A7000000000000
(1790642538.821288) vcan0 100#04AA000000000000
(1790642538.821326) vcan0 300#00AC000000000000
(1790642538.831238) vcan0 300#00B1000000000000
(1790642538.840515) vcan0 100#04AF000000000000
(1790642538.840578) vcan0 200#3E00000000000000
(1790642538.840598) vcan0 300#00B5000000000000
(1790642538.850708) vcan0 300#00BA000000000000
(1790642538.861988) vcan0 100#04B4000000000000
(1790642538.862552) vcan0 300#00BF000000000000
(1790642538.871403) vcan0 300#00C4000000000000
(1790642538.880475) vcan0 100#04B9000000000000
(1790642538.880525) vcan0 300#00C8000000000000
(1790642538.891287) vcan0 200#3E00000000000000
(1790642538.891339) vcan0 300#00CD000000000000
(1790642538.901806) vcan0 100#04BE000000000000
(1790642538.902087) vcan0 300#00D1000000000000
(1790642538.910985) vcan0 300#00D5000000000000
(1790642538.921006) vcan0 100#04C3000000000000
(1790642538.921080) vcan0 300#00D9000000000000
(1790642538.932100) vcan0 300#00DE000000000000
(1790642538.942250) vcan0 100#04C9000000000000
(1790642538.942352) vcan0 200#3E00000000000000
(1790642538.942382) vcan0 300#00E2000000000000
(1790642538.952671) vcan0 300#00E6000000000000
(1790642538.960654) vcan0 100#04CD000000000000
(1790642538.960756) vcan0 300#00E9000000000000
(1790642538.970530) vcan0 300#00ED000000000000
(1790642538.981251) vcan0 100#04D3000000000000
(1790642538.981356) vcan0 300#00F0000000000000
(1790642538.991414) vcan0 200#3E00000000000000
(1790642538.991497) vcan0 300#00F4000000000000
(1790642539.002000) vcan0 100#04D8000000000000
(1790642539.002094) vcan0 300#00F8000000000000
(1790642539.011528) vcan0 300#00FB000000000000
(1790642539.021776) vcan0 100#04DD000000000000
(1790642539.021814) vcan0 300#00FE000000000000
(1790642539.030869) vcan0 300#0101000000000000
(1790642539.040908) vcan0 100#04E2000000000000
(1790642539.040959) vcan0 200#3E00000000000000
(1790642539.040979) vcan0 300#0104000000000000
(1790642539.050875) vcan0 300#0107000000000000
(1790642539.060627) vcan0 100#04E7000000000000
(1790642539.060758) vcan0 300#010A000000000000
(1790642539.071896) vcan0 300#010D000000000000
(1790642539.081235) vcan0 100#04ED000000000000
(1790642539.081298) vcan0 300#010F000000000000
(1790642539.090503) vcan0 200#3E00000000000000
(1790642539.090622) vcan0 300#0111000000000000
(1790642539.100574) vcan0 100#04F2000000000000
(1790642539.100733) vcan0 300#0114000000000000
(1790642539.110797) vcan0 300#0116000000000000
(1790642539.120873) vcan0 100#04F7000000000000
(1790642539.120931) vcan0 300#0118000000000000
(1790642539.130742) vcan0 300#011A000000000000
(1790642539.140970) vcan0 100#04FC000000000000
(1790642539.141069) vcan0 200#3E00000000000000
(1790642539.141105) vcan0 300#011C000000000000
(1790642539.150664) vcan0 300#011E000000000000
(1790642539.160814) vcan0 100#0502000000000000
(1790642539.160883) vcan0 300#0120000000000000
(1790642539.170468) vcan0 300#0121000000000000
(1790642539.180864) vcan0 100#0507000000000000
(1790642539.180932) vcan0 300#0123000000000000
(1790642539.191059) vcan0 200#3E00000000000000
(1790642539.191267) vcan0 300#0124000000000000
(1790642539.201292) vcan0 100#050C000000000000
(1790642539.201444) vcan0 300#0126000000000000
(1790642539.211258) vcan0 300#0127000000000000
(1790642539.220679) vcan0 100#0511000000000000
(1790642539.220717) vcan0 300#0128000000000000
(1790642539.231325) vcan0 300#0129000000000000
(1790642539.240476) vcan0 100#0517000000000000
(1790642539.240507) vcan0 200#3E00000000000000
(1790642539.240519) vcan0 300#0129000000000000
(1790642539.240534) vcan0 400#0000000000000000
(1790642539.240543) vcan0 500#1E00000000000000
(1790642539.252445) vcan0 300#012A000000000000
(1790642539.261035) vcan0 100#051C000000000000
(1790642539.261117) vcan0 300#012B000000000000
(1790642539.270517) vcan0 300#012B000000000000
(1790642539.281009) vcan0 100#0521000000000000
(1790642539.281047) vcan0 300#012B000000000000
(1790642539.291048) vcan0 200#3E00000000000000
(1790642539.291131) vcan0 300#012B000000000000
(1790642539.301205) vcan0 100#0527000000000000
(1790642539.301243) vcan0 300#012B000000000000
(1790642539.311894) vcan0 300#012B000000000000
(1790642539.321101) vcan0 100#052C000000000000
(1790642539.321121) vcan0 300#012B000000000000
(1790642539.330887) vcan0 300#012B000000000000
(1790642539.340941) vcan0 100#0531000000000000
(1790642539.340959) vcan0 200#3E00000000000000
(1790642539.340966) vcan0 300#012B000000000000
(1790642539.350510) vcan0 300#012A000000000000
(1790642539.362215) vcan0 100#0537000000000000
(1790642539.362243) vcan0 300#0129000000000000
(1790642539.372304) vcan0 300#0128000000000000
(1790642539.381759) vcan0 100#053C000000000000
(1790642539.381808) vcan0 300#0128000000000000
(1790642539.391167) vcan0 200#3E00000000000000
(1790642539.391232) vcan0 300#0127000000000000
(1790642539.400772) vcan0 100#0542000000000000
(1790642539.400837) vcan0 300#0125000000000000
(1790642539.410661) vcan0 300#0124000000000000
(1790642539.422416) vcan0 100#0547000000000000
(1790642539.422486) vcan0 300#0123000000000000
(1790642539.432390) vcan0 300#0121000000000000
(1790642539.440443) vcan0 100#054C000000000000
(1790642539.440510) vcan0 200#3E00000000000000
(1790642539.440526) vcan0 300#0120000000000000
(1790642539.451950) vcan0 300#011E000000000000
(1790642539.460569) vcan0 100#0552000000000000
(1790642539.460652) vcan0 300#011C000000000000
(1790642539.471980) vcan0 300#011A000000000000
(1790642539.481662) vcan0 100#0557000000000000
(1790642539.481723) vcan0 300#0118000000000000
(1790642539.490696) vcan0 200#3E00000000000000
(1790642539.490830) vcan0 300#0116000000000000
(1790642539.501668) vcan0 100#055D000000000000
(1790642539.501795) vcan0 300#0113000000000000
(1790642539.511711) vcan0 300#0111000000000000
(1790642539.521911) vcan0 100#0562000000000000
(1790642539.522006) vcan0 300#010E000000000000
(1790642539.531264) vcan0 300#010C000000000000
(1790642539.540815) vcan0 100#0568000000000000
(1790642539.540874) vcan0 200#3E00000000000000
(1790642539.540896) vcan0 300#0109000000000000
(1790642539.552548) vcan0 300#0106000000000000
(1790642539.560773) vcan0 100#056D000000000000
(1790642539.560884) vcan0 300#0104000000000000
(1790642539.571575) vcan0 300#0100000000000000
(1790642539.580955) vcan0 100#0573000000000000
(1790642539.581084) vcan0 300#00FD000000000000
(1790642539.591013) vcan0 200#3E00000000000000
(1790642539.591143) vcan0 300#00FA000000000000
(1790642539.602358) vcan0 100#0578000000000000
(1790642539.602474) vcan0 300#00F6000000000000
(1790642539.611828) vcan0 300#00F3000000000000
(1790642539.620719) vcan0 100#057E000000000000
(1790642539.620769) vcan0 300#00F0000000000000
(1790642539.630904) vcan0 300#00EC000000000000
(1790642539.640941) vcan0 100#0583000000000000
(1790642539.641079) vcan0 200#3E00000000000000
(1790642539.641178) vcan0 300#00E9000000000000
(1790642539.650709) vcan0 300#00E5000000000000
(1790642539.660863) vcan0 100#0589000000000000
(1790642539.660959) vcan0 300#00E1000000000000
(1790642539.672767) vcan0 300#00DC000000000000
(1790642539.680689) vcan0 100#058E000000000000
(1790642539.680808) vcan0 300#00D9000000000000
(1790642539.691618) vcan0 200#3D00000000000000
(1790642539.691660) vcan0 300#00D4000000000000
(1790642539.700546) vcan0 100#0594000000000000
(1790642539.700590) vcan0 300#00D0000000000000
(1790642539.711866) vcan0 300#00CB000000000000
(1790642539.721149) vcan0 100#0599000000000000
(1790642539.721176) vcan0 300#00C7000000000000
(1790642539.731571) vcan0 300#00C3000000000000
(1790642539.740787) vcan0 100#059F000000000000
(1790642539.740824) vcan0 200#3D00000000000000
(1790642539.740839) vcan0 300#00BE000000000000
(1790642539.740858) vcan0 400#0400000000000000
(1790642539.750828) vcan0 300#00BA000000000000
(1790642539.760976) vcan0 100#05A4000000000000
(1790642539.761099) vcan0 300#00B5000000000000
(1790642539.771600) vcan0 300#00B0000000000000
(1790642539.780985) vcan0 100#05AA000000000000
(1790642539.781040) vcan0 300#00AB000000000000
(1790642539.791994) vcan0 200#3D00000000000000
(1790642539.792096) vcan0 300#00A6000000000000
(1790642539.800595) vcan0 100#05AF000000000000
(1790642539.800633) vcan0 300#00A1000000000000
(1790642539.811445) vcan0 300#009C000000000000
(1790642539.820705) vcan0 100#05B5000000000000
(1790642539.820748) vcan0 300#0097000000000000
(1790642539.831930) vcan0 300#0091000000000000
(1790642539.840969) vcan0 100#05BB000000000000
(1790642539.841068) vcan0 200#3D00000000000000
(1790642539.841093) vcan0 300#008C000000000000
(1790642539.850958) vcan0 300#0087000000000000
(1790642539.860517) vcan0 100#05C0000000000000
(1790642539.860699) vcan0 300#0082000000000000
(1790642539.870567) vcan0 300#007D000000000000
(1790642539.881097) vcan0 100#05C6000000000000
(1790642539.881183) vcan0 300#0077000000000000
(1790642539.891534) vcan0 200#3D00000000000000
(1790642539.891614) vcan0 300#0071000000000000
(1790642539.902110) vcan0 100#05CC000000000000
(1790642539.902184) vcan0 300#006B000000000000
(1790642539.910898) vcan0 300#0066000000000000
(1790642539.922047) vcan0 100#05D2000000000000
(1790642539.922123) vcan0 300#0060000000000000
(1790642539.930527) vcan0 300#005B000000000000
(1790642539.941242) vcan0 100#05D7000000000000
(1790642539.941329) vcan0 200#3D00000000000000
(1790642539.941351) vcan0 300#0055000000000000
(1790642539.951684) vcan0 300#004F000000000000
(1790642539.962093) vcan0 100#05DD000000000000
(1790642539.962122) vcan0 300#0049000000000000
(1790642539.971589) vcan0 300#0043000000000000
(1790642539.980508) vcan0 100#05E2000000000000
(1790642539.980547) vcan0 300#003E000000000000
(1790642539.992578) vcan0 200#3D00000000000000
(1790642539.992618) vcan0 300#0037000000000000
(1790642540.000898) vcan0 100#05E8000000000000
(1790642540.001010) vcan0 300#0032000000000000
(1790642540.010691) vcan0 300#002C000000000000
(1790642540.020540) vcan0 100#05ED000000000000
(1790642540.020579) vcan0 300#0026000000000000
(1790642540.030821) vcan0 300#0020000000000000
(1790642540.041132) vcan0 100#05F3000000000000
(1790642540.041205) vcan0 200#3D00000000000000
(1790642540.041224) vcan0 300#001A000000000000
(1790642540.050906) vcan0 300#0014000000000000
(1790642540.062209) vcan0 100#05F9000000000000
(1790642540.062231) vcan0 300#000D000000000000
(1790642540.071432) vcan0 300#0008000000000000
(1790642540.081083) vcan0 100#05FF000000000000
(1790642540.081104) vcan0 300#0002000000000000
(1790642540.090738) vcan0 200#3D00000000000000
(1790642540.090791) vcan0 300#FFFD000000000000
(1790642540.100950) vcan0 100#0604000000000000
(1790642540.101006) vcan0 300#FFF7000000000000
(1790642540.110481) vcan0 300#FFF2000000000000
(1790642540.121042) vcan0 100#060A000000000000
(1790642540.121063) vcan0 300#FFEB000000000000
(1790642540.131616) vcan0 300#FFE5000000000000
(1790642540.142092) vcan0 100#0610000000000000
(1790642540.142113) vcan0 200#3D00000000000000
(1790642540.142121) vcan0 300#FFDF000000000000
(1790642540.151522) vcan0 300#FFD9000000000000
(1790642540.161087) vcan0 100#0616000000000000
(1790642540.161112) vcan0 300#FFD3000000000000
(1790642540.171186) vcan0 300#FFCD000000000000
(1790642540.180874) vcan0 100#061B000000000000
(1790642540.180897) vcan0 300#FFC8000000000000
(1790642540.191214) vcan0 200#3D00000000000000
(1790642540.191311) vcan0 300#FFC2000000000000
(1790642540.200504) vcan0 100#0621000000000000
(1790642540.200564) vcan0 300#FFBC000000000000
(1790642540.210612) vcan0 300#FFB6000000000000
(1790642540.220562) vcan0 100#0627000000000000
(1790642540.220596) vcan0 300#FFB0000000000000
(1790642540.231539) vcan0 300#FFAA000000000000
(1790642540.241069) vcan0 100#062D000000000000
(1790642540.241091) vcan0 200#3D00000000000000
(1790642540.241098) vcan0 300#FFA5000000000000
(1790642540.241108) vcan0 400#0000000000000000
(1790642540.241115) vcan0 500#1F00000000000000
(1790642540.241120) vcan0 7DF#0201050000000000
(1790642540.250697) vcan0 300#FF9F000000000000
(1790642540.260827) vcan0 100#0632000000000000
(1790642540.260883) vcan0 300#FF99000000000000
(1790642540.270928) vcan0 300#FF94000000000000
(1790642540.281257) vcan0 100#0638000000000000
(1790642540.281290) vcan0 300#FF8E000000000000
(1790642540.291784) vcan0 200#3D00000000000000
(1790642540.291870) vcan0 300#FF88000000000000
(1790642540.302461) vcan0 100#063E000000000000
(1790642540.302593) vcan0 300#FF82000000000000
(1790642540.310929) vcan0 300#FF7E000000000000
(1790642540.321038) vcan0 100#0644000000000000
(1790642540.321140) vcan0 300#FF78000000000000
(1790642540.330597) vcan0 300#FF73000000000000
(1790642540.340584) vcan0 100#0649000000000000
(1790642540.340617) vcan0 200#3D00000000000000
(1790642540.340630) vcan0 300#FF6E000000000000
(1790642540.351010) vcan0 300#FF69000000000000
(1790642540.360576) vcan0 100#064F000000000000
(1790642540.360647) vcan0 300#FF64000000000000
(1790642540.371777) vcan0 300#FF5E000000000000
(1790642540.380839) vcan0 100#0655000000000000
(1790642540.380892) vcan0 300#FF59000000000000
(1790642540.392501) vcan0 200#3D00000000000000
(1790642540.392559) vcan0 300#FF54000000000000
(1790642540.402016) vcan0 100#065B000000000000
(1790642540.402072) vcan0 300#FF4F000000000000
(1790642540.410435) vcan0 300#FF4B000000000000
(1790642540.421480) vcan0 100#0661000000000000
(1790642540.421506) vcan0 300#FF46000000000000
(1790642540.432069) vcan0 300#FF41000000000000
(1790642540.441475) vcan0 100#0667000000000000
(1790642540.441499) vcan0 200#3D00000000000000
(1790642540.441511) vcan0 300#FF3D000000000000
(1790642540.451242) vcan0 300#FF38000000000000
(1790642540.461686) vcan0 100#066C000000000000
(1790642540.461748) vcan0 300#FF34000000000000
(1790642540.471736) vcan0 300#FF2F000000000000
(1790642540.480516) vcan0 100#0672000000000000
(1790642540.480565) vcan0 300#FF2B000000000000
(1790642540.491018) vcan0 200#3D00000000000000
(1790642540.491105) vcan0 300#FF27000000000000
(1790642540.500790) vcan0 100#0678000000000000
(1790642540.500869) vcan0 300#FF23000000000000
(1790642540.511944) vcan0 300#FF1F000000000000
(1790642540.521063) vcan0 100#067E000000000000
(1790642540.521087) vcan0 300#FF1B000000000000
(1790642540.531749) vcan0 300#FF17000000000000
(1790642540.541523) vcan0 100#0684000000000000
(1790642540.541546) vcan0 200#3D00000000000000
(1790642540.541555) vcan0 300#FF13000000000000
(1790642540.551143) vcan0 300#FF10000000000000
(1790642540.560714) vcan0 100#0689000000000000
(1790642540.560739) vcan0 300#FF0C000000000000
(1790642540.571080) vcan0 300#FF09000000000000
(1790642540.580746) vcan0 100#068F000000000000
(1790642540.580772) vcan0 300#FF06000000000000
(1790642540.590644) vcan0 200#3D00000000000000
(1790642540.590720) vcan0 300#FF02000000000000
(1790642540.601267) vcan0 100#0695000000000000
(1790642540.601376) vcan0 300#FEFF000000000000
(1790642540.611969) vcan0 300#FEFC000000000000
(1790642540.620478) vcan0 100#069B000000000000
(1790642540.620503) vcan0 300#FEF9000000000000
(1790642540.632046) vcan0 300#FEF6000000000000
(1790642540.641684) vcan0 100#06A1000000000000
(1790642540.641710) vcan0 200#3D00000000000000
(1790642540.641720) vcan0 300#FEF3000000000000
(1790642540.651738) vcan0 300#FEF1000000000000
(1790642540.660608) vcan0 100#06A7000000000000
(1790642540.660633) vcan0 300#FEEF000000000000
(1790642540.670530) vcan0 300#FEEC000000000000
(1790642540.680439) vcan0 100#06AD000000000000
(1790642540.680502) vcan0 300#FEEA000000000000
(1790642540.690889) vcan0 200#3C00000000000000
(1790642540.690950) vcan0 300#FEE8000000000000
(1790642540.701389) vcan0 100#06B3000000000000
(1790642540.701417) vcan0 300#FEE6000000000000
(1790642540.711033) vcan0 300#FEE4000000000000
(1790642540.720551) vcan0 100#06B8000000000000
(1790642540.720589) vcan0 300#FEE2000000000000
(1790642540.731214) vcan0 300#FEE0000000000000
(1790642540.741679) vcan0 100#06BF000000000000
(1790642540.741708) vcan0 200#3C00000000000000
(1790642540.741720) vcan0 300#FEDE000000000000
(1790642540.741734) vcan0 400#0100000000000000
(1790642540.750461) vcan0 300#FEDD000000000000
(1790642540.760855) vcan0 100#06C4000000000000
(1790642540.760919) vcan0 300#FEDC000000000000
(1790642540.771362) vcan0 300#FEDA000000000000
(1790642540.780719) vcan0 100#06CA000000000000
(1790642540.780742) vcan0 300#FED9000000000000
(1790642540.791445) vcan0 200#3C00000000000000
(1790642540.791503) vcan0 300#FED8000000000000
(1790642540.802361) vcan0 100#06D1000000000000
(1790642540.802382) vcan0 300#FED7000000000000
(1790642540.811621) vcan0 300#FED7000000000000
(1790642540.821021) vcan0 100#06D6000000000000
(1790642540.821042) vcan0 300#FED6000000000000
(1790642540.831951) vcan0 300#FED5000000000000
(1790642540.840895) vcan0 100#06DC000000000000
(1790642540.840918) vcan0 200#3C00000000000000
(1790642540.840925) vcan0 300#FED5000000000000
(1790642540.851103) vcan0 300#FED5000000000000
(1790642540.860527) vcan0 100#06E2000000000000
(1790642540.860550) vcan0 300#FED5000000000000
(1790642540.871497) vcan0 300#FED5000000000000
(1790642540.881526) vcan0 100#06E8000000000000
(1790642540.881550) vcan0 300#FED5000000000000
(1790642540.891961) vcan0 200#3C00000000000000
(1790642540.892024) vcan0 300#FED5000000000000
(1790642540.900462) vcan0 100#06EE000000000000
(1790642540.900485) vcan0 300#FED5000000000000
(1790642540.911824) vcan0 300#FED6000000000000
(1790642540.921460) vcan0 100#06F4000000000000
(1790642540.921481) vcan0 300#FED6000000000000
(1790642540.930448) vcan0 300#FED7000000000000
(1790642540.941134) vcan0 100#06FA000000000000
(1790642540.941155) vcan0 200#3C00000000000000
(1790642540.941162) vcan0 300#FED7000000000000
(1790642540.950891) vcan0 300#FED8000000000000
(1790642540.960745) vcan0 100#06FF000000000000
(1790642540.960768) vcan0 300#FED9000000000000
(1790642540.970654) vcan0 300#FEDA000000000000
(1790642540.981008) vcan0 100#0706000000000000
(1790642540.981071) vcan0 300#FEDC000000000000
(1790642540.990983) vcan0 200#3C00000000000000
(1790642540.991049) vcan0 300#FEDD000000000000
(1790642541.002116) vcan0 100#070C000000000000
(1790642541.002179) vcan0 300#FEDF000000000000
(1790642541.011295) vcan0 300#FEE0000000000000
(1790642541.020561) vcan0 100#0711000000000000
(1790642541.020586) vcan0 300#FEE2000000000000
(1790642541.031419) vcan0 300#FEE4000000000000
(1790642541.040437) vcan0 100#0717000000000000
(1790642541.040459) vcan0 200#3C00000000000000
(1790642541.040468) vcan0 300#FEE6000000000000
