(1790640798.968352) vcan0 100#0DA6000000000000
(1790640798.968427) vcan0 300#00E2000000000000
(1790640798.985193) vcan0 100#0DA6000000000000
(1790640798.985292) vcan0 300#00DB000000000000
(1790640798.998333) vcan0 100#0DA7000000000000
(1790640798.998911) vcan0 200#4200000000000000
(1790640798.999562) vcan0 300#00D5000000000000
(1790640799.008419) vcan0 100#0DA7000000000000
(1790640799.009196) vcan0 300#00D1000000000000
(1790640799.011525) vcan0 100#0DA7000000000000
(1790640799.011748) vcan0 300#00D0000000000000
(1790640799.013241) vcan0 100#0DA7000000000000
(1790640799.013280) vcan0 300#00CF000000000000
(1790640799.014559) vcan0 300#00CE000000000000
(1790640799.016709) vcan0 300#00CE000000000000
(1790640799.018424) vcan0 300#00CD000000000000
(1790640799.019759) vcan0 300#00CC000000000000
(1790640799.021185) vcan0 100#0DA7000000000000
(1790640799.021269) vcan0 300#00CB000000000000
(1790640799.024953) vcan0 300#00CA000000000000
(1790640799.026312) vcan0 300#00C9000000000000
(1790640799.027596) vcan0 300#00C9000000000000
(1790640799.030829) vcan0 300#00C7000000000000
(1790640799.032920) vcan0 300#00C6000000000000
(1790640799.036011) vcan0 300#00C5000000000000
(1790640799.037599) vcan0 300#00C4000000000000
(1790640799.039300) vcan0 300#00C3000000000000
(1790640799.040824) vcan0 300#00C3000000000000
(1790640799.041997) vcan0 100#0DA8000000000000
(1790640799.042118) vcan0 200#4200000000000000
(1790640799.042143) vcan0 300#00C2000000000000
(1790640799.042168) vcan0 400#0000000000000000
(1790640799.043804) vcan0 300#00C1000000000000
(1790640799.047320) vcan0 300#00C0000000000000
(1790640799.049628) vcan0 300#00BF000000000000
(1790640799.051495) vcan0 300#00BE000000000000
(1790640799.052810) vcan0 300#00BD000000000000
(1790640799.054448) vcan0 300#00BC000000000000
(1790640799.056442) vcan0 300#00BB000000000000
(1790640799.058146) vcan0 300#00BB000000000000
(1790640799.063303) vcan0 100#0DA8000000000000
(1790640799.063383) vcan0 300#00B8000000000000
(1790640799.072004) vcan0 300#00B4000000000000
(1790640799.082264) vcan0 100#0DA9000000000000
(1790640799.082322) vcan0 300#00AF000000000000
(1790640799.091947) vcan0 200#4200000000000000
(1790640799.091996) vcan0 300#00AA000000000000
(1790640799.102369) vcan0 100#0DA9000000000000
(1790640799.102433) vcan0 300#00A5000000000000
(1790640799.111782) vcan0 300#00A0000000000000
(1790640799.122318) vcan0 100#0DA9000000000000
(1790640799.122404) vcan0 300#009B000000000000
(1790640799.134768) vcan0 300#0095000000000000
(1790640799.142826) vcan0 100#0DAA000000000000
(1790640799.142917) vcan0 200#4200000000000000
(1790640799.142948) vcan0 300#0090000000000000
(1790640799.154235) vcan0 300#008B000000000000
(1790640799.247236) vcan0 100#0DAB000000000000
(1790640799.247337) vcan0 200#4200000000000000
(1790640799.247364) vcan0 300#0057000000000000
(1790640799.312320) vcan0 100#0DAB000000000000
(1790640799.312494) vcan0 200#4300000000000000
(1790640799.312551) vcan0 300#0031000000000000
(1790640799.375979) vcan0 100#0DAB000000000000
(1790640799.376185) vcan0 200#4300000000000000
(1790640799.376237) vcan0 300#000B000000000000
(1790640799.432229) vcan0 100#0DAB000000000000
(1790640799.432490) vcan0 200#4300000000000000
(1790640799.432561) vcan0 300#FFEA000000000000
(1790640799.434958) vcan0 100#0DAB000000000000
(1790640799.435258) vcan0 200#4300000000000000
(1790640799.435305) vcan0 300#FFE9000000000000
(1790640799.436652) vcan0 100#0DAB000000000000
(1790640799.436739) vcan0 300#FFE8000000000000
(1790640799.438225) vcan0 100#0DAB000000000000
(1790640799.438301) vcan0 300#FFE7000000000000
(1790640799.463599) vcan0 100#0DAB000000000000
(1790640799.463732) vcan0 200#4300000000000000
(1790640799.463780) vcan0 300#FFD8000000000000
(1790640799.484967) vcan0 100#0DAB000000000000
(1790640799.485119) vcan0 300#FFCB000000000000
(1790640799.486695) vcan0 100#0DAB000000000000
(1790640799.486801) vcan0 300#FFCA000000000000
(1790640799.488393) vcan0 100#0DAB000000000000
(1790640799.488499) vcan0 300#FFC9000000000000
(1790640799.505684) vcan0 100#0DAB000000000000
(1790640799.505754) vcan0 200#4300000000000000
(1790640799.505787) vcan0 300#FFBF000000000000
(1790640799.508003) vcan0 100#0DAB000000000000
(1790640799.508115) vcan0 300#FFBD000000000000
(1790640799.521405) vcan0 100#0DAB000000000000
(1790640799.521536) vcan0 300#FFB6000000000000
(1790640799.523079) vcan0 100#0DAB000000000000
(1790640799.523171) vcan0 300#FFB5000000000000
(1790640799.533603) vcan0 100#0DAB000000000000
(1790640799.533671) vcan0 300#FFAE000000000000
(1790640799.535726) vcan0 100#0DAB000000000000
(1790640799.535853) vcan0 300#FFAD000000000000
(1790640799.542081) vcan0 100#0DAB000000000000
(1790640799.542218) vcan0 200#4300000000000000
(1790640799.542362) vcan0 300#FFAA000000000000
(1790640799.542424) vcan0 400#0000000000000000
(1790640799.542468) vcan0 500#0900000000000000
(1790640799.542511) vcan0 7DF#02010D0000000000
(1790640799.544025) vcan0 100#0DAB000000000000
(1790640799.544162) vcan0 300#FFA8000000000000
(1790640799.548290) vcan0 100#0DAB000000000000
(1790640799.548438) vcan0 300#FFA6000000000000
(1790640799.551820) vcan0 300#FFA4000000000000
(1790640799.553913) vcan0 300#FFA3000000000000
(1790640799.555920) vcan0 300#FFA2000000000000
(1790640799.557584) vcan0 300#FFA1000000000000
(1790640799.559534) vcan0 300#FFA0000000000000
(1790640799.561032) vcan0 100#0DAB000000000000
(1790640799.561110) vcan0 300#FF9F000000000000
(1790640799.562519) vcan0 300#FF9E000000000000
(1790640799.563740) vcan0 300#FF9D000000000000
(1790640799.565387) vcan0 300#FF9C000000000000
(1790640799.567553) vcan0 300#FF9B000000000000
(1790640799.568991) vcan0 300#FF9A000000000000
(1790640799.571355) vcan0 300#FF99000000000000
(1790640799.572688) vcan0 300#FF98000000000000
(1790640799.574895) vcan0 300#FF97000000000000
(1790640799.576509) vcan0 300#FF96000000000000
(1790640799.577896) vcan0 300#FF95000000000000
(1790640799.579623) vcan0 300#FF94000000000000
(1790640799.581989) vcan0 100#0DAA000000000000
(1790640799.583014) vcan0 300#FF93000000000000
(1790640799.585198) vcan0 300#FF91000000000000
(1790640799.587226) vcan0 300#FF90000000000000
(1790640799.590332) vcan0 300#FF8E000000000000
(1790640799.592079) vcan0 200#4300000000000000
(1790640799.592780) vcan0 300#FF8D000000000000
(1790640799.594344) vcan0 300#FF8C000000000000
(1790640799.595756) vcan0 300#FF8B000000000000
(1790640799.601612) vcan0 100#0DAA000000000000
(1790640799.601781) vcan0 300#FF88000000000000
(1790640799.611806) vcan0 300#FF82000000000000
(1790640799.622387) vcan0 100#0DAA000000000000
(1790640799.622408) vcan0 300#FF7D000000000000
(1790640799.631659) vcan0 300#FF78000000000000
(1790640799.642220) vcan0 100#0DAA000000000000
(1790640799.642240) vcan0 200#4300000000000000
(1790640799.642247) vcan0 300#FF72000000000000
(1790640799.651345) vcan0 300#FF6D000000000000
(1790640799.662237) vcan0 100#0DA9000000000000
(1790640799.662258) vcan0 300#FF68000000000000
(1790640799.671262) vcan0 300#FF63000000000000
(1790640799.681469) vcan0 100#0DA9000000000000
(1790640799.681491) vcan0 300#FF5E000000000000
(1790640799.691344) vcan0 200#4300000000000000
(1790640799.691364) vcan0 300#FF59000000000000
(1790640799.702281) vcan0 100#0DA9000000000000
(1790640799.702302) vcan0 300#FF54000000000000
(1790640799.712180) vcan0 300#FF4F000000000000
(1790640799.799948) vcan0 100#0DA7000000000000
(1790640799.800071) vcan0 200#4300000000000000
(1790640799.800103) vcan0 300#FF27000000000000
(1790640799.804142) vcan0 100#0DA6000000000000
(1790640799.804221) vcan0 200#4300000000000000
(1790640799.804250) vcan0 300#FF26000000000000
(1790640799.805666) vcan0 100#0DA6000000000000
(1790640799.805749) vcan0 300#FF25000000000000
(1790640799.807569) vcan0 100#0DA6000000000000
(1790640799.807643) vcan0 300#FF24000000000000
(1790640799.819279) vcan0 100#0DA6000000000000
(1790640799.819324) vcan0 300#FF1F000000000000
(1790640799.820892) vcan0 300#FF1F000000000000
(1790640799.822267) vcan0 100#0DA6000000000000
(1790640799.822293) vcan0 300#FF1E000000000000
(1790640799.824494) vcan0 300#FF1D000000000000
(1790640799.827107) vcan0 300#FF1C000000000000
(1790640799.828246) vcan0 300#FF1C000000000000
(1790640799.829471) vcan0 300#FF1B000000000000
(1790640799.831847) vcan0 300#FF1A000000000000
(1790640799.842128) vcan0 100#0DA6000000000000
(1790640799.842151) vcan0 200#4300000000000000
(1790640799.842161) vcan0 300#FF17000000000000
(1790640799.851560) vcan0 300#FF13000000000000
(1790640799.861260) vcan0 100#0DA5000000000000
(1790640799.861319) vcan0 300#FF10000000000000
(1790640799.871466) vcan0 300#FF0C000000000000
(1790640799.881960) vcan0 100#0DA4000000000000
(1790640799.881988) vcan0 300#FF08000000000000
(1790640799.891546) vcan0 200#4300000000000000
(1790640799.891616) vcan0 300#FF05000000000000
(1790640799.901893) vcan0 100#0DA4000000000000
(1790640799.901971) vcan0 300#FF02000000000000
(1790640799.913082) vcan0 300#FEFE000000000000
(1790640799.921375) vcan0 100#0DA3000000000000
(1790640799.921408) vcan0 300#FEFC000000000000
(1790640799.932060) vcan0 300#FEF9000000000000
(1790640799.942528) vcan0 100#0DA3000000000000
(1790640799.942550) vcan0 200#4300000000000000
(1790640799.942557) vcan0 300#FEF6000000000000
(1790640800.002690) vcan0 100#0DA0000000000000
(1790640800.003532) vcan0 200#4300000000000000
(1790640800.003564) vcan0 300#FEE7000000000000
(1790640800.005980) vcan0 100#0DA0000000000000
(1790640800.006313) vcan0 300#FEE7000000000000
(1790640800.008489) vcan0 100#0DA0000000000000
(1790640800.008598) vcan0 300#FEE6000000000000
(1790640800.010899) vcan0 300#FEE6000000000000
(1790640800.013007) vcan0 300#FEE5000000000000
(1790640800.014716) vcan0 300#FEE5000000000000
(1790640800.016779) vcan0 300#FEE4000000000000
(1790640800.021180) vcan0 100#0DA0000000000000
(1790640800.021227) vcan0 300#FEE4000000000000
(1790640800.032357) vcan0 300#FEE2000000000000
(1790640800.042425) vcan0 100#0D9F000000000000
(1790640800.042499) vcan0 200#4300000000000000
(1790640800.042520) vcan0 300#FEE0000000000000
(1790640800.042541) vcan0 400#0000000000000000
(1790640800.051062) vcan0 300#FEDE000000000000
(1790640800.063608) vcan0 100#0D9E000000000000
(1790640800.063738) vcan0 300#FEDD000000000000
(1790640800.071861) vcan0 300#FEDC000000000000
(1790640800.083646) vcan0 100#0D9D000000000000
(1790640800.083749) vcan0 300#FEDA000000000000
(1790640800.091989) vcan0 200#4300000000000000
(1790640800.092072) vcan0 300#FED9000000000000
(1790640800.103701) vcan0 100#0D9C000000000000
(1790640800.103793) vcan0 300#FED8000000000000
(1790640800.132127) vcan0 100#0D9B000000000000
(1790640800.132831) vcan0 300#FED6000000000000
(1790640800.134202) vcan0 300#FED6000000000000
(1790640800.135672) vcan0 300#FED6000000000000
(1790640800.144317) vcan0 100#0D9B000000000000
(1790640800.144453) vcan0 200#4300000000000000
(1790640800.144501) vcan0 300#FED5000000000000
(1790640800.151967) vcan0 300#FED5000000000000
(1790640800.166529) vcan0 100#0D9A000000000000
(1790640800.166656) vcan0 300#FED5000000000000
(1790640800.172209) vcan0 300#FED5000000000000
(1790640800.187609) vcan0 100#0D99000000000000
(1790640800.187667) vcan0 300#FED5000000000000
(1790640800.192776) vcan0 200#4300000000000000
(1790640800.192915) vcan0 300#FED5000000000000
(1790640800.205623) vcan0 100#0D98000000000000
(1790640800.205837) vcan0 300#FED5000000000000
(1790640800.213103) vcan0 300#FED5000000000000
(1790640800.222999) vcan0 100#0D97000000000000
(1790640800.223153) vcan0 300#FED6000000000000
(1790640800.232575) vcan0 300#FED6000000000000
(1790640800.242042) vcan0 100#0D96000000000000
(1790640800.242178) vcan0 200#4300000000000000
(1790640800.242197) vcan0 300#FED7000000000000
(1790640800.252244) vcan0 300#FED8000000000000
(1790640800.264200) vcan0 100#0D95000000000000
(1790640800.264301) vcan0 300#FED9000000000000
(1790640800.272027) vcan0 300#FEDA000000000000
(1790640800.281562) vcan0 100#0D94000000000000
(1790640800.281673) vcan0 300#FEDB000000000000
(1790640800.292479) vcan0 200#4300000000000000
(1790640800.292619) vcan0 300#FEDC000000000000
(1790640800.301556) vcan0 100#0D93000000000000
(1790640800.301697) vcan0 300#FEDD000000000000
(1790640800.311326) vcan0 300#FEDF000000000000
(1790640800.322164) vcan0 100#0D92000000000000
(1790640800.323633) vcan0 300#FEE0000000000000
(1790640800.331839) vcan0 300#FEE2000000000000
(1790640800.341620) vcan0 100#0D91000000000000
(1790640800.341735) vcan0 200#4300000000000000
(1790640800.341754) vcan0 300#FEE4000000000000
(1790640800.351338) vcan0 300#FEE6000000000000
(1790640800.363879) vcan0 100#0D8F000000000000
(1790640800.364190) vcan0 300#FEE8000000000000
(1790640800.375934) vcan0 300#FEEB000000000000
(1790640800.381232) vcan0 100#0D8E000000000000
(1790640800.381379) vcan0 300#FEEC000000000000
(1790640800.423131) vcan0 100#0D8C000000000000
(1790640800.423329) vcan0 200#4300000000000000
(1790640800.423889) vcan0 300#FEF7000000000000
(1790640800.425619) vcan0 100#0D8C000000000000
(1790640800.425751) vcan0 300#FEF8000000000000
(1790640800.427955) vcan0 300#FEF9000000000000
(1790640800.429665) vcan0 300#FEF9000000000000
(1790640800.431619) vcan0 300#FEFA000000000000
(1790640800.442947) vcan0 100#0D8B000000000000
(1790640800.443004) vcan0 200#4300000000000000
(1790640800.443034) vcan0 300#FEFD000000000000
(1790640800.452060) vcan0 300#FF00000000000000
(1790640800.462869) vcan0 100#0D89000000000000
(1790640800.463048) vcan0 300#FF03000000000000
(1790640800.559449) vcan0 100#0D83000000000000
(1790640800.559860) vcan0 200#4300000000000000
(1790640800.559891) vcan0 300#FF27000000000000
(1790640800.559923) vcan0 400#0200000000000000
(1790640800.565002) vcan0 500#0A00000000000000
(1790640800.566609) vcan0 100#0D83000000000000
(1790640800.566738) vcan0 200#4300000000000000
(1790640800.566756) vcan0 300#FF2A000000000000
(1790640800.568530) vcan0 100#0D82000000000000
(1790640800.568636) vcan0 300#FF2A000000000000
(1790640800.570209) vcan0 100#0D82000000000000
(1790640800.570338) vcan0 300#FF2B000000000000
(1790640800.572567) vcan0 100#0D82000000000000
(1790640800.572704) vcan0 300#FF2C000000000000
(1790640800.574513) vcan0 300#FF2D000000000000
(1790640800.578349) vcan0 300#FF2F000000000000
(1790640800.580006) vcan0 300#FF2F000000000000
(1790640800.589287) vcan0 100#0D81000000000000
(1790640800.589516) vcan0 300#FF33000000000000
(1790640800.591376) vcan0 200#4300000000000000
(1790640800.591566) vcan0 300#FF34000000000000
(1790640800.592842) vcan0 300#FF35000000000000
(1790640800.594230) vcan0 300#FF36000000000000
(1790640800.595991) vcan0 300#FF36000000000000
(1790640800.602704) vcan0 100#0D80000000000000
(1790640800.602866) vcan0 300#FF39000000000000
(1790640800.616978) vcan0 300#FF40000000000000
(1790640800.621153) vcan0 100#0D7F000000000000
(1790640800.621343) vcan0 300#FF42000000000000
(1790640800.637838) vcan0 300#FF4A000000000000
(1790640800.644997) vcan0 100#0D7D000000000000
(1790640800.645231) vcan0 200#4300000000000000
(1790640800.645266) vcan0 300#FF4D000000000000
(1790640800.651641) vcan0 300#FF50000000000000
(1790640800.661843) vcan0 100#0D7C000000000000
(1790640800.661886) vcan0 300#FF55000000000000
(1790640800.679504) vcan0 300#FF5E000000000000
(1790640800.688677) vcan0 100#0D7A000000000000
(1790640800.688890) vcan0 300#FF63000000000000
(1790640800.692077) vcan0 200#4300000000000000
(1790640800.692264) vcan0 300#FF64000000000000
(1790640800.708860) vcan0 100#0D78000000000000
(1790640800.708920) vcan0 300#FF6D000000000000
(1790640800.713218) vcan0 300#FF6F000000000000
(1790640800.721453) vcan0 100#0D77000000000000
(1790640800.721606) vcan0 300#FF74000000000000
(1790640800.732473) vcan0 300#FF79000000000000
(1790640800.750111) vcan0 100#0D75000000000000
(1790640800.750350) vcan0 200#4300000000000000
(1790640800.750385) vcan0 300#FF83000000000000
(1790640800.752037) vcan0 300#FF84000000000000
(1790640800.777039) vcan0 100#0D73000000000000
(1790640800.777208) vcan0 300#FF92000000000000
(1790640800.779928) vcan0 300#FF94000000000000
(1790640800.781968) vcan0 100#0D72000000000000
(1790640800.782096) vcan0 300#FF95000000000000
(1790640800.809160) vcan0 100#0D70000000000000
(1790640800.809225) vcan0 200#4300000000000000
(1790640800.809261) vcan0 300#FFA4000000000000
(1790640800.811161) vcan0 300#FFA5000000000000
(1790640800.812658) vcan0 300#FFA6000000000000
(1790640800.821260) vcan0 100#0D6F000000000000
(1790640800.821376) vcan0 300#FFAB000000000000
(1790640800.840947) vcan0 300#FFB6000000000000
(1790640800.844050) vcan0 100#0D6D000000000000
(1790640800.844194) vcan0 200#4400000000000000
(1790640800.844215) vcan0 300#FFB8000000000000
(1790640800.852146) vcan0 300#FFBD000000000000
(1790640800.861839) vcan0 100#0D6B000000000000
(1790640800.862001) vcan0 300#FFC3000000000000
(1790640800.872564) vcan0 300#FFC9000000000000
(1790640800.885026) vcan0 100#0D69000000000000
(1790640800.885194) vcan0 300#FFD0000000000000
(1790640800.899570) vcan0 200#4400000000000000
(1790640800.899627) vcan0 300#FFD9000000000000
(1790640800.901620) vcan0 100#0D68000000000000
(1790640800.901813) vcan0 300#FFDA000000000000
(1790640800.917126) vcan0 300#FFE3000000000000
(1790640800.921058) vcan0 100#0D66000000000000
(1790640800.921319) vcan0 300#FFE6000000000000
(1790640800.931454) vcan0 300#FFEC000000000000
(1790640800.943749) vcan0 100#0D64000000000000
(1790640800.943914) vcan0 200#4400000000000000
(1790640800.943939) vcan0 300#FFF3000000000000
(1790640800.951128) vcan0 300#FFF8000000000000
(1790640800.962409) vcan0 100#0D62000000000000
(1790640800.962547) vcan0 300#FFFE000000000000
(1790640800.972532) vcan0 300#0004000000000000
(1790640800.984725) vcan0 100#0D60000000000000
(1790640800.984912) vcan0 300#000B000000000000
(1790640801.001768) vcan0 100#0D5F000000000000
(1790640801.001998) vcan0 200#4400000000000000
(1790640801.002033) vcan0 300#0015000000000000
(1790640801.003703) vcan0 300#0016000000000000
(1790640801.012287) vcan0 300#001B000000000000
(1790640801.022470) vcan0 100#0D5D000000000000
(1790640801.022520) vcan0 300#0021000000000000
(1790640801.032193) vcan0 300#0027000000000000
(1790640801.041856) vcan0 100#0D5B000000000000
(1790640801.041934) vcan0 200#4400000000000000
(1790640801.041958) vcan0 300#002D000000000000
(1790640801.041983) vcan0 400#0000000000000000
(1790640801.052530) vcan0 300#0033000000000000
(1790640801.062009) vcan0 100#0D59000000000000
(1790640801.062103) vcan0 300#0039000000000000
(1790640801.071991) vcan0 300#003F000000000000
(1790640801.081477) vcan0 100#0D57000000000000
(1790640801.081508) vcan0 300#0044000000000000
(1790640801.093446) vcan0 200#4400000000000000
(1790640801.093523) vcan0 300#004B000000000000
(1790640801.102576) vcan0 100#0D55000000000000
(1790640801.102664) vcan0 300#0051000000000000
(1790640801.112533) vcan0 300#0056000000000000
(1790640801.121200) vcan0 100#0D53000000000000
(1790640801.121289) vcan0 300#005B000000000000
(1790640801.146872) vcan0 100#0D50000000000000
(1790640801.147016) vcan0 200#4400000000000000
(1790640801.147058) vcan0 300#006A000000000000
(1790640801.148984) vcan0 300#006B000000000000
(1790640801.151998) vcan0 300#006D000000000000
(1790640801.161183) vcan0 100#0D4F000000000000
(1790640801.161253) vcan0 300#0072000000000000
(1790640801.177522) vcan0 300#007B000000000000
(1790640801.181230) vcan0 100#0D4D000000000000
(1790640801.181342) vcan0 300#007D000000000000
(1790640801.191058) vcan0 200#4400000000000000
(1790640801.191126) vcan0 300#0082000000000000
(1790640801.201376) vcan0 100#0D4B000000000000
(1790640801.201398) vcan0 300#0088000000000000
(1790640801.213346) vcan0 300#008E000000000000
(1790640801.221691) vcan0 100#0D49000000000000
(1790640801.221747) vcan0 300#0092000000000000
(1790640801.232119) vcan0 300#0098000000000000
(1790640801.241201) vcan0 100#0D46000000000000
(1790640801.241257) vcan0 200#4400000000000000
(1790640801.241265) vcan0 300#009D000000000000
(1790640801.252958) vcan0 300#00A2000000000000
(1790640801.272288) vcan0 100#0D43000000000000
(1790640801.272362) vcan0 300#00AC000000000000
(1790640801.274804) vcan0 300#00AD000000000000
(1790640801.282805) vcan0 100#0D42000000000000
(1790640801.282980) vcan0 300#00B1000000000000
(1790640801.293335) vcan0 200#4400000000000000
(1790640801.293431) vcan0 300#00B6000000000000
(1790640801.306844) vcan0 100#0D3F000000000000
(1790640801.306936) vcan0 300#00BD000000000000
(1790640801.312869) vcan0 300#00BF000000000000
(1790640801.321700) vcan0 100#0D3E000000000000
(1790640801.321796) vcan0 300#00C3000000000000
(1790640801.339827) vcan0 300#00CC000000000000
(1790640801.350460) vcan0 100#0D3A000000000000
(1790640801.350697) vcan0 200#4400000000000000
(1790640801.350732) vcan0 300#00D0000000000000
(1790640801.352326) vcan0 300#00D1000000000000
(1790640801.362566) vcan0 100#0D39000000000000
(1790640801.362748) vcan0 300#00D5000000000000
(1790640801.378321) vcan0 300#00DC000000000000
(1790640801.388601) vcan0 100#0D36000000000000
(1790640801.388813) vcan0 300#00E0000000000000
(1790640801.392590) vcan0 200#4400000000000000
(1790640801.392737) vcan0 300#00E2000000000000
(1790640801.410218) vcan0 100#0D33000000000000
(1790640801.410278) vcan0 300#00E8000000000000
(1790640801.412652) vcan0 300#00E9000000000000
(1790640801.423649) vcan0 100#0D32000000000000
(1790640801.423801) vcan0 300#00ED000000000000
(1790640801.431507) vcan0 300#00F0000000000000
(1790640801.442556) vcan0 100#0D2F000000000000
(1790640801.442776) vcan0 200#4400000000000000
(1790640801.442797) vcan0 300#00F4000000000000
(1790640801.452132) vcan0 300#00F7000000000000
(1790640801.468592) vcan0 100#0D2C000000000000
(1790640801.468623) vcan0 300#00FD000000000000
(1790640801.471306) vcan0 300#00FE000000000000
(1790640801.481184) vcan0 100#0D2B000000000000
(1790640801.481240) vcan0 300#0101000000000000
(1790640801.491161) vcan0 200#4400000000000000
(1790640801.491213) vcan0 300#0104000000000000
(1790640801.501066) vcan0 100#0D28000000000000
(1790640801.501115) vcan0 300#0107000000000000
(1790640801.512392) vcan0 300#010A000000000000
(1790640801.522277) vcan0 100#0D26000000000000
(1790640801.522297) vcan0 300#010D000000000000
(1790640801.531491) vcan0 300#010F000000000000
(1790640801.541389) vcan0 100#0D23000000000000
(1790640801.541414) vcan0 200#4400000000000000
(1790640801.541424) vcan0 300#0111000000000000
(1790640801.541437) vcan0 400#0000000000000000
(1790640801.541445) vcan0 500#0B00000000000000
(1790640801.541453) vcan0 7DF#02010C0000000000
(1790640801.551778) vcan0 300#0114000000000000
(1790640801.561960) vcan0 100#0D21000000000000
(1790640801.562029) vcan0 300#0116000000000000
(1790640801.572143) vcan0 300#0118000000000000
(1790640801.581460) vcan0 100#0D1E000000000000
(1790640801.581489) vcan0 300#011A000000000000
(1790640801.592615) vcan0 200#4400000000000000
(1790640801.592741) vcan0 300#011C000000000000
(1790640801.602622) vcan0 100#0D1C000000000000
(1790640801.602753) vcan0 300#011E000000000000
(1790640801.614282) vcan0 300#0120000000000000
(1790640801.628385) vcan0 100#0D18000000000000
(1790640801.628474) vcan0 300#0122000000000000
(1790640801.631295) vcan0 300#0123000000000000
(1790640801.642962) vcan0 100#0D16000000000000
(1790640801.643010) vcan0 200#4400000000000000
(1790640801.643035) vcan0 300#0124000000000000
(1790640801.660610) vcan0 300#0127000000000000
(1790640801.664954) vcan0 100#0D14000000000000
(1790640801.665144) vcan0 300#0127000000000000
(1790640801.672549) vcan0 300#0128000000000000
(1790640801.681093) vcan0 100#0D11000000000000
(1790640801.681298) vcan0 300#0129000000000000
(1790640801.698257) vcan0 200#4400000000000000
(1790640801.698409) vcan0 300#012A000000000000
(1790640801.702957) vcan0 100#0D0F000000000000
(1790640801.703270) vcan0 300#012A000000000000
(1790640801.719078) vcan0 300#012B000000000000
(1790640801.723849) vcan0 100#0D0C000000000000
(1790640801.724212) vcan0 300#012B000000000000
(1790640801.732396) vcan0 300#012B000000000000
(1790640801.744047) vcan0 100#0D09000000000000
(1790640801.744214) vcan0 200#4400000000000000
(1790640801.744237) vcan0 300#012B000000000000
(1790640801.751306) vcan0 300#012B000000000000
(1790640801.763907) vcan0 100#0D06000000000000
(1790640801.764050) vcan0 300#012B000000000000
(1790640801.771119) vcan0 300#012B000000000000
(1790640801.783595) vcan0 100#0D04000000000000
(1790640801.783762) vcan0 300#012B000000000000
(1790640801.793319) vcan0 200#4400000000000000
(1790640801.793446) vcan0 300#012A000000000000
(1790640801.803518) vcan0 100#0D01000000000000
(1790640801.803646) vcan0 300#012A000000000000
(1790640801.813632) vcan0 300#0129000000000000
(1790640801.821072) vcan0 100#0CFE000000000000
(1790640801.821196) vcan0 300#0129000000000000
(1790640801.841879) vcan0 100#0CFB000000000000
(1790640801.842035) vcan0 200#4400000000000000
(1790640801.842055) vcan0 300#0127000000000000
(1790640801.843332) vcan0 300#0126000000000000
(1790640801.851629) vcan0 300#0125000000000000
(1790640801.870038) vcan0 100#0CF7000000000000
(1790640801.870880) vcan0 300#0123000000000000
(1790640801.872675) vcan0 300#0123000000000000
(1790640801.882956) vcan0 100#0CF6000000000000
(1790640801.883147) vcan0 300#0121000000000000
(1790640801.891594) vcan0 200#4400000000000000
(1790640801.891810) vcan0 300#0120000000000000
(1790640801.905410) vcan0 100#0CF2000000000000
(1790640801.905622) vcan0 300#011D000000000000
(1790640801.912630) vcan0 300#011C000000000000
(1790640801.921533) vcan0 100#0CF0000000000000
(1790640801.921718) vcan0 300#011A000000000000
(1790640801.939449) vcan0 300#0117000000000000
(1790640801.941119) vcan0 100#0CED000000000000
(1790640801.941386) vcan0 200#4400000000000000
(1790640801.941428) vcan0 300#0116000000000000
(1790640801.954496) vcan0 300#0113000000000000
(1790640801.971033) vcan0 100#0CE9000000000000
(1790640801.971095) vcan0 300#010F000000000000
(1790640801.972932) vcan0 300#010E000000000000
(1790640801.981916) vcan0 100#0CE7000000000000
(1790640801.982084) vcan0 300#010C000000000000
(1790640801.997044) vcan0 200#4400000000000000
(1790640801.997100) vcan0 300#0108000000000000
(1790640802.001140) vcan0 100#0CE4000000000000
(1790640802.001188) vcan0 300#0107000000000000
(1790640802.013145) vcan0 300#0103000000000000
(1790640802.021130) vcan0 100#0CE1000000000000
(1790640802.021169) vcan0 300#0101000000000000
(1790640802.032558) vcan0 300#00FD000000000000
(1790640802.042105) vcan0 100#0CDE000000000000
(1790640802.042134) vcan0 200#4400000000000000
(1790640802.042144) vcan0 300#00FA000000000000
(1790640802.042157) vcan0 400#0200000000000000
(1790640802.052509) vcan0 300#00F7000000000000
(1790640802.063834) vcan0 100#0CDB000000000000
(1790640802.063940) vcan0 300#00F3000000000000
(1790640802.071080) vcan0 300#00F0000000000000
(1790640802.081828) vcan0 100#0CD8000000000000
(1790640802.081873) vcan0 300#00EC000000000000
(1790640802.092892) vcan0 200#4400000000000000
(1790640802.092934) vcan0 300#00E8000000000000
(1790640802.101985) vcan0 100#0CD5000000000000
(1790640802.102096) vcan0 300#00E5000000000000
(1790640802.112743) vcan0 300#00E0000000000000
(1790640802.123067) vcan0 100#0CD2000000000000
(1790640802.123184) vcan0 300#00DC000000000000
(1790640802.131671) vcan0 300#00D9000000000000
(1790640802.142892) vcan0 100#0CCF000000000000
(1790640802.142996) vcan0 200#4400000000000000
(1790640802.143030) vcan0 300#00D4000000000000
(1790640802.152496) vcan0 300#00D0000000000000
(1790640802.162765) vcan0 100#0CCB000000000000
(1790640802.162812) vcan0 300#00CB000000000000
(1790640802.172232) vcan0 300#00C7000000000000
(1790640802.181939) vcan0 100#0CC8000000000000
(1790640802.182028) vcan0 300#00C3000000000000
(1790640802.192586) vcan0 200#4400000000000000
(1790640802.192675) vcan0 300#00BE000000000000
(1790640802.202660) vcan0 100#0CC5000000000000
(1790640802.202755) vcan0 300#00B9000000000000
(1790640802.212492) vcan0 300#00B5000000000000
(1790640802.221703) vcan0 100#0CC2000000000000
(1790640802.221744) vcan0 300#00B0000000000000
(1790640802.232627) vcan0 300#00AB000000000000
(1790640802.241113) vcan0 100#0CBF000000000000
(1790640802.241205) vcan0 200#4400000000000000
(1790640802.241238) vcan0 300#00A7000000000000
(1790640802.252437) vcan0 300#00A1000000000000
(1790640802.261862) vcan0 100#0CBC000000000000
(1790640802.261961) vcan0 300#009C000000000000
(1790640802.272726) vcan0 300#0097000000000000
(1790640802.281358) vcan0 100#0CB8000000000000
(1790640802.281493) vcan0 300#0092000000000000
(1790640802.292704) vcan0 200#4400000000000000
(1790640802.292811) vcan0 300#008C000000000000
(1790640802.302626) vcan0 100#0CB5000000000000
(1790640802.302669) vcan0 300#0087000000000000
(1790640802.311617) vcan0 300#0082000000000000
(1790640802.321280) vcan0 100#0CB2000000000000
(1790640802.321380) vcan0 300#007D000000000000
(1790640802.331764) vcan0 300#0077000000000000
(1790640802.342797) vcan0 100#0CAE000000000000
(1790640802.342831) vcan0 200#4400000000000000
(1790640802.342847) vcan0 300#0071000000000000
(1790640802.353120) vcan0 300#006B000000000000
(1790640802.362197) vcan0 100#0CAB000000000000
(1790640802.362229) vcan0 300#0066000000000000
(1790640802.371264) vcan0 300#0061000000000000
(1790640802.381738) vcan0 100#0CA8000000000000
(1790640802.381796) vcan0 300#005B000000000000
(1790640802.392301) vcan0 200#4400000000000000
(1790640802.392365) vcan0 300#0055000000000000
(1790640802.402095) vcan0 100#0CA4000000000000
(1790640802.402126) vcan0 300#004F000000000000
(1790640802.412508) vcan0 300#0049000000000000
(1790640802.422986) vcan0 100#0CA1000000000000
(1790640802.423076) vcan0 300#0043000000000000
(1790640802.433035) vcan0 300#003D000000000000
(1790640802.442621) vcan0 100#0C9D000000000000
(1790640802.442662) vcan0 200#4400000000000000
(1790640802.442680) vcan0 300#0038000000000000
(1790640802.452739) vcan0 300#0032000000000000
(1790640802.461114) vcan0 100#0C9A000000000000
(1790640802.461233) vcan0 300#002D000000000000
(1790640802.471147) vcan0 300#0027000000000000
(1790640802.482193) vcan0 100#0C97000000000000
(1790640802.482241) vcan0 300#0020000000000000
(1790640802.491747) vcan0 200#4400000000000000
(1790640802.491840) vcan0 300#001A000000000000
(1790640802.502873) vcan0 100#0C93000000000000
(1790640802.502988) vcan0 300#0014000000000000
(1790640802.512581) vcan0 300#000E000000000000
(1790640802.521822) vcan0 100#0C90000000000000
(1790640802.521863) vcan0 300#0008000000000000
(1790640802.531705) vcan0 300#0002000000000000
(1790640802.541717) vcan0 100#0C8C000000000000
(1790640802.541764) vcan0 200#4400000000000000
(1790640802.541784) vcan0 300#FFFD000000000000
(1790640802.541809) vcan0 400#0200000000000000
(1790640802.541825) vcan0 500#0C00000000000000
(1790640802.551284) vcan0 300#FFF8000000000000
(1790640802.562891) vcan0 100#0C88000000000000
(1790640802.563000) vcan0 300#FFF1000000000000
(1790640802.572153) vcan0 300#FFEB000000000000
(1790640802.581087) vcan0 100#0C85000000000000
(1790640802.581123) vcan0 300#FFE6000000000000
(1790640802.591808) vcan0 200#4400000000000000
(1790640802.591898) vcan0 300#FFDF000000000000
(1790640802.601118) vcan0 100#0C82000000000000
(1790640802.601150) vcan0 300#FFDA000000000000
(1790640802.611245) vcan0 300#FFD4000000000000
(1790640802.622468) vcan0 100#0C7E000000000000
(1790640802.622558) vcan0 300#FFCD000000000000
(1790640802.631850) vcan0 300#FFC8000000000000
(1790640802.641233) vcan0 100#0C7A000000000000
(1790640802.641277) vcan0 200#4400000000000000
(1790640802.641292) vcan0 300#FFC2000000000000
(1790640802.651127) vcan0 300#FFBC000000000000
(1790640802.662071) vcan0 100#0C77000000000000
(1790640802.662111) vcan0 300#FFB6000000000000
(1790640802.671138) vcan0 300#FFB1000000000000
(1790640802.681356) vcan0 100#0C73000000000000
(1790640802.681387) vcan0 300#FFAB000000000000
(1790640802.692865) vcan0 200#4400000000000000
(1790640802.692953) vcan0 300#FFA4000000000000
(1790640802.702950) vcan0 100#0C6F000000000000
(1790640802.703031) vcan0 300#FF9F000000000000
(1790640802.712763) vcan0 300#FF99000000000000
(1790640802.721786) vcan0 100#0C6C000000000000
(1790640802.721818) vcan0 300#FF94000000000000
(1790640802.732187) vcan0 300#FF8E000000000000
(1790640802.741694) vcan0 100#0C68000000000000
(1790640802.741724) vcan0 200#4500000000000000
(1790640802.741736) vcan0 300#FF89000000000000
(1790640802.752534) vcan0 300#FF83000000000000
(1790640802.763021) vcan0 100#0C64000000000000
(1790640802.763055) vcan0 300#FF7D000000000000
(1790640802.772037) vcan0 300#FF78000000000000
(1790640802.781219) vcan0 100#0C60000000000000
(1790640802.781300) vcan0 300#FF74000000000000
(1790640802.791474) vcan0 200#4500000000000000
(1790640802.791569) vcan0 300#FF6E000000000000
(1790640802.802154) vcan0 100#0C5D000000000000
(1790640802.802258) vcan0 300#FF69000000000000
(1790640802.812795) vcan0 300#FF63000000000000
(1790640802.821133) vcan0 100#0C59000000000000
(1790640802.821171) vcan0 300#FF5F000000000000
(1790640802.832162) vcan0 300#FF59000000000000
(1790640802.841546) vcan0 100#0C55000000000000
(1790640802.841585) vcan0 200#4500000000000000
(1790640802.841602) vcan0 300#FF55000000000000
(1790640802.851129) vcan0 300#FF50000000000000
(1790640802.861274) vcan0 100#0C51000000000000
(1790640802.861367) vcan0 300#FF4B000000000000
(1790640802.871221) vcan0 300#FF46000000000000
(1790640802.882766) vcan0 100#0C4D000000000000
(1790640802.882800) vcan0 300#FF41000000000000
(1790640802.892469) vcan0 200#4500000000000000
(1790640802.892554) vcan0 300#FF3D000000000000
(1790640802.902763) vcan0 100#0C49000000000000
(1790640802.902841) vcan0 300#FF38000000000000
(1790640802.911437) vcan0 300#FF34000000000000
(1790640802.922044) vcan0 100#0C46000000000000
(1790640802.922072) vcan0 300#FF2F000000000000
(1790640802.931141) vcan0 300#FF2C000000000000
(1790640802.942113) vcan0 100#0C42000000000000
(1790640802.942143) vcan0 200#4500000000000000
(1790640802.942154) vcan0 300#FF27000000000000
(1790640802.951144) vcan0 300#FF23000000000000
(1790640802.961126) vcan0 100#0C3E000000000000
(1790640802.961158) vcan0 300#FF1F000000000000
(1790640802.973457) vcan0 300#FF1A000000000000
(1790640802.982819) vcan0 100#0C3A000000000000
(1790640802.982861) vcan0 300#FF17000000000000
(1790640802.992854) vcan0 200#4500000000000000
(1790640802.992951) vcan0 300#FF13000000000000
(1790640803.002291) vcan0 100#0C36000000000000
(1790640803.002384) vcan0 300#FF10000000000000
(1790640803.012077) vcan0 300#FF0C000000000000
(1790640803.022344) vcan0 100#0C32000000000000
(1790640803.022376) vcan0 300#FF09000000000000
(1790640803.032309) vcan0 300#FF05000000000000
(1790640803.042631) vcan0 100#0C2E000000000000
(1790640803.042687) vcan0 200#4500000000000000
(1790640803.042699) vcan0 300#FF02000000000000
(1790640803.042711) vcan0 400#0400000000000000
(1790640803.051389) vcan0 300#FEFF000000000000
(1790640803.061176) vcan0 100#0C2A000000000000
(1790640803.061264) vcan0 300#FEFC000000000000
(1790640803.071207) vcan0 300#FEF9000000000000
(1790640803.081271) vcan0 100#0C26000000000000
(1790640803.081302) vcan0 300#FEF7000000000000
(1790640803.092828) vcan0 200#4500000000000000
(1790640803.092915) vcan0 300#FEF3000000000000
(1790640803.102334) vcan0 100#0C22000000000000
(1790640803.102432) vcan0 300#FEF1000000000000
(1790640803.111155) vcan0 300#FEEF000000000000
(1790640803.122886) vcan0 100#0C1E000000000000
(1790640803.122975) vcan0 300#FEEC000000000000
(1790640803.131643) vcan0 300#FEEA000000000000
(1790640803.141356) vcan0 100#0C1A000000000000
(1790640803.141387) vcan0 200#4500000000000000
(1790640803.141398) vcan0 300#FEE8000000000000
(1790640803.152830) vcan0 300#FEE6000000000000
(1790640803.161251) vcan0 100#0C16000000000000
(1790640803.161283) vcan0 300#FEE4000000000000
(1790640803.171789) vcan0 300#FEE2000000000000
(1790640803.181138) vcan0 100#0C12000000000000
(1790640803.181168) vcan0 300#FEE0000000000000
(1790640803.191125) vcan0 200#4500000000000000
(1790640803.191206) vcan0 300#FEDF000000000000
(1790640803.202202) vcan0 100#0C0D000000000000
(1790640803.202277) vcan0 300#FEDD000000000000
(1790640803.212139) vcan0 300#FEDC000000000000
(1790640803.221203) vcan0 100#0C09000000000000
(1790640803.221229) vcan0 300#FEDB000000000000
(1790640803.232384) vcan0 300#FED9000000000000
(1790640803.241447) vcan0 100#0C05000000000000
(1790640803.241471) vcan0 200#4500000000000000
(1790640803.241481) vcan0 300#FED8000000000000
(1790640803.252066) vcan0 300#FED7000000000000
(1790640803.261439) vcan0 100#0C01000000000000
(1790640803.261480) vcan0 300#FED7000000000000
(1790640803.271293) vcan0 300#FED6000000000000
(1790640803.281223) vcan0 100#0BFD000000000000
(1790640803.281269) vcan0 300#FED5000000000000
(1790640803.292902) vcan0 200#4500000000000000
(1790640803.292938) vcan0 300#FED5000000000000
(1790640803.302089) vcan0 100#0BF8000000000000
(1790640803.302173) vcan0 300#FED5000000000000
(1790640803.311209) vcan0 300#FED5000000000000
(1790640803.322587) vcan0 100#0BF4000000000000
(1790640803.322622) vcan0 300#FED5000000000000
(1790640803.333874) vcan0 300#FED5000000000000
(1790640803.341399) vcan0 100#0BF0000000000000
(1790640803.341429) vcan0 200#4500000000000000
(1790640803.341441) vcan0 300#FED5000000000000
(1790640803.351203) vcan0 300#FED5000000000000
(1790640803.361333) vcan0 100#0BEC000000000000
(1790640803.361364) vcan0 300#FED5000000000000
(1790640803.373057) vcan0 300#FED6000000000000
(1790640803.384038) vcan0 100#0BE7000000000000
(1790640803.384069) vcan0 300#FED7000000000000
(1790640803.393617) vcan0 200#4500000000000000
(1790640803.393657) vcan0 300#FED8000000000000
(1790640803.401057) vcan0 100#0BE3000000000000
(1790640803.401139) vcan0 300#FED8000000000000
(1790640803.418488) vcan0 300#FEDA000000000000
(1790640803.432947) vcan0 100#0BDC000000000000
(1790640803.433071) vcan0 300#FEDC000000000000
(1790640803.434786) vcan0 300#FEDC000000000000
(1790640803.442842) vcan0 100#0BDA000000000000
(1790640803.442907) vcan0 200#4500000000000000
(1790640803.442938) vcan0 300#FEDD000000000000
(1790640803.455534) vcan0 300#FEDF000000000000
(1790640803.461417) vcan0 100#0BD6000000000000
(1790640803.461494) vcan0 300#FEE0000000000000
(1790640803.471313) vcan0 300#FEE2000000000000
(1790640803.482226) vcan0 100#0BD2000000000000
(1790640803.482282) vcan0 300#FEE4000000000000
(1790640803.491612) vcan0 200#4500000000000000
(1790640803.491671) vcan0 300#FEE6000000000000
(1790640803.501411) vcan0 100#0BCD000000000000
(1790640803.501474) vcan0 300#FEE8000000000000
(1790640803.512442) vcan0 300#FEEA000000000000
(1790640803.522784) vcan0 100#0BC9000000000000
(1790640803.522810) vcan0 300#FEEC000000000000
(1790640803.531020) vcan0 300#FEEE000000000000
(1790640803.541189) vcan0 100#0BC5000000000000
(1790640803.541272) vcan0 200#4500000000000000
(1790640803.541296) vcan0 300#FEF1000000000000
(1790640803.541323) vcan0 400#0000000000000000
(1790640803.541343) vcan0 500#0D00000000000000
(1790640803.541365) vcan0 7DF#02010D0000000000
(1790640803.551731) vcan0 300#FEF4000000000000
(1790640803.561370) vcan0 100#0BC0000000000000
(1790640803.561415) vcan0 300#FEF6000000000000
(1790640803.571880) vcan0 300#FEF9000000000000
(1790640803.582042) vcan0 100#0BBC000000000000
(1790640803.582081) vcan0 300#FEFC000000000000
(1790640803.592720) vcan0 200#4500000000000000
(1790640803.592800) vcan0 300#FEFF000000000000
(1790640803.601529) vcan0 100#0BB7000000000000
(1790640803.601605) vcan0 300#FF02000000000000
(1790640803.611225) vcan0 300#FF05000000000000
(1790640803.621833) vcan0 100#0BB3000000000000
(1790640803.621858) vcan0 300#FF09000000000000
(1790640803.631116) vcan0 300#FF0C000000000000
(1790640803.642509) vcan0 100#0BAE000000000000
(1790640803.642531) vcan0 200#4500000000000000
(1790640803.642542) vcan0 300#FF10000000000000
(1790640803.653151) vcan0 300#FF14000000000000
(1790640803.662146) vcan0 100#0BAA000000000000
(1790640803.662163) vcan0 300#FF17000000000000
(1790640803.672521) vcan0 300#FF1B000000000000
(1790640803.681167) vcan0 100#0BA5000000000000
(1790640803.681184) vcan0 300#FF1F000000000000
(1790640803.692105) vcan0 200#4500000000000000
(1790640803.692155) vcan0 300#FF23000000000000
(1790640803.702106) vcan0 100#0BA1000000000000
(1790640803.702158) vcan0 300#FF27000000000000
(1790640803.712380) vcan0 300#FF2B000000000000
(1790640803.722193) vcan0 100#0B9C000000000000
(1790640803.722212) vcan0 300#FF30000000000000
(1790640803.732329) vcan0 300#FF34000000000000
(1790640803.742202) vcan0 100#0B97000000000000
(1790640803.742221) vcan0 200#4500000000000000
(1790640803.742229) vcan0 300#FF38000000000000
(1790640803.752127) vcan0 300#FF3D000000000000
(1790640803.761491) vcan0 100#0B93000000000000
(1790640803.761548) vcan0 300#FF41000000000000
(1790640803.772025) vcan0 300#FF46000000000000
(1790640803.781261) vcan0 100#0B8E000000000000
(1790640803.781404) vcan0 300#FF4A000000000000
(1790640803.791436) vcan0 200#4500000000000000
(1790640803.791562) vcan0 300#FF4F000000000000
(1790640803.801642) vcan0 100#0B8A000000000000
(1790640803.801709) vcan0 300#FF54000000000000
(1790640803.811508) vcan0 300#FF59000000000000
(1790640803.822249) vcan0 100#0B85000000000000
(1790640803.822273) vcan0 300#FF5F000000000000
(1790640803.832936) vcan0 300#FF64000000000000
(1790640803.842329) vcan0 100#0B80000000000000
(1790640803.842409) vcan0 200#4500000000000000
(1790640803.842419) vcan0 300#FF69000000000000
(1790640803.853795) vcan0 300#FF6F000000000000
(1790640803.864358) vcan0 100#0B7B000000000000
(1790640803.865365) vcan0 300#FF74000000000000
(1790640803.873041) vcan0 300#FF79000000000000
(1790640803.894543) vcan0 100#0B74000000000000
(1790640803.894620) vcan0 200#4500000000000000
(1790640803.894631) vcan0 300#FF85000000000000
(1790640803.895802) vcan0 300#FF85000000000000
(1790640803.901694) vcan0 100#0B72000000000000
(1790640803.901762) vcan0 300#FF89000000000000
(1790640803.916910) vcan0 300#FF91000000000000
(1790640803.921939) vcan0 100#0B6E000000000000
(1790640803.922009) vcan0 300#FF94000000000000
(1790640803.931668) vcan0 300#FF99000000000000
(1790640803.948555) vcan0 100#0B67000000000000
(1790640803.948630) vcan0 200#4500000000000000
(1790640803.948653) vcan0 300#FFA3000000000000
(1790640803.951679) vcan0 300#FFA5000000000000
(1790640803.969646) vcan0 100#0B62000000000000
(1790640803.969728) vcan0 300#FFAF000000000000
(1790640803.971545) vcan0 300#FFB0000000000000
(1790640803.990535) vcan0 100#0B5D000000000000
(1790640803.990731) vcan0 300#FFBB000000000000
(1790640803.991990) vcan0 200#4500000000000000
(1790640803.992046) vcan0 300#FFBC000000000000
(1790640804.004544) vcan0 100#0B5A000000000000
(1790640804.004652) vcan0 300#FFC3000000000000
(1790640804.018432) vcan0 300#FFCB000000000000
(1790640804.024259) vcan0 100#0B55000000000000
(1790640804.024346) vcan0 300#FFCF000000000000
(1790640804.032879) vcan0 300#FFD4000000000000
(1790640804.042285) vcan0 100#0B51000000000000
(1790640804.042361) vcan0 200#4500000000000000
(1790640804.042373) vcan0 300#FFDA000000000000
(1790640804.042385) vcan0 400#0100000000000000
(1790640804.052010) vcan0 300#FFDF000000000000
(1790640804.061389) vcan0 100#0B4C000000000000
(1790640804.061493) vcan0 300#FFE5000000000000
(1790640804.071947) vcan0 300#FFEB000000000000
(1790640804.082544) vcan0 100#0B47000000000000
(1790640804.082709) vcan0 300#FFF2000000000000
(1790640804.092353) vcan0 200#4500000000000000
(1790640804.092464) vcan0 300#FFF7000000000000
(1790640804.102386) vcan0 100#0B42000000000000
(1790640804.102506) vcan0 300#FFFD000000000000
(1790640804.111655) vcan0 300#0002000000000000
(1790640804.152318) vcan0 100#0B36000000000000
(1790640804.153642) vcan0 200#4500000000000000
(1790640804.153747) vcan0 300#001A000000000000
(1790640804.156717) vcan0 100#0B35000000000000
(1790640804.156863) vcan0 300#001C000000000000
(1790640804.160140) vcan0 300#001F000000000000
(1790640804.161513) vcan0 100#0B34000000000000
(1790640804.161669) vcan0 300#0020000000000000
(1790640804.163142) vcan0 300#0021000000000000
(1790640804.171904) vcan0 300#0026000000000000
(1790640804.181258) vcan0 100#0B2F000000000000
(1790640804.181587) vcan0 300#002C000000000000
(1790640804.200212) vcan0 200#4500000000000000
(1790640804.200709) vcan0 300#0037000000000000
(1790640804.203245) vcan0 100#0B2A000000000000
(1790640804.203440) vcan0 300#0039000000000000
(1790640804.221250) vcan0 100#0B25000000000000
(1790640804.221387) vcan0 300#0043000000000000
(1790640804.223741) vcan0 300#0045000000000000
(1790640804.233967) vcan0 300#004B000000000000
(1790640804.260035) vcan0 100#0B1C000000000000
(1790640804.260217) vcan0 200#4500000000000000
(1790640804.260853) vcan0 300#005A000000000000
(1790640804.263075) vcan0 100#0B1B000000000000
(1790640804.263217) vcan0 300#005B000000000000
(1790640804.264819) vcan0 300#005C000000000000
(1790640804.272132) vcan0 300#0061000000000000
(1790640804.284433) vcan0 100#0B16000000000000
(1790640804.285035) vcan0 300#0067000000000000
(1790640804.293877) vcan0 200#4500000000000000
(1790640804.294014) vcan0 300#006D000000000000
(1790640804.329562) vcan0 100#0B0A000000000000
(1790640804.330184) vcan0 300#0080000000000000
(1790640804.331898) vcan0 100#0B0A000000000000
(1790640804.332100) vcan0 300#0082000000000000
(1790640804.333553) vcan0 300#0083000000000000
(1790640804.335033) vcan0 300#0083000000000000
(1790640804.343030) vcan0 100#0B07000000000000
(1790640804.343170) vcan0 200#4500000000000000
(1790640804.343190) vcan0 300#0088000000000000
(1790640804.351899) vcan0 300#008C000000000000
(1790640804.365064) vcan0 100#0B02000000000000
(1790640804.365252) vcan0 300#0093000000000000
(1790640804.386943) vcan0 100#0AFC000000000000
(1790640804.387550) vcan0 300#009F000000000000
(1790640804.388932) vcan0 300#00A0000000000000
(1790640804.392549) vcan0 200#4500000000000000
(1790640804.392690) vcan0 300#00A1000000000000
(1790640804.410211) vcan0 100#0AF6000000000000
(1790640804.410793) vcan0 300#00AA000000000000
(1790640804.412026) vcan0 300#00AB000000000000
(1790640804.435895) vcan0 100#0AF0000000000000
(1790640804.436106) vcan0 300#00B7000000000000
(1790640804.437667) vcan0 300#00B8000000000000
(1790640804.441419) vcan0 100#0AEE000000000000
(1790640804.441590) vcan0 200#4500000000000000
(1790640804.441614) vcan0 300#00B9000000000000
(1790640804.451836) vcan0 300#00BE000000000000
(1790640804.462562) vcan0 100#0AE9000000000000
(1790640804.462752) vcan0 300#00C3000000000000
(1790640804.471197) vcan0 300#00C7000000000000
(1790640804.483940) vcan0 100#0AE3000000000000
(1790640804.484149) vcan0 300#00CD000000000000
(1790640804.567791) vcan0 100#0ACE000000000000
(1790640804.569546) vcan0 200#4500000000000000
(1790640804.570142) vcan0 300#00EE000000000000
(1790640804.570299) vcan0 400#0100000000000000
(1790640804.570324) vcan0 500#0E00000000000000
(1790640804.571977) vcan0 100#0ACD000000000000
(1790640804.572686) vcan0 200#4500000000000000
(1790640804.572711) vcan0 300#00F0000000000000
(1790640804.574738) vcan0 100#0ACC000000000000
(1790640804.574905) vcan0 300#00F1000000000000
(1790640804.577414) vcan0 100#0ACB000000000000
(1790640804.577649) vcan0 300#00F2000000000000
(1790640804.580136) vcan0 300#00F3000000000000
(1790640804.581743) vcan0 100#0ACA000000000000
(1790640804.581868) vcan0 300#00F3000000000000
(1790640804.584077) vcan0 300#00F4000000000000
(1790640804.585977) vcan0 300#00F5000000000000
(1790640804.587642) vcan0 300#00F5000000000000
(1790640804.588822) vcan0 300#00F6000000000000
(1790640804.592288) vcan0 200#4500000000000000
(1790640804.592350) vcan0 300#00F7000000000000
(1790640804.601691) vcan0 100#0AC5000000000000
(1790640804.601761) vcan0 300#00FA000000000000
(1790640804.611640) vcan0 300#00FD000000000000
(1790640804.621818) vcan0 100#0AC0000000000000
(1790640804.621892) vcan0 300#0101000000000000
(1790640804.640566) vcan0 300#0106000000000000
(1790640804.644464) vcan0 100#0ABA000000000000
(1790640804.644525) vcan0 200#4500000000000000
(1790640804.644533) vcan0 300#0107000000000000
(1790640804.651568) vcan0 300#0109000000000000
(1790640804.661094) vcan0 100#0AB6000000000000
(1790640804.661169) vcan0 300#010C000000000000
(1790640804.671454) vcan0 300#010F000000000000
(1790640804.682037) vcan0 100#0AB0000000000000
(1790640804.682099) vcan0 300#0111000000000000
(1790640804.692483) vcan0 200#4500000000000000
(1790640804.692553) vcan0 300#0114000000000000
(1790640804.704763) vcan0 100#0AAA000000000000
(1790640804.704829) vcan0 300#0117000000000000
(1790640804.713235) vcan0 300#0118000000000000
(1790640804.723541) vcan0 100#0AA5000000000000
(1790640804.723612) vcan0 300#011A000000000000
(1790640804.732600) vcan0 300#011C000000000000
(1790640804.744333) vcan0 100#0AA0000000000000
(1790640804.744404) vcan0 200#4500000000000000
(1790640804.744412) vcan0 300#011E000000000000
(1790640804.754765) vcan0 300#0120000000000000
(1790640804.764942) vcan0 100#0A9A000000000000
(1790640804.765006) vcan0 300#0122000000000000
(1790640804.775453) vcan0 300#0123000000000000
(1790640804.782801) vcan0 100#0A96000000000000
(1790640804.782911) vcan0 300#0124000000000000
(1790640804.807041) vcan0 100#0A8F000000000000
(1790640804.807245) vcan0 200#4500000000000000
(1790640804.807754) vcan0 300#0127000000000000
(1790640804.809480) vcan0 300#0127000000000000
(1790640804.812239) vcan0 300#0128000000000000
(1790640804.831092) vcan0 100#0A89000000000000
(1790640804.832599) vcan0 300#0129000000000000
(1790640804.834004) vcan0 300#0129000000000000
(1790640804.841168) vcan0 100#0A86000000000000
(1790640804.841232) vcan0 200#4500000000000000
(1790640804.841254) vcan0 300#012A000000000000
(1790640804.852024) vcan0 300#012B000000000000
(1790640804.861387) vcan0 100#0A81000000000000
(1790640804.861426) vcan0 300#012B000000000000
(1790640804.871515) vcan0 300#012B000000000000
(1790640804.881482) vcan0 100#0A7C000000000000
(1790640804.881666) vcan0 300#012B000000000000
(1790640804.891307) vcan0 200#4500000000000000
(1790640804.891381) vcan0 300#012B000000000000
(1790640804.901545) vcan0 100#0A76000000000000
(1790640804.901572) vcan0 300#012B000000000000
(1790640804.911573) vcan0 300#012B000000000000
(1790640804.922059) vcan0 100#0A71000000000000
(1790640804.922091) vcan0 300#012B000000000000
(1790640804.932005) vcan0 300#012B000000000000
(1790640804.943060) vcan0 100#0A6B000000000000
(1790640804.943158) vcan0 200#4500000000000000
(1790640804.943194) vcan0 300#012A000000000000
(1790640804.952683) vcan0 300#0129000000000000
(1790640804.962247) vcan0 100#0A66000000000000
(1790640804.962302) vcan0 300#0129000000000000
(1790640804.971785) vcan0 300#0128000000000000
(1790640804.981783) vcan0 100#0A61000000000000
(1790640804.981822) vcan0 300#0127000000000000
(1790640804.991914) vcan0 200#4500000000000000
(1790640804.991993) vcan0 300#0126000000000000
(1790640805.001970) vcan0 100#0A5B000000000000
(1790640805.002048) vcan0 300#0124000000000000
(1790640805.012104) vcan0 300#0123000000000000
(1790640805.021971) vcan0 100#0A56000000000000
(1790640805.022002) vcan0 300#0122000000000000
(1790640805.031525) vcan0 300#0120000000000000
(1790640805.041170) vcan0 100#0A51000000000000
(1790640805.041199) vcan0 200#4500000000000000
(1790640805.041211) vcan0 300#011E000000000000
(1790640805.041474) vcan0 400#0200000000000000
(1790640805.052651) vcan0 300#011C000000000000
(1790640805.061485) vcan0 100#0A4B000000000000
(1790640805.061514) vcan0 300#011B000000000000
(1790640805.072193) vcan0 300#0118000000000000
(1790640805.081265) vcan0 100#0A46000000000000
(1790640805.081294) vcan0 300#0116000000000000
(1790640805.092509) vcan0 200#4500000000000000
(1790640805.092582) vcan0 300#0114000000000000
(1790640805.108058) vcan0 100#0A3E000000000000
(1790640805.108099) vcan0 300#0110000000000000
(1790640805.114811) vcan0 300#010E000000000000
(1790640805.132609) vcan0 100#0A38000000000000
(1790640805.132682) vcan0 300#010A000000000000
(1790640805.175669) vcan0 100#0A2C000000000000
(1790640805.175846) vcan0 200#4500000000000000
(1790640805.175902) vcan0 300#00FD000000000000
(1790640805.207280) vcan0 100#0A23000000000000
(1790640805.207350) vcan0 200#4500000000000000
(1790640805.207364) vcan0 300#00F2000000000000
(1790640805.230998) vcan0 100#0A1D000000000000
(1790640805.231057) vcan0 300#00E9000000000000
(1790640805.254319) vcan0 100#0A16000000000000
(1790640805.254374) vcan0 200#4500000000000000
(1790640805.254386) vcan0 300#00E0000000000000
(1790640805.256713) vcan0 100#0A15000000000000
(1790640805.256743) vcan0 300#00DF000000000000
(1790640805.274439) vcan0 100#0A11000000000000
(1790640805.274502) vcan0 300#00D8000000000000
(1790640805.276508) vcan0 100#0A10000000000000
(1790640805.276553) vcan0 300#00D7000000000000
(1790640805.277735) vcan0 300#00D7000000000000
(1790640805.289123) vcan0 100#0A0D000000000000
(1790640805.289178) vcan0 300#00D2000000000000
(1790640805.297142) vcan0 200#4500000000000000
(1790640805.297217) vcan0 300#00CF000000000000
(1790640805.298705) vcan0 300#00CE000000000000
(1790640805.300261) vcan0 300#00CD000000000000
(1790640805.302799) vcan0 100#0A09000000000000
(1790640805.302860) vcan0 300#00CC000000000000
(1790640805.304654) vcan0 300#00CB000000000000
(1790640805.306776) vcan0 300#00CA000000000000
(1790640805.309121) vcan0 300#00C9000000000000
(1790640805.380057) vcan0 100#09F3000000000000
(1790640805.380243) vcan0 200#4500000000000000
(1790640805.380283) vcan0 300#00A8000000000000
(1790640805.441649) vcan0 100#09E2000000000000
(1790640805.441889) vcan0 200#4500000000000000
(1790640805.441921) vcan0 300#0088000000000000
(1790640805.445663) vcan0 100#09E1000000000000
(1790640805.445809) vcan0 200#4500000000000000
(1790640805.445830) vcan0 300#0086000000000000
(1790640805.448076) vcan0 100#09E0000000000000
(1790640805.448201) vcan0 300#0085000000000000
(1790640805.450814) vcan0 100#09DF000000000000
(1790640805.450977) vcan0 300#0083000000000000
(1790640805.453020) vcan0 100#09DF000000000000
(1790640805.453493) vcan0 300#0082000000000000
(1790640805.454777) vcan0 100#09DE000000000000
(1790640805.454894) vcan0 300#0081000000000000
(1790640805.456535) vcan0 300#0080000000000000
(1790640805.459360) vcan0 300#007F000000000000
(1790640805.461013) vcan0 100#09DD000000000000
(1790640805.461145) vcan0 300#007E000000000000
(1790640805.464158) vcan0 300#007C000000000000
(1790640805.465885) vcan0 300#007B000000000000
(1790640805.467234) vcan0 300#007A000000000000
(1790640805.468608) vcan0 300#007A000000000000
(1790640805.471430) vcan0 300#0078000000000000
(1790640805.472860) vcan0 300#0077000000000000
(1790640805.474772) vcan0 300#0076000000000000
(1790640805.477330) vcan0 300#0075000000000000
(1790640805.478997) vcan0 300#0074000000000000
(1790640805.482340) vcan0 100#09D7000000000000
(1790640805.482456) vcan0 300#0072000000000000
(1790640805.492632) vcan0 200#4500000000000000
(1790640805.492796) vcan0 300#006C000000000000
(1790640805.509327) vcan0 100#09CF000000000000
(1790640805.509544) vcan0 300#0063000000000000
(1790640805.511286) vcan0 300#0062000000000000
(1790640805.521155) vcan0 100#09CC000000000000
(1790640805.521367) vcan0 300#005C000000000000
(1790640805.545217) vcan0 100#09C5000000000000
(1790640805.545368) vcan0 200#4500000000000000
(1790640805.545392) vcan0 300#004E000000000000
(1790640805.545418) vcan0 400#0200000000000000
(1790640805.545436) vcan0 500#0F00000000000000
(1790640805.545451) vcan0 7DF#0201050000000000
(1790640805.547154) vcan0 300#004D000000000000
(1790640805.557298) vcan0 300#0047000000000000
(1790640805.562275) vcan0 100#09C0000000000000
(1790640805.562481) vcan0 300#0044000000000000
(1790640805.582721) vcan0 100#09BA000000000000
(1790640805.582975) vcan0 300#0039000000000000
(1790640805.584426) vcan0 300#0037000000000000
(1790640805.591410) vcan0 200#4500000000000000
(1790640805.591598) vcan0 300#0033000000000000
(1790640805.603426) vcan0 100#09B4000000000000
(1790640805.603587) vcan0 300#002C000000000000
(1790640805.614466) vcan0 300#0026000000000000
(1790640805.625224) vcan0 100#09AE000000000000
(1790640805.625402) vcan0 300#001F000000000000
(1790640805.631437) vcan0 300#001C000000000000
(1790640805.641253) vcan0 100#09AA000000000000
(1790640805.641425) vcan0 200#4500000000000000
(1790640805.641449) vcan0 300#0016000000000000
(1790640805.691628) vcan0 100#099B000000000000
(1790640805.691863) vcan0 200#4500000000000000
(1790640805.691894) vcan0 300#FFF8000000000000
(1790640805.693600) vcan0 100#099B000000000000
(1790640805.693778) vcan0 300#FFF7000000000000
(1790640805.696511) vcan0 300#FFF6000000000000
(1790640805.700646) vcan0 300#FFF3000000000000
(1790640805.702612) vcan0 100#0998000000000000
(1790640805.702748) vcan0 300#FFF2000000000000
(1790640805.705487) vcan0 300#FFF0000000000000
(1790640805.718459) vcan0 300#FFE8000000000000
(1790640805.724767) vcan0 100#0992000000000000
(1790640805.724982) vcan0 300#FFE5000000000000
(1790640805.739768) vcan0 300#FFDC000000000000
(1790640805.748235) vcan0 100#098B000000000000
(1790640805.748402) vcan0 200#4500000000000000
(1790640805.748423) vcan0 300#FFD7000000000000
(1790640805.756648) vcan0 300#FFD2000000000000
(1790640805.761237) vcan0 100#0987000000000000
(1790640805.761360) vcan0 300#FFCF000000000000
(1790640805.783898) vcan0 100#0981000000000000
(1790640805.784066) vcan0 300#FFC2000000000000
(1790640805.788662) vcan0 300#FFBF000000000000
(1790640805.792189) vcan0 200#4500000000000000
(1790640805.792333) vcan0 300#FFBD000000000000
(1790640805.802658) vcan0 100#097B000000000000
(1790640805.802776) vcan0 300#FFB7000000000000
(1790640805.817438) vcan0 300#FFAE000000000000
(1790640805.823503) vcan0 100#0976000000000000
(1790640805.824124) vcan0 300#FFAB000000000000
(1790640805.831468) vcan0 300#FFA6000000000000
(1790640805.845264) vcan0 100#096F000000000000
(1790640805.845504) vcan0 200#4500000000000000
(1790640805.845540) vcan0 300#FF9E000000000000
(1790640805.853034) vcan0 300#FF9A000000000000
(1790640805.861370) vcan0 100#096A000000000000
(1790640805.861496) vcan0 300#FF95000000000000
(1790640805.871669) vcan0 300#FF8F000000000000
(1790640805.884337) vcan0 100#0964000000000000
(1790640805.884532) vcan0 300#FF88000000000000
(1790640805.898210) vcan0 200#4500000000000000
(1790640805.898442) vcan0 300#FF81000000000000
(1790640805.901571) vcan0 100#095F000000000000
(1790640805.901745) vcan0 300#FF7F000000000000
(1790640805.914564) vcan0 300#FF78000000000000
(1790640805.936571) vcan0 100#0955000000000000
(1790640805.936842) vcan0 300#FF6C000000000000
(1790640805.938787) vcan0 300#FF6B000000000000
(1790640805.942392) vcan0 100#0953000000000000
(1790640805.942588) vcan0 200#4500000000000000
(1790640805.942620) vcan0 300#FF69000000000000
(1790640805.951171) vcan0 300#FF65000000000000
(1790640805.971303) vcan0 100#094B000000000000
(1790640805.971546) vcan0 300#FF5B000000000000
(1790640805.973418) vcan0 300#FF59000000000000
(1790640805.983763) vcan0 100#0947000000000000
(1790640805.983916) vcan0 300#FF54000000000000
(1790640805.991372) vcan0 200#4500000000000000
(1790640805.991556) vcan0 300#FF51000000000000
(1790640806.002862) vcan0 100#0942000000000000
(1790640806.003102) vcan0 300#FF4B000000000000
(1790640806.020303) vcan0 300#FF43000000000000
(1790640806.024666) vcan0 100#093B000000000000
(1790640806.024843) vcan0 300#FF41000000000000
(1790640806.031208) vcan0 300#FF3E000000000000
(1790640806.042883) vcan0 100#0936000000000000
(1790640806.043089) vcan0 200#4500000000000000
(1790640806.043115) vcan0 300#FF39000000000000
(1790640806.043140) vcan0 400#0000000000000000
(1790640806.052608) vcan0 300#FF34000000000000
(1790640806.061265) vcan0 100#0930000000000000
(1790640806.061373) vcan0 300#FF30000000000000
(1790640806.071910) vcan0 300#FF2C000000000000
(1790640806.081246) vcan0 100#092B000000000000
(1790640806.081296) vcan0 300#FF28000000000000
(1790640806.092586) vcan0 200#4500000000000000
(1790640806.092726) vcan0 300#FF24000000000000
(1790640806.101368) vcan0 100#0925000000000000
(1790640806.101461) vcan0 300#FF20000000000000
(1790640806.111791) vcan0 300#FF1C000000000000
(1790640806.121667) vcan0 100#091F000000000000
(1790640806.121716) vcan0 300#FF18000000000000
(1790640806.136223) vcan0 300#FF13000000000000
(1790640806.145141) vcan0 100#0918000000000000
(1790640806.145292) vcan0 200#4500000000000000
(1790640806.145349) vcan0 300#FF0F000000000000
(1790640806.151719) vcan0 300#FF0D000000000000
(1790640806.168616) vcan0 100#0911000000000000
(1790640806.168684) vcan0 300#FF07000000000000
(1790640806.172686) vcan0 300#FF06000000000000
(1790640806.183696) vcan0 100#090D000000000000
(1790640806.183826) vcan0 300#FF02000000000000
(1790640806.194926) vcan0 200#4500000000000000
(1790640806.195061) vcan0 300#FEFF000000000000
(1790640806.201349) vcan0 100#0908000000000000
(1790640806.201459) vcan0 300#FEFD000000000000
(1790640806.221234) vcan0 100#0902000000000000
(1790640806.221379) vcan0 300#FEF7000000000000
(1790640806.223747) vcan0 300#FEF6000000000000
(1790640806.231354) vcan0 300#FEF4000000000000
(1790640806.241757) vcan0 100#08FC000000000000
(1790640806.241813) vcan0 200#4500000000000000
(1790640806.241836) vcan0 300#FEF2000000000000
(1790640806.262120) vcan0 100#08F6000000000000
(1790640806.262272) vcan0 300#FEED000000000000
(1790640806.264985) vcan0 300#FEEC000000000000
(1790640806.273272) vcan0 300#FEEA000000000000
(1790640806.285833) vcan0 100#08EF000000000000
(1790640806.285978) vcan0 300#FEE7000000000000
(1790640806.301174) vcan0 100#08EA000000000000
(1790640806.301306) vcan0 200#4500000000000000
(1790640806.301353) vcan0 300#FEE4000000000000
(1790640806.303734) vcan0 300#FEE4000000000000
(1790640806.311434) vcan0 300#FEE2000000000000
(1790640806.322879) vcan0 100#08E4000000000000
(1790640806.322945) vcan0 300#FEE0000000000000
(1790640806.331361) vcan0 300#FEDF000000000000
(1790640806.346570) vcan0 100#08DD000000000000
(1790640806.346711) vcan0 200#4500000000000000
(1790640806.346765) vcan0 300#FEDD000000000000
(1790640806.352516) vcan0 300#FEDC000000000000
(1790640806.361334) vcan0 100#08D8000000000000
(1790640806.361450) vcan0 300#FEDB000000000000
(1790640806.376591) vcan0 300#FED9000000000000
(1790640806.382931) vcan0 100#08D2000000000000
(1790640806.383074) vcan0 300#FED8000000000000
(1790640806.404293) vcan0 100#08CC000000000000
(1790640806.404421) vcan0 200#4500000000000000
(1790640806.404467) vcan0 300#FED7000000000000
(1790640806.422428) vcan0 100#08C6000000000000
(1790640806.422531) vcan0 300#FED6000000000000
(1790640806.424445) vcan0 300#FED5000000000000
(1790640806.426300) vcan0 300#FED5000000000000
(1790640806.434674) vcan0 300#FED5000000000000
(1790640806.446401) vcan0 100#08BF000000000000
(1790640806.446446) vcan0 200#4500000000000000
(1790640806.446464) vcan0 300#FED5000000000000
(1790640806.451232) vcan0 300#FED5000000000000
(1790640806.461954) vcan0 100#08BB000000000000
(1790640806.462044) vcan0 300#FED5000000000000
(1790640806.475087) vcan0 300#FED5000000000000
(1790640806.485431) vcan0 100#08B4000000000000
(1790640806.485478) vcan0 300#FED5000000000000
(1790640806.491572) vcan0 200#4500000000000000
(1790640806.491657) vcan0 300#FED5000000000000
(1790640806.511217) vcan0 100#08AC000000000000
(1790640806.511366) vcan0 300#FED6000000000000
(1790640806.524982) vcan0 100#08A8000000000000
(1790640806.525090) vcan0 300#FED7000000000000
(1790640806.526540) vcan0 300#FED7000000000000
(1790640806.534762) vcan0 300#FED8000000000000
(1790640806.541174) vcan0 100#08A3000000000000
(1790640806.541253) vcan0 200#4500000000000000
(1790640806.541283) vcan0 300#FED8000000000000
(1790640806.541313) vcan0 400#0000000000000000
(1790640806.541335) vcan0 500#1000000000000000
(1790640806.557629) vcan0 300#FEDA000000000000
(1790640806.562915) vcan0 100#089D000000000000
(1790640806.562954) vcan0 300#FEDA000000000000
(1790640806.580563) vcan0 300#FEDD000000000000
(1790640806.581962) vcan0 100#0897000000000000
(1790640806.582090) vcan0 300#FEDD000000000000
(1790640806.593269) vcan0 200#4500000000000000
(1790640806.593327) vcan0 300#FEDF000000000000
(1790640806.601386) vcan0 100#0891000000000000
(1790640806.601523) vcan0 300#FEE0000000000000
(1790640806.614165) vcan0 300#FEE2000000000000
(1790640806.621789) vcan0 100#088B000000000000
(1790640806.621848) vcan0 300#FEE3000000000000
(1790640806.631405) vcan0 300#FEE5000000000000
(1790640806.642219) vcan0 100#0885000000000000
(1790640806.642312) vcan0 200#4500000000000000
(1790640806.642337) vcan0 300#FEE7000000000000
(1790640806.653411) vcan0 300#FEEA000000000000
(1790640806.661713) vcan0 100#087F000000000000
(1790640806.661852) vcan0 300#FEEC000000000000
(1790640806.672174) vcan0 300#FEEE000000000000
(1790640806.689132) vcan0 100#0877000000000000
(1790640806.689206) vcan0 300#FEF2000000000000
(1790640806.697513) vcan0 200#4500000000000000
(1790640806.697660) vcan0 300#FEF5000000000000
(1790640806.702629) vcan0 100#0873000000000000
(1790640806.702746) vcan0 300#FEF6000000000000
(1790640806.713410) vcan0 300#FEF9000000000000
(1790640806.723830) vcan0 100#086D000000000000
(1790640806.723897) vcan0 300#FEFC000000000000
(1790640806.731794) vcan0 300#FEFF000000000000
(1790640806.742916) vcan0 100#0867000000000000
(1790640806.742965) vcan0 200#4500000000000000
(1790640806.742985) vcan0 300#FF02000000000000
(1790640806.758476) vcan0 300#FF07000000000000
(1790640806.763067) vcan0 100#0861000000000000
(1790640806.763177) vcan0 300#FF09000000000000
(1790640806.787547) vcan0 100#085A000000000000
(1790640806.787717) vcan0 300#FF11000000000000
(1790640806.803182) vcan0 100#0855000000000000
(1790640806.803331) vcan0 200#4500000000000000
(1790640806.803372) vcan0 300#FF17000000000000
(1790640806.815424) vcan0 300#FF1C000000000000
(1790640806.825460) vcan0 100#084E000000000000
(1790640806.825527) vcan0 300#FF20000000000000
(1790640806.827360) vcan0 300#FF20000000000000
(1790640806.833678) vcan0 300#FF23000000000000
(1790640806.835126) vcan0 300#FF24000000000000
(1790640806.842785) vcan0 100#0849000000000000
(1790640806.842948) vcan0 200#4500000000000000
(1790640806.842999) vcan0 300#FF27000000000000
(1790640806.857183) vcan0 300#FF2D000000000000
(1790640806.861497) vcan0 100#0844000000000000
(1790640806.861628) vcan0 300#FF2F000000000000
(1790640806.871513) vcan0 300#FF33000000000000
(1790640806.881525) vcan0 100#083E000000000000
(1790640806.881565) vcan0 300#FF37000000000000
(1790640806.891403) vcan0 200#4500000000000000
(1790640806.891499) vcan0 300#FF3C000000000000
(1790640806.901633) vcan0 100#0838000000000000
(1790640806.901728) vcan0 300#FF40000000000000
(1790640806.915365) vcan0 300#FF47000000000000
(1790640806.927218) vcan0 100#0830000000000000
(1790640806.927366) vcan0 300#FF4C000000000000
(1790640806.937644) vcan0 300#FF52000000000000
(1790640806.943525) vcan0 100#082B000000000000
(1790640806.943649) vcan0 200#4500000000000000
(1790640806.943697) vcan0 300#FF54000000000000
(1790640806.951483) vcan0 300#FF58000000000000
(1790640806.961221) vcan0 100#0826000000000000
(1790640806.961262) vcan0 300#FF5D000000000000
(1790640806.971474) vcan0 300#FF62000000000000
(1790640807.022711) vcan0 100#0813000000000000
(1790640807.025641) vcan0 200#4500000000000000
(1790640807.025740) vcan0 300#FF7D000000000000
(1790640807.027145) vcan0 100#0812000000000000
(1790640807.027279) vcan0 300#FF80000000000000
(1790640807.030107) vcan0 100#0811000000000000
(1790640807.030197) vcan0 300#FF81000000000000
(1790640807.031530) vcan0 300#FF82000000000000
(1790640807.034101) vcan0 300#FF83000000000000
(1790640807.036484) vcan0 300#FF85000000000000
(1790640807.042981) vcan0 100#080D000000000000
(1790640807.043312) vcan0 200#4500000000000000
(1790640807.043353) vcan0 300#FF88000000000000
(1790640807.043489) vcan0 400#0400000000000000
(1790640807.051801) vcan0 300#FF8D000000000000
(1790640807.061092) vcan0 100#0808000000000000
(1790640807.061160) vcan0 300#FF92000000000000
(1790640807.071460) vcan0 300#FF98000000000000
(1790640807.082068) vcan0 100#0802000000000000
(1790640807.082147) vcan0 300#FF9E000000000000
(1790640807.092029) vcan0 200#4500000000000000
(1790640807.092121) vcan0 300#FFA4000000000000
(1790640807.101460) vcan0 100#07FC000000000000
(1790640807.101559) vcan0 300#FFA9000000000000
(1790640807.111665) vcan0 300#FFAF000000000000
(1790640807.121254) vcan0 100#07F6000000000000
(1790640807.121330) vcan0 300#FFB5000000000000
(1790640807.133126) vcan0 300#FFBC000000000000
(1790640807.141958) vcan0 100#07F0000000000000
(1790640807.142042) vcan0 200#4500000000000000
(1790640807.142071) vcan0 300#FFC1000000000000
(1790640807.151873) vcan0 300#FFC7000000000000
(1790640807.161466) vcan0 100#07EA000000000000
(1790640807.161537) vcan0 300#FFCC000000000000
(1790640807.181736) vcan0 100#07E4000000000000
(1790640807.181896) vcan0 300#FFD8000000000000
(1790640807.184181) vcan0 300#FFDA000000000000
(1790640807.196092) vcan0 200#4500000000000000
(1790640807.196240) vcan0 300#FFE1000000000000
(1790640807.205265) vcan0 100#07DD000000000000
(1790640807.205405) vcan0 300#FFE6000000000000
(1790640807.211492) vcan0 300#FFEA000000000000
(1790640807.222189) vcan0 100#07D8000000000000
(1790640807.222233) vcan0 300#FFF0000000000000
(1790640807.235916) vcan0 300#FFF9000000000000
(1790640807.246295) vcan0 100#07D0000000000000
(1790640807.246366) vcan0 200#4500000000000000
(1790640807.246399) vcan0 300#FFFF000000000000
(1790640807.252816) vcan0 300#0001000000000000
(1790640807.263714) vcan0 100#07CB000000000000
(1790640807.263842) vcan0 300#0008000000000000
(1790640807.271880) vcan0 300#000D000000000000
(1790640807.282939) vcan0 100#07C5000000000000
(1790640807.282975) vcan0 300#0014000000000000
(1790640807.291376) vcan0 200#4500000000000000
(1790640807.291409) vcan0 300#0019000000000000
(1790640807.301354) vcan0 100#07C0000000000000
(1790640807.301394) vcan0 300#001F000000000000
(1790640807.323162) vcan0 100#07B9000000000000
(1790640807.323212) vcan0 300#002C000000000000
(1790640807.339570) vcan0 300#0036000000000000
(1790640807.352098) vcan0 100#07B1000000000000
(1790640807.352132) vcan0 200#4500000000000000
(1790640807.352143) vcan0 300#003D000000000000
(1790640807.364807) vcan0 100#07AD000000000000
(1790640807.364839) vcan0 300#0044000000000000
(1790640807.366370) vcan0 300#0045000000000000
(1790640807.367477) vcan0 300#0046000000000000
(1790640807.373497) vcan0 300#0049000000000000
(1790640807.381597) vcan0 100#07A8000000000000
(1790640807.381641) vcan0 300#004E000000000000
(1790640807.396643) vcan0 200#4500000000000000
(1790640807.396774) vcan0 300#0057000000000000
(1790640807.402378) vcan0 100#07A1000000000000
(1790640807.402484) vcan0 300#005A000000000000
(1790640807.412535) vcan0 300#0060000000000000
(1790640807.425321) vcan0 100#079B000000000000
(1790640807.425380) vcan0 300#0067000000000000
(1790640807.432626) vcan0 300#006B000000000000
(1790640807.452828) vcan0 100#0793000000000000
(1790640807.453260) vcan0 200#4500000000000000
(1790640807.453310) vcan0 300#0076000000000000
(1790640807.454798) vcan0 300#0078000000000000
(1790640807.461431) vcan0 100#0790000000000000
(1790640807.461526) vcan0 300#007B000000000000
(1790640807.471828) vcan0 300#0081000000000000
(1790640807.481531) vcan0 100#078A000000000000
(1790640807.481599) vcan0 300#0086000000000000
(1790640807.492102) vcan0 200#4500000000000000
(1790640807.492260) vcan0 300#008C000000000000
(1790640807.602519) vcan0 100#0766000000000000
(1790640807.602765) vcan0 200#4500000000000000
(1790640807.602816) vcan0 300#00C2000000000000
(1790640807.602868) vcan0 400#0000000000000000
(1790640807.602905) vcan0 500#1100000000000000
(1790640807.602945) vcan0 7DF#02010D0000000000
(1790640807.604704) vcan0 100#0765000000000000
(1790640807.604806) vcan0 200#4500000000000000
(1790640807.605129) vcan0 300#00C3000000000000
(1790640807.606676) vcan0 100#0764000000000000
(1790640807.606759) vcan0 300#00C4000000000000
(1790640807.608788) vcan0 100#0764000000000000
(1790640807.608888) vcan0 300#00C5000000000000
(1790640807.610815) vcan0 100#0763000000000000
(1790640807.610922) vcan0 300#00C6000000000000
(1790640807.612467) vcan0 100#0763000000000000
(1790640807.612518) vcan0 300#00C7000000000000
(1790640807.614422) vcan0 300#00C8000000000000
(1790640807.616067) vcan0 300#00C8000000000000
(1790640807.625036) vcan0 100#075F000000000000
(1790640807.625166) vcan0 300#00CC000000000000
(1790640807.627328) vcan0 300#00CD000000000000
(1790640807.629337) vcan0 300#00CE000000000000
(1790640807.632223) vcan0 300#00D0000000000000
(1790640807.634768) vcan0 300#00D1000000000000
(1790640807.637024) vcan0 300#00D2000000000000
(1790640807.642343) vcan0 100#075A000000000000
(1790640807.642393) vcan0 200#4500000000000000
(1790640807.642416) vcan0 300#00D4000000000000
(1790640807.657735) vcan0 300#00DA000000000000
(1790640807.662034) vcan0 100#0754000000000000
(1790640807.662169) vcan0 300#00DC000000000000
(1790640807.679523) vcan0 300#00E3000000000000
(1790640807.694951) vcan0 100#074A000000000000
(1790640807.695023) vcan0 200#4500000000000000
(1790640807.695053) vcan0 300#00E9000000000000
(1790640807.696819) vcan0 300#00EA000000000000
(1790640807.705897) vcan0 100#0747000000000000
(1790640807.706102) vcan0 300#00EC000000000000
(1790640807.720115) vcan0 300#00F2000000000000
(1790640807.724983) vcan0 100#0741000000000000
(1790640807.725030) vcan0 300#00F4000000000000
(1790640807.731818) vcan0 300#00F6000000000000
(1790640807.753441) vcan0 100#0738000000000000
(1790640807.753496) vcan0 200#4500000000000000
(1790640807.753517) vcan0 300#00FD000000000000
(1790640807.755142) vcan0 300#00FE000000000000
(1790640807.762800) vcan0 100#0736000000000000
(1790640807.762929) vcan0 300#0100000000000000
(1790640807.861675) vcan0 100#0719000000000000
(1790640807.862887) vcan0 200#4500000000000000
(1790640807.862971) vcan0 300#0119000000000000
(1790640807.864385) vcan0 100#0717000000000000
(1790640807.864442) vcan0 200#4500000000000000
(1790640807.864461) vcan0 300#011A000000000000
(1790640807.866433) vcan0 100#0717000000000000
(1790640807.866488) vcan0 300#011B000000000000
(1790640807.868807) vcan0 100#0716000000000000
(1790640807.868935) vcan0 300#011B000000000000
(1790640807.872543) vcan0 100#0715000000000000
(1790640807.872613) vcan0 300#011C000000000000
(1790640807.875898) vcan0 300#011D000000000000
(1790640807.889210) vcan0 100#0710000000000000
(1790640807.889285) vcan0 300#011F000000000000
(1790640807.891695) vcan0 200#4500000000000000
(1790640807.891758) vcan0 300#011F000000000000
(1790640807.899405) vcan0 300#0121000000000000
(1790640807.906889) vcan0 100#070B000000000000
(1790640807.906968) vcan0 300#0122000000000000
(1790640807.908675) vcan0 300#0122000000000000
(1790640807.911703) vcan0 300#0123000000000000
(1790640807.914239) vcan0 300#0123000000000000
(1790640807.930006) vcan0 100#0704000000000000
(1790640807.930112) vcan0 300#0125000000000000
(1790640807.931761) vcan0 300#0125000000000000
(1790640807.941551) vcan0 100#0700000000000000
(1790640807.941660) vcan0 200#4500000000000000
(1790640807.941693) vcan0 300#0126000000000000
(1790640807.943281) vcan0 300#0127000000000000
(1790640807.949218) vcan0 300#0127000000000000
(1790640807.951647) vcan0 300#0127000000000000
(1790640807.964028) vcan0 100#06FA000000000000
(1790640807.964115) vcan0 300#0129000000000000
(1790640807.974976) vcan0 300#0129000000000000
(1790640807.982567) vcan0 100#06F4000000000000
(1790640807.982665) vcan0 300#012A000000000000
(1790640808.002214) vcan0 100#06EE000000000000
(1790640808.002331) vcan0 200#4500000000000000
(1790640808.002364) vcan0 300#012B000000000000
(1790640808.011546) vcan0 300#012B000000000000
(1790640808.018878) vcan0 300#012B000000000000
(1790640808.023355) vcan0 100#06E8000000000000
(1790640808.023487) vcan0 300#012B000000000000
(1790640808.031820) vcan0 300#012B000000000000
(1790640808.041114) vcan0 100#06E3000000000000
(1790640808.041153) vcan0 200#4500000000000000
(1790640808.041169) vcan0 300#012B000000000000
(1790640808.041189) vcan0 400#0000000000000000
(1790640808.051805) vcan0 300#012B000000000000
(1790640808.061751) vcan0 100#06DD000000000000
(1790640808.061833) vcan0 300#012B000000000000
(1790640808.072800) vcan0 300#012B000000000000
(1790640808.081700) vcan0 100#06D7000000000000
(1790640808.081746) vcan0 300#012A000000000000
(1790640808.091452) vcan0 200#4500000000000000
(1790640808.091727) vcan0 300#012A000000000000
(1790640808.101819) vcan0 100#06D1000000000000
(1790640808.101940) vcan0 300#0129000000000000
(1790640808.112566) vcan0 300#0128000000000000
(1790640808.121273) vcan0 100#06CB000000000000
(1790640808.121371) vcan0 300#0127000000000000
(1790640808.134003) vcan0 300#0126000000000000
(1790640808.144592) vcan0 100#06C4000000000000
(1790640808.144681) vcan0 200#4500000000000000
(1790640808.144705) vcan0 300#0124000000000000
(1790640808.152056) vcan0 300#0123000000000000
(1790640808.176621) vcan0 100#06BB000000000000
(1790640808.176682) vcan0 300#011F000000000000
(1790640808.178516) vcan0 300#011F000000000000
(1790640808.182049) vcan0 100#06B9000000000000
(1790640808.182216) vcan0 300#011F000000000000
(1790640808.205504) vcan0 100#06B2000000000000
(1790640808.205617) vcan0 200#4500000000000000
(1790640808.205648) vcan0 300#011A000000000000
(1790640808.207518) vcan0 300#011A000000000000
(1790640808.216868) vcan0 300#0118000000000000
(1790640808.222189) vcan0 100#06AD000000000000
(1790640808.222359) vcan0 300#0117000000000000
(1790640808.231361) vcan0 300#0115000000000000
(1790640808.246104) vcan0 100#06A6000000000000
(1790640808.246140) vcan0 200#4500000000000000
(1790640808.246155) vcan0 300#0111000000000000
(1790640808.253910) vcan0 300#010F000000000000
(1790640808.262152) vcan0 100#06A2000000000000
(1790640808.262203) vcan0 300#010D000000000000
(1790640808.271984) vcan0 300#010A000000000000
(1790640808.282257) vcan0 100#069C000000000000
(1790640808.282316) vcan0 300#0107000000000000
(1790640808.418589) vcan0 100#0674000000000000
(1790640808.419405) vcan0 200#4500000000000000
(1790640808.419489) vcan0 300#00D7000000000000
(1790640808.421317) vcan0 100#0673000000000000
(1790640808.421910) vcan0 200#4500000000000000
(1790640808.421941) vcan0 300#00D6000000000000
(1790640808.423939) vcan0 100#0672000000000000
(1790640808.423982) vcan0 200#4500000000000000
(1790640808.424001) vcan0 300#00D5000000000000
(1790640808.425741) vcan0 100#0672000000000000
(1790640808.425837) vcan0 300#00D4000000000000
(1790640808.429129) vcan0 100#0671000000000000
(1790640808.429255) vcan0 300#00D3000000000000
(1790640808.430703) vcan0 100#0670000000000000
(1790640808.430816) vcan0 300#00D2000000000000
(1790640808.432587) vcan0 100#0670000000000000
(1790640808.432908) vcan0 300#00D1000000000000
(1790640808.439996) vcan0 300#00CE000000000000
(1790640808.445967) vcan0 100#066C000000000000
(1790640808.446095) vcan0 200#4500000000000000
(1790640808.446147) vcan0 300#00CB000000000000
(1790640808.447872) vcan0 300#00CB000000000000
(1790640808.450742) vcan0 300#00C9000000000000
(1790640808.452950) vcan0 300#00C8000000000000
(1790640808.455280) vcan0 300#00C7000000000000
(1790640808.457151) vcan0 300#00C7000000000000
(1790640808.458783) vcan0 300#00C6000000000000
(1790640808.461954) vcan0 100#0667000000000000
(1790640808.462052) vcan0 300#00C4000000000000
(1790640808.474511) vcan0 300#00BF000000000000
(1790640808.477063) vcan0 300#00BE000000000000
(1790640808.485828) vcan0 100#0660000000000000
(1790640808.486159) vcan0 300#00B9000000000000
(1790640808.488476) vcan0 300#00B8000000000000
(1790640808.492570) vcan0 200#4500000000000000
(1790640808.492706) vcan0 300#00B6000000000000
(1790640808.501407) vcan0 100#065C000000000000
(1790640808.501581) vcan0 300#00B2000000000000
(1790640808.513248) vcan0 300#00AD000000000000
(1790640808.525825) vcan0 100#0655000000000000
(1790640808.525995) vcan0 300#00A6000000000000
(1790640808.535070) vcan0 300#00A1000000000000
(1790640808.541898) vcan0 100#0650000000000000
(1790640808.542231) vcan0 200#4500000000000000
(1790640808.542284) vcan0 300#009E000000000000
(1790640808.542323) vcan0 400#0100000000000000
(1790640808.542351) vcan0 500#1200000000000000
(1790640808.552205) vcan0 300#0099000000000000
(1790640808.562999) vcan0 100#064A000000000000
(1790640808.563040) vcan0 300#0093000000000000
(1790640808.573175) vcan0 300#008E000000000000
(1790640808.581740) vcan0 100#0644000000000000
(1790640808.581825) vcan0 300#0089000000000000
(1790640808.592342) vcan0 200#4500000000000000
(1790640808.592477) vcan0 300#0083000000000000
(1790640808.604941) vcan0 100#063E000000000000
(1790640808.605017) vcan0 300#007C000000000000
(1790640808.612530) vcan0 300#0078000000000000
(1790640808.626052) vcan0 100#0638000000000000
(1790640808.626112) vcan0 300#0071000000000000
(1790640808.632114) vcan0 300#006E000000000000
(1790640808.641221) vcan0 100#0633000000000000
(1790640808.641291) vcan0 200#4500000000000000
(1790640808.641325) vcan0 300#0068000000000000
(1790640808.652065) vcan0 300#0062000000000000
(1790640808.662675) vcan0 100#062D000000000000
(1790640808.662863) vcan0 300#005C000000000000
(1790640808.672800) vcan0 300#0057000000000000
(1790640808.681816) vcan0 100#0628000000000000
(1790640808.681922) vcan0 300#0051000000000000
(1790640808.692449) vcan0 200#4500000000000000
(1790640808.692535) vcan0 300#004B000000000000
(1790640808.704005) vcan0 100#0621000000000000
(1790640808.704233) vcan0 300#0044000000000000
(1790640808.711383) vcan0 300#0040000000000000
(1790640808.847509) vcan0 100#05F8000000000000
(1790640808.847644) vcan0 200#4500000000000000
(1790640808.847701) vcan0 300#FFF0000000000000
(1790640808.849588) vcan0 100#05F7000000000000
(1790640808.850297) vcan0 200#4500000000000000
(1790640808.851008) vcan0 300#FFEF000000000000
(1790640808.853978) vcan0 100#05F6000000000000
(1790640808.854044) vcan0 200#4500000000000000
(1790640808.854864) vcan0 300#FFEC000000000000
(1790640808.858651) vcan0 100#05F5000000000000
(1790640808.858736) vcan0 300#FFE9000000000000
(1790640808.861746) vcan0 100#05F4000000000000
(1790640808.861830) vcan0 300#FFE8000000000000
(1790640808.864383) vcan0 100#05F3000000000000
(1790640808.864475) vcan0 300#FFE6000000000000
(1790640808.866447) vcan0 100#05F3000000000000
(1790640808.866558) vcan0 300#FFE5000000000000
(1790640808.868371) vcan0 100#05F2000000000000
(1790640808.868466) vcan0 300#FFE3000000000000
(1790640808.872590) vcan0 300#FFE1000000000000
(1790640808.877348) vcan0 300#FFDE000000000000
(1790640808.880080) vcan0 300#FFDC000000000000
(1790640808.881418) vcan0 100#05EE000000000000
(1790640808.881522) vcan0 300#FFDC000000000000
(1790640808.891305) vcan0 200#4500000000000000
(1790640808.891438) vcan0 300#FFD6000000000000
(1790640808.907143) vcan0 100#05E7000000000000
(1790640808.907387) vcan0 300#FFCC000000000000
(1790640808.927152) vcan0 100#05E1000000000000
(1790640808.927326) vcan0 300#FFC1000000000000
(1790640808.930555) vcan0 300#FFBF000000000000
(1790640808.932644) vcan0 300#FFBD000000000000
(1790640808.935159) vcan0 300#FFBC000000000000
(1790640808.938048) vcan0 300#FFBA000000000000
(1790640808.940248) vcan0 300#FFB9000000000000
(1790640808.956464) vcan0 100#05D9000000000000
(1790640808.956568) vcan0 200#4500000000000000
(1790640808.956585) vcan0 300#FFB0000000000000
(1790640808.957971) vcan0 300#FFAF000000000000
(1790640808.959865) vcan0 300#FFAE000000000000
(1790640808.961488) vcan0 100#05D8000000000000
(1790640808.961784) vcan0 300#FFAD000000000000
(1790640808.962979) vcan0 300#FFAC000000000000
(1790640808.982812) vcan0 100#05D2000000000000
(1790640808.982895) vcan0 300#FFA0000000000000
(1790640808.984856) vcan0 300#FF9F000000000000
(1790640808.995253) vcan0 200#4500000000000000
(1790640808.995717) vcan0 300#FF99000000000000
(1790640809.001955) vcan0 100#05CC000000000000
(1790640809.002236) vcan0 300#FF96000000000000
(1790640809.012803) vcan0 300#FF90000000000000
(1790640809.027576) vcan0 100#05C5000000000000
(1790640809.028322) vcan0 300#FF88000000000000
(1790640809.031784) vcan0 300#FF85000000000000
(1790640809.041453) vcan0 100#05C1000000000000
(1790640809.041889) vcan0 200#4500000000000000
(1790640809.041964) vcan0 300#FF80000000000000
(1790640809.042105) vcan0 400#0000000000000000
(1790640809.051599) vcan0 300#FF7A000000000000
(1790640809.063599) vcan0 100#05BB000000000000
(1790640809.063921) vcan0 300#FF74000000000000
(1790640809.073127) vcan0 300#FF6F000000000000
(1790640809.081803) vcan0 100#05B6000000000000
(1790640809.081884) vcan0 300#FF6A000000000000
(1790640809.091224) vcan0 200#4500000000000000
(1790640809.091473) vcan0 300#FF66000000000000
(1790640809.101719) vcan0 100#05B0000000000000
(1790640809.101772) vcan0 300#FF60000000000000
(1790640809.112725) vcan0 300#FF5B000000000000
(1790640809.121061) vcan0 100#05AB000000000000
(1790640809.121173) vcan0 300#FF56000000000000
(1790640809.132005) vcan0 300#FF51000000000000
(1790640809.142341) vcan0 100#05A5000000000000
(1790640809.142361) vcan0 200#4500000000000000
(1790640809.142367) vcan0 300#FF4C000000000000
(1790640809.152185) vcan0 300#FF47000000000000
(1790640809.162015) vcan0 100#059F000000000000
(1790640809.162037) vcan0 300#FF43000000000000
(1790640809.172883) vcan0 300#FF3E000000000000
(1790640809.181846) vcan0 100#059A000000000000
(1790640809.181903) vcan0 300#FF3A000000000000
(1790640809.193737) vcan0 200#4500000000000000
(1790640809.193788) vcan0 300#FF35000000000000
(1790640809.202149) vcan0 100#0594000000000000
(1790640809.202215) vcan0 300#FF31000000000000
(1790640809.211227) vcan0 300#FF2D000000000000
(1790640809.224093) vcan0 100#058E000000000000
(1790640809.225234) vcan0 300#FF28000000000000
(1790640809.231862) vcan0 300#FF24000000000000
(1790640809.242263) vcan0 100#0589000000000000
(1790640809.242416) vcan0 200#4500000000000000
(1790640809.242443) vcan0 300#FF20000000000000
(1790640809.256788) vcan0 300#FF1A000000000000
(1790640809.263629) vcan0 100#0583000000000000
(1790640809.263977) vcan0 300#FF18000000000000
(1790640809.271146) vcan0 300#FF15000000000000
(1790640809.294515) vcan0 100#057B000000000000
(1790640809.295037) vcan0 200#4500000000000000
(1790640809.295110) vcan0 300#FF0D000000000000
(1790640809.296870) vcan0 300#FF0C000000000000
(1790640809.301545) vcan0 100#0579000000000000
(1790640809.301809) vcan0 300#FF0A000000000000
(1790640809.324709) vcan0 100#0573000000000000
(1790640809.324839) vcan0 300#FF02000000000000
(1790640809.327718) vcan0 300#FF02000000000000
(1790640809.338202) vcan0 300#FEFE000000000000
(1790640809.342097) vcan0 100#056E000000000000
(1790640809.342227) vcan0 200#4500000000000000
(1790640809.342248) vcan0 300#FEFD000000000000
(1790640809.351417) vcan0 300#FEFA000000000000
(1790640809.368624) vcan0 100#0566000000000000
(1790640809.368750) vcan0 300#FEF5000000000000
(1790640809.372399) vcan0 300#FEF4000000000000
(1790640809.383101) vcan0 100#0563000000000000
(1790640809.383732) vcan0 300#FEF2000000000000
(1790640809.396073) vcan0 200#4500000000000000
(1790640809.396500) vcan0 300#FEEE000000000000
(1790640809.402889) vcan0 100#055D000000000000
(1790640809.403096) vcan0 300#FEED000000000000
(1790640809.414017) vcan0 300#FEEA000000000000
(1790640809.424553) vcan0 100#0557000000000000
(1790640809.424889) vcan0 300#FEE8000000000000
(1790640809.432817) vcan0 300#FEE6000000000000
(1790640809.441766) vcan0 100#0553000000000000
(1790640809.442029) vcan0 200#4500000000000000
(1790640809.442074) vcan0 300#FEE4000000000000
(1790640809.453360) vcan0 300#FEE2000000000000
(1790640809.462834) vcan0 100#054D000000000000
(1790640809.463258) vcan0 300#FEE1000000000000
(1790640809.477708) vcan0 300#FEDE000000000000
(1790640809.484998) vcan0 100#0547000000000000
(1790640809.485287) vcan0 300#FEDD000000000000
(1790640809.491156) vcan0 200#4500000000000000
(1790640809.491411) vcan0 300#FEDC000000000000
(1790640809.509189) vcan0 100#0540000000000000
(1790640809.509371) vcan0 300#FEDA000000000000
(1790640809.511272) vcan0 300#FEDA000000000000
(1790640809.524220) vcan0 100#053C000000000000
(1790640809.524636) vcan0 300#FED8000000000000
(1790640809.533372) vcan0 300#FED8000000000000
(1790640809.551332) vcan0 100#0535000000000000
(1790640809.551546) vcan0 200#4500000000000000
(1790640809.551573) vcan0 300#FED6000000000000
(1790640809.551602) vcan0 400#0100000000000000
(1790640809.551619) vcan0 500#1300000000000000
(1790640809.551637) vcan0 7DF#0201050000000000
(1790640809.553794) vcan0 300#FED6000000000000
(1790640809.563790) vcan0 100#0532000000000000
(1790640809.563901) vcan0 300#FED6000000000000
(1790640809.572126) vcan0 300#FED5000000000000
(1790640809.586709) vcan0 100#052B000000000000
(1790640809.586736) vcan0 300#FED5000000000000
(1790640809.593312) vcan0 200#4500000000000000
(1790640809.593341) vcan0 300#FED5000000000000
(1790640809.602081) vcan0 100#0527000000000000
(1790640809.602148) vcan0 300#FED5000000000000
(1790640809.612608) vcan0 300#FED5000000000000
(1790640809.626012) vcan0 100#0521000000000000
(1790640809.626106) vcan0 300#FED5000000000000
(1790640809.632846) vcan0 300#FED5000000000000
(1790640809.642744) vcan0 100#051C000000000000
(1790640809.642778) vcan0 200#4500000000000000
(1790640809.642790) vcan0 300#FED5000000000000
(1790640809.654367) vcan0 300#FED6000000000000
(1790640809.665598) vcan0 100#0516000000000000
(1790640809.665654) vcan0 300#FED7000000000000
(1790640809.672818) vcan0 300#FED7000000000000
(1790640809.686499) vcan0 100#0511000000000000
(1790640809.686648) vcan0 300#FED8000000000000
(1790640809.698188) vcan0 200#4500000000000000
(1790640809.698247) vcan0 300#FEDA000000000000
(1790640809.701807) vcan0 100#050D000000000000
(1790640809.702069) vcan0 300#FEDA000000000000
(1790640809.712817) vcan0 300#FEDB000000000000
(1790640809.724677) vcan0 100#0507000000000000
(1790640809.724775) vcan0 300#FEDD000000000000
(1790640809.731839) vcan0 300#FEDE000000000000
(1790640809.741240) vcan0 100#0502000000000000
(1790640809.741273) vcan0 200#4500000000000000
(1790640809.741286) vcan0 300#FEE0000000000000
(1790640809.759769) vcan0 300#FEE3000000000000
(1790640809.767487) vcan0 100#04FC000000000000
(1790640809.767544) vcan0 300#FEE4000000000000
(1790640809.774926) vcan0 300#FEE6000000000000
(1790640809.782609) vcan0 100#04F8000000000000
(1790640809.782726) vcan0 300#FEE7000000000000
(1790640809.791870) vcan0 200#4500000000000000
(1790640809.791997) vcan0 300#FEE9000000000000
(1790640809.808004) vcan0 100#04F1000000000000
(1790640809.808066) vcan0 300#FEED000000000000
(1790640809.823314) vcan0 100#04ED000000000000
(1790640809.823386) vcan0 300#FEF1000000000000
(1790640809.834872) vcan0 300#FEF4000000000000
(1790640809.836749) vcan0 300#FEF4000000000000
(1790640809.843220) vcan0 100#04E8000000000000
(1790640809.843367) vcan0 200#4500000000000000
(1790640809.843410) vcan0 300#FEF6000000000000
(1790640809.854401) vcan0 300#FEF9000000000000
(1790640809.862268) vcan0 100#04E3000000000000
(1790640809.862408) vcan0 300#FEFB000000000000
(1790640809.872117) vcan0 300#FEFE000000000000
(1790640809.883739) vcan0 100#04DD000000000000
(1790640809.883795) vcan0 300#FF02000000000000
(1790640809.896501) vcan0 200#4500000000000000
(1790640809.896559) vcan0 300#FF06000000000000
(1790640809.906108) vcan0 100#04D7000000000000
(1790640809.906166) vcan0 300#FF09000000000000
(1790640809.911938) vcan0 300#FF0B000000000000
(1790640809.927769) vcan0 100#04D2000000000000
(1790640809.927934) vcan0 300#FF11000000000000
(1790640809.943147) vcan0 100#04CE000000000000
(1790640809.943218) vcan0 200#4500000000000000
(1790640809.943252) vcan0 300#FF16000000000000
(1790640809.956151) vcan0 300#FF1B000000000000
(1790640809.959505) vcan0 300#FF1D000000000000
(1790640809.961529) vcan0 100#04C9000000000000
(1790640809.961594) vcan0 300#FF1D000000000000
(1790640809.973322) vcan0 300#FF22000000000000
(1790640809.995793) vcan0 100#04C0000000000000
(1790640809.995933) vcan0 200#4500000000000000
(1790640809.995986) vcan0 300#FF2B000000000000
(1790640810.008995) vcan0 100#04BD000000000000
(1790640810.009091) vcan0 300#FF31000000000000
(1790640810.010891) vcan0 300#FF32000000000000
(1790640810.012981) vcan0 300#FF33000000000000
(1790640810.024710) vcan0 100#04B9000000000000
(1790640810.024823) vcan0 300#FF38000000000000
(1790640810.032220) vcan0 300#FF3B000000000000
(1790640810.044201) vcan0 100#04B4000000000000
(1790640810.044268) vcan0 200#4500000000000000
(1790640810.044299) vcan0 300#FF41000000000000
(1790640810.044335) vcan0 400#0000000000000000
(1790640810.055078) vcan0 300#FF46000000000000
(1790640810.062067) vcan0 100#04AF000000000000
(1790640810.062376) vcan0 300#FF49000000000000
(1790640810.071497) vcan0 300#FF4E000000000000
(1790640810.082014) vcan0 100#04AA000000000000
(1790640810.082041) vcan0 300#FF53000000000000
(1790640810.091081) vcan0 200#4500000000000000
(1790640810.091166) vcan0 300#FF57000000000000
(1790640810.102804) vcan0 100#04A5000000000000
(1790640810.102900) vcan0 300#FF5D000000000000
(1790640810.112732) vcan0 300#FF62000000000000
(1790640810.122939) vcan0 100#04A0000000000000
(1790640810.122977) vcan0 300#FF67000000000000
(1790640810.131458) vcan0 300#FF6C000000000000
(1790640810.142126) vcan0 100#049B000000000000
(1790640810.142222) vcan0 200#4500000000000000
(1790640810.142253) vcan0 300#FF71000000000000
(1790640810.151132) vcan0 300#FF76000000000000
(1790640810.166193) vcan0 100#0495000000000000
(1790640810.166263) vcan0 300#FF7E000000000000
(1790640810.176281) vcan0 300#FF84000000000000
(1790640810.183027) vcan0 100#0491000000000000
(1790640810.183142) vcan0 300#FF87000000000000
(1790640810.205852) vcan0 100#048B000000000000
(1790640810.206003) vcan0 200#4500000000000000
(1790640810.206049) vcan0 300#FF94000000000000
(1790640810.207277) vcan0 300#FF95000000000000
(1790640810.212980) vcan0 300#FF98000000000000
(1790640810.223606) vcan0 100#0487000000000000
(1790640810.223710) vcan0 300#FF9E000000000000
(1790640810.232934) vcan0 300#FFA3000000000000
(1790640810.243456) vcan0 100#0482000000000000
(1790640810.243522) vcan0 200#4500000000000000
(1790640810.243551) vcan0 300#FFA9000000000000
(1790640810.266629) vcan0 100#047C000000000000
(1790640810.266743) vcan0 300#FFB7000000000000
(1790640810.268475) vcan0 300#FFB8000000000000
(1790640810.273299) vcan0 300#FFBB000000000000
(1790640810.292430) vcan0 100#0476000000000000
(1790640810.292601) vcan0 200#4500000000000000
(1790640810.292956) vcan0 300#FFC5000000000000
(1790640810.294501) vcan0 300#FFC7000000000000
(1790640810.301349) vcan0 100#0474000000000000
(1790640810.301447) vcan0 300#FFCB000000000000
(1790640810.315817) vcan0 300#FFD4000000000000
(1790640810.331604) vcan0 100#046C000000000000
(1790640810.331760) vcan0 300#FFDD000000000000
(1790640810.345702) vcan0 100#0469000000000000
(1790640810.345843) vcan0 200#4500000000000000
(1790640810.345899) vcan0 300#FFE6000000000000
(1790640810.348253) vcan0 300#FFE7000000000000
(1790640810.356321) vcan0 300#FFEC000000000000
(1790640810.363491) vcan0 100#0464000000000000
(1790640810.363554) vcan0 300#FFF0000000000000
(1790640810.372213) vcan0 300#FFF5000000000000
(1790640810.381455) vcan0 100#0460000000000000
(1790640810.381511) vcan0 300#FFFB000000000000
(1790640810.391430) vcan0 200#4500000000000000
(1790640810.391512) vcan0 300#0000000000000000
(1790640810.404183) vcan0 100#045B000000000000
(1790640810.404337) vcan0 300#0008000000000000
(1790640810.414121) vcan0 300#000E000000000000
(1790640810.421131) vcan0 100#0456000000000000
(1790640810.421173) vcan0 300#0012000000000000
(1790640810.441035) vcan0 300#001E000000000000
(1790640810.443588) vcan0 100#0451000000000000
(1790640810.443653) vcan0 200#4500000000000000
(1790640810.443691) vcan0 300#001F000000000000
(1790640810.451364) vcan0 300#0024000000000000
(1790640810.473531) vcan0 100#044A000000000000
(1790640810.473593) vcan0 300#0031000000000000
(1790640810.476385) vcan0 300#0033000000000000
(1790640810.485791) vcan0 100#0447000000000000
(1790640810.485927) vcan0 300#0038000000000000
(1790640810.492763) vcan0 200#4500000000000000
(1790640810.492911) vcan0 300#003C000000000000
(1790640810.503706) vcan0 100#0443000000000000
(1790640810.503820) vcan0 300#0043000000000000
(1790640810.519834) vcan0 300#004C000000000000
(1790640810.532597) vcan0 100#043C000000000000
(1790640810.532665) vcan0 300#0054000000000000
(1790640810.534254) vcan0 300#0055000000000000
(1790640810.541544) vcan0 100#043A000000000000
(1790640810.541681) vcan0 200#4500000000000000
(1790640810.541733) vcan0 300#0059000000000000
(1790640810.542490) vcan0 400#0400000000000000
(1790640810.542581) vcan0 500#1400000000000000
(1790640810.567013) vcan0 100#0434000000000000
(1790640810.567130) vcan0 300#0067000000000000
(1790640810.568708) vcan0 300#0068000000000000
(1790640810.573224) vcan0 300#006B000000000000
(1790640810.583096) vcan0 100#0430000000000000
(1790640810.583202) vcan0 300#0070000000000000
(1790640810.592498) vcan0 200#4500000000000000
(1790640810.592609) vcan0 300#0075000000000000
(1790640810.602754) vcan0 100#042B000000000000
(1790640810.602892) vcan0 300#007B000000000000
(1790640810.613015) vcan0 300#0081000000000000
(1790640810.629015) vcan0 100#0425000000000000
(1790640810.629051) vcan0 300#0089000000000000
(1790640810.639593) vcan0 300#008F000000000000
(1790640810.646444) vcan0 100#0421000000000000
(1790640810.646497) vcan0 200#4500000000000000
(1790640810.646521) vcan0 300#0092000000000000
(1790640810.652076) vcan0 300#0095000000000000
(1790640810.662501) vcan0 100#041D000000000000
(1790640810.662589) vcan0 300#009B000000000000
(1790640810.674280) vcan0 300#00A1000000000000
(1790640810.681236) vcan0 100#0419000000000000
(1790640810.681325) vcan0 300#00A4000000000000
(1790640810.691145) vcan0 200#4500000000000000
(1790640810.691190) vcan0 300#00A9000000000000
(1790640810.712812) vcan0 100#0412000000000000
(1790640810.712871) vcan0 300#00B4000000000000
(1790640810.714774) vcan0 300#00B5000000000000
(1790640810.722514) vcan0 100#040F000000000000
(1790640810.722549) vcan0 300#00B8000000000000
(1790640810.731288) vcan0 300#00BC000000000000
(1790640810.743124) vcan0 100#040B000000000000
(1790640810.743207) vcan0 200#4500000000000000
(1790640810.743236) vcan0 300#00C2000000000000
(1790640810.754282) vcan0 300#00C7000000000000
(1790640810.764591) vcan0 100#0406000000000000
(1790640810.764735) vcan0 300#00CC000000000000
(1790640810.779534) vcan0 300#00D2000000000000
(1790640810.790804) vcan0 100#0400000000000000
(1790640810.790948) vcan0 300#00D7000000000000
(1790640810.792658) vcan0 200#4500000000000000
(1790640810.792772) vcan0 300#00D8000000000000
(1790640810.813577) vcan0 100#03FA000000000000
(1790640810.813691) vcan0 300#00E0000000000000
(1790640810.815136) vcan0 300#00E1000000000000
(1790640810.827041) vcan0 100#03F7000000000000
(1790640810.827205) vcan0 300#00E5000000000000
(1790640810.838626) vcan0 300#00EA000000000000
(1790640810.842506) vcan0 100#03F4000000000000
(1790640810.842642) vcan0 200#4500000000000000
(1790640810.842696) vcan0 300#00EB000000000000
(1790640810.853490) vcan0 300#00EF000000000000
(1790640810.864680) vcan0 100#03EF000000000000
(1790640810.864838) vcan0 300#00F3000000000000
(1790640810.873440) vcan0 300#00F6000000000000
(1790640810.892103) vcan0 100#03E9000000000000
(1790640810.892257) vcan0 200#4500000000000000
(1790640810.892343) vcan0 300#00FC000000000000
(1790640810.898661) vcan0 300#00FF000000000000
(1790640810.901269) vcan0 100#03E7000000000000
(1790640810.901376) vcan0 300#00FF000000000000
(1790640810.911320) vcan0 300#0102000000000000
(1790640810.922288) vcan0 100#03E2000000000000
(1790640810.922432) vcan0 300#0106000000000000
(1790640810.932620) vcan0 300#0109000000000000
(1790640810.943905) vcan0 100#03DD000000000000
(1790640810.943961) vcan0 200#4500000000000000
(1790640810.943991) vcan0 300#010C000000000000
(1790640810.957096) vcan0 300#010F000000000000
(1790640810.965408) vcan0 100#03D8000000000000
(1790640810.965785) vcan0 300#0111000000000000
(1790640810.973801) vcan0 300#0113000000000000
(1790640810.985055) vcan0 100#03D4000000000000
(1790640810.985197) vcan0 300#0116000000000000
(1790640810.994406) vcan0 200#4500000000000000
(1790640810.994541) vcan0 300#0118000000000000
(1790640811.003373) vcan0 100#03D0000000000000
(1790640811.003482) vcan0 300#011A000000000000
(1790640811.016496) vcan0 300#011C000000000000
(1790640811.023742) vcan0 100#03CC000000000000
(1790640811.023807) vcan0 300#011E000000000000
(1790640811.031134) vcan0 300#011F000000000000
(1790640811.041098) vcan0 100#03C8000000000000
(1790640811.041137) vcan0 200#4500000000000000
(1790640811.041154) vcan0 300#0121000000000000
(1790640811.041176) vcan0 400#0000000000000000
(1790640811.053717) vcan0 300#0123000000000000
(1790640811.064070) vcan0 100#03C3000000000000
(1790640811.064196) vcan0 300#0124000000000000
(1790640811.071384) vcan0 300#0125000000000000
(1790640811.081642) vcan0 100#03BF000000000000
(1790640811.081671) vcan0 300#0126000000000000
(1790640811.091380) vcan0 200#4500000000000000
(1790640811.091458) vcan0 300#0127000000000000
(1790640811.102565) vcan0 100#03BB000000000000
(1790640811.102607) vcan0 300#0128000000000000
(1790640811.112173) vcan0 300#0129000000000000
(1790640811.122579) vcan0 100#03B6000000000000
(1790640811.122692) vcan0 300#012A000000000000
(1790640811.132648) vcan0 300#012A000000000000
(1790640811.143435) vcan0 100#03B2000000000000
(1790640811.143477) vcan0 200#4500000000000000
(1790640811.143495) vcan0 300#012B000000000000
(1790640811.152104) vcan0 300#012B000000000000
(1790640811.161735) vcan0 100#03AE000000000000
(1790640811.161797) vcan0 300#012B000000000000
(1790640811.171846) vcan0 300#012B000000000000
(1790640811.186758) vcan0 100#03A9000000000000
(1790640811.186876) vcan0 300#012B000000000000
(1790640811.192721) vcan0 200#4500000000000000
(1790640811.192830) vcan0 300#012B000000000000
(1790640811.201431) vcan0 100#03A5000000000000
(1790640811.201522) vcan0 300#012B000000000000
(1790640811.211546) vcan0 300#012B000000000000
(1790640811.222876) vcan0 100#03A1000000000000
(1790640811.222947) vcan0 300#012A000000000000
(1790640811.232454) vcan0 300#012A000000000000
(1790640811.243864) vcan0 100#039D000000000000
(1790640811.244008) vcan0 200#4500000000000000
(1790640811.244065) vcan0 300#0129000000000000
(1790640811.251817) vcan0 300#0128000000000000
(1790640811.261898) vcan0 100#0399000000000000
(1790640811.261943) vcan0 300#0127000000000000
(1790640811.274579) vcan0 300#0126000000000000
(1790640811.281727) vcan0 100#0395000000000000
(1790640811.281776) vcan0 300#0125000000000000
(1790640811.298060) vcan0 200#4500000000000000
(1790640811.298215) vcan0 300#0123000000000000
(1790640811.301421) vcan0 100#0391000000000000
(1790640811.301533) vcan0 300#0122000000000000
(1790640811.312708) vcan0 300#0120000000000000
(1790640811.325336) vcan0 100#038C000000000000
(1790640811.325499) vcan0 300#011E000000000000
(1790640811.333025) vcan0 300#011D000000000000
(1790640811.345023) vcan0 100#0388000000000000
(1790640811.345086) vcan0 200#4500000000000000
(1790640811.345112) vcan0 300#011B000000000000
(1790640811.360359) vcan0 300#0117000000000000
(1790640811.366070) vcan0 100#0383000000000000
(1790640811.366407) vcan0 300#0116000000000000
(1790640811.375482) vcan0 300#0114000000000000
(1790640811.393644) vcan0 100#037E000000000000
(1790640811.393699) vcan0 200#4500000000000000
(1790640811.393711) vcan0 300#0110000000000000
(1790640811.395000) vcan0 300#010F000000000000
(1790640811.404064) vcan0 100#037C000000000000
(1790640811.404099) vcan0 300#010D000000000000
(1790640811.412939) vcan0 300#010A000000000000
(1790640811.422047) vcan0 100#0378000000000000
(1790640811.422066) vcan0 300#0108000000000000
(1790640811.432143) vcan0 300#0105000000000000
(1790640811.442122) vcan0 100#0374000000000000
(1790640811.442168) vcan0 200#4500000000000000
(1790640811.442181) vcan0 300#0102000000000000
(1790640811.451266) vcan0 300#00FF000000000000
(1790640811.461648) vcan0 100#0370000000000000
(1790640811.461668) vcan0 300#00FC000000000000
(1790640811.474005) vcan0 300#00F8000000000000
(1790640811.486120) vcan0 100#036B000000000000
(1790640811.486159) vcan0 300#00F4000000000000
(1790640811.492241) vcan0 200#4500000000000000
(1790640811.492333) vcan0 300#00F1000000000000
(1790640811.507887) vcan0 100#0367000000000000
(1790640811.508032) vcan0 300#00EC000000000000
(1790640811.511744) vcan0 300#00EA000000000000
(1790640811.526588) vcan0 100#0363000000000000
(1790640811.526659) vcan0 300#00E5000000000000
(1790640811.531715) vcan0 300#00E3000000000000
(1790640811.544051) vcan0 100#0360000000000000
(1790640811.544197) vcan0 200#4500000000000000
(1790640811.544250) vcan0 300#00DE000000000000
(1790640811.544303) vcan0 400#0000000000000000
(1790640811.544347) vcan0 500#1500000000000000
(1790640811.544388) vcan0 7DF#02010D0000000000
(1790640811.551511) vcan0 300#00DB000000000000
(1790640811.570915) vcan0 100#035A000000000000
(1790640811.570967) vcan0 300#00D3000000000000
(1790640811.572844) vcan0 300#00D2000000000000
(1790640811.581541) vcan0 100#0358000000000000
(1790640811.581680) vcan0 300#00CE000000000000
(1790640811.602054) vcan0 100#0354000000000000
(1790640811.602197) vcan0 200#4500000000000000
(1790640811.602252) vcan0 300#00C5000000000000
(1790640811.603984) vcan0 300#00C4000000000000
(1790640811.611929) vcan0 300#00C1000000000000
(1790640811.621994) vcan0 100#0351000000000000
(1790640811.622056) vcan0 300#00BC000000000000
(1790640811.632619) vcan0 300#00B7000000000000
(1790640811.641367) vcan0 100#034D000000000000
(1790640811.641510) vcan0 200#4500000000000000
(1790640811.641565) vcan0 300#00B3000000000000
(1790640811.655649) vcan0 300#00AC000000000000
(1790640811.662513) vcan0 100#0349000000000000
(1790640811.662581) vcan0 300#00A8000000000000
(1790640811.673523) vcan0 300#00A3000000000000
(1790640811.683107) vcan0 100#0345000000000000
(1790640811.683206) vcan0 300#009E000000000000
(1790640811.692201) vcan0 200#4500000000000000
(1790640811.692307) vcan0 300#0099000000000000
(1790640811.717944) vcan0 100#033E000000000000
(1790640811.718113) vcan0 300#008C000000000000
(1790640811.719622) vcan0 300#008B000000000000
(1790640811.731107) vcan0 100#033C000000000000
(1790640811.731173) vcan0 300#0085000000000000
(1790640811.743478) vcan0 100#033A000000000000
(1790640811.744976) vcan0 200#4500000000000000
(1790640811.745029) vcan0 300#007E000000000000
(1790640811.746624) vcan0 300#007C000000000000
(1790640811.751211) vcan0 300#007A000000000000
(1790640811.761336) vcan0 100#0336000000000000
(1790640811.761510) vcan0 300#0074000000000000
(1790640811.772655) vcan0 300#006E000000000000
(1790640811.790535) vcan0 100#0331000000000000
(1790640811.790764) vcan0 300#0064000000000000
(1790640811.792772) vcan0 200#4400000000000000
(1790640811.792975) vcan0 300#0063000000000000
(1790640811.802176) vcan0 100#032F000000000000
(1790640811.802328) vcan0 300#005D000000000000
(1790640811.811608) vcan0 300#0058000000000000
(1790640811.822048) vcan0 100#032B000000000000
(1790640811.822242) vcan0 300#0052000000000000
(1790640811.832663) vcan0 300#004C000000000000
(1790640811.842239) vcan0 100#0327000000000000
(1790640811.842400) vcan0 200#4400000000000000
(1790640811.842425) vcan0 300#0046000000000000
(1790640811.852025) vcan0 300#0041000000000000
(1790640811.862538) vcan0 100#0324000000000000
(1790640811.862670) vcan0 300#003A000000000000
(1790640811.873103) vcan0 300#0034000000000000
(1790640811.911054) vcan0 100#031B000000000000
(1790640811.911196) vcan0 200#4400000000000000
(1790640811.911216) vcan0 300#001E000000000000
(1790640811.912598) vcan0 100#031B000000000000
(1790640811.912737) vcan0 300#001D000000000000
(1790640811.914286) vcan0 300#001C000000000000
(1790640811.916463) vcan0 300#001A000000000000
(1790640811.923994) vcan0 100#0319000000000000
(1790640811.924580) vcan0 300#0016000000000000
(1790640811.932345) vcan0 300#0011000000000000
(1790640811.942544) vcan0 100#0315000000000000
(1790640811.942736) vcan0 200#4400000000000000
(1790640811.942762) vcan0 300#000B000000000000
(1790640811.958473) vcan0 300#0001000000000000
(1790640811.961831) vcan0 100#0312000000000000
(1790640811.962358) vcan0 300#0000000000000000
(1790640811.980933) vcan0 300#FFF5000000000000
(1790640811.982637) vcan0 100#030E000000000000
(1790640811.982845) vcan0 300#FFF4000000000000
(1790640811.993544) vcan0 200#4400000000000000
(1790640811.993786) vcan0 300#FFED000000000000
(1790640812.001285) vcan0 100#030B000000000000
(1790640812.001456) vcan0 300#FFE9000000000000
(1790640812.011909) vcan0 300#FFE2000000000000
(1790640812.022627) vcan0 100#0307000000000000
(1790640812.022792) vcan0 300#FFDC000000000000
(1790640812.031546) vcan0 300#FFD7000000000000
(1790640812.041844) vcan0 100#0304000000000000
(1790640812.042027) vcan0 200#4400000000000000
(1790640812.042057) vcan0 300#FFD0000000000000
(1790640812.042092) vcan0 400#0100000000000000
(1790640812.069770) vcan0 100#02FF000000000000
(1790640812.069935) vcan0 300#FFC0000000000000
(1790640812.071506) vcan0 300#FFBF000000000000
(1790640812.074332) vcan0 300#FFBD000000000000
(1790640812.082136) vcan0 100#02FD000000000000
(1790640812.082165) vcan0 300#FFB9000000000000
(1790640812.093863) vcan0 200#4400000000000000
(1790640812.093968) vcan0 300#FFB2000000000000
(1790640812.104394) vcan0 100#02F9000000000000
(1790640812.104537) vcan0 300#FFAC000000000000
(1790640812.111489) vcan0 300#FFA8000000000000
(1790640812.122475) vcan0 100#02F6000000000000
(1790640812.122592) vcan0 300#FFA2000000000000
(1790640812.132882) vcan0 300#FF9C000000000000
(1790640812.142490) vcan0 100#02F3000000000000
(1790640812.142857) vcan0 200#4400000000000000
(1790640812.142883) vcan0 300#FF96000000000000
(1790640812.154601) vcan0 300#FF8F000000000000
(1790640812.163171) vcan0 100#02EF000000000000
(1790640812.163360) vcan0 300#FF8B000000000000
(1790640812.174769) vcan0 300#FF84000000000000
(1790640812.181297) vcan0 100#02EC000000000000
(1790640812.181467) vcan0 300#FF81000000000000
(1790640812.191980) vcan0 200#4400000000000000
(1790640812.192203) vcan0 300#FF7B000000000000
(1790640812.202271) vcan0 100#02E9000000000000
(1790640812.202469) vcan0 300#FF76000000000000
(1790640812.212384) vcan0 300#FF70000000000000
(1790640812.227822) vcan0 100#02E5000000000000
(1790640812.228008) vcan0 300#FF68000000000000
(1790640812.231567) vcan0 300#FF66000000000000
(1790640812.244483) vcan0 100#02E2000000000000
(1790640812.245183) vcan0 200#4400000000000000
(1790640812.245257) vcan0 300#FF60000000000000
(1790640812.251270) vcan0 300#FF5C000000000000
(1790640812.264287) vcan0 100#02DF000000000000
(1790640812.264439) vcan0 300#FF56000000000000
(1790640812.276231) vcan0 300#FF50000000000000
(1790640812.282162) vcan0 100#02DC000000000000
(1790640812.282300) vcan0 300#FF4D000000000000
(1790640812.292677) vcan0 200#4400000000000000
(1790640812.292841) vcan0 300#FF48000000000000
(1790640812.312493) vcan0 100#02D7000000000000
(1790640812.313760) vcan0 300#FF3F000000000000
(1790640812.315468) vcan0 300#FF3D000000000000
(1790640812.322342) vcan0 100#02D6000000000000
(1790640812.322487) vcan0 300#FF3A000000000000
(1790640812.338489) vcan0 300#FF33000000000000
(1790640812.342130) vcan0 100#02D2000000000000
(1790640812.342296) vcan0 200#4400000000000000
(1790640812.342322) vcan0 300#FF32000000000000
(1790640812.360001) vcan0 300#FF2A000000000000
(1790640812.364490) vcan0 100#02CF000000000000
(1790640812.364651) vcan0 300#FF28000000000000
(1790640812.371970) vcan0 300#FF25000000000000
(1790640812.391613) vcan0 100#02CB000000000000
(1790640812.392127) vcan0 200#4400000000000000
(1790640812.392509) vcan0 300#FF1D000000000000
(1790640812.393942) vcan0 300#FF1C000000000000
(1790640812.401839) vcan0 100#02C9000000000000
(1790640812.402014) vcan0 300#FF19000000000000
(1790640812.418939) vcan0 300#FF13000000000000
(1790640812.423001) vcan0 100#02C6000000000000
(1790640812.423187) vcan0 300#FF11000000000000
(1790640812.433010) vcan0 300#FF0E000000000000
(1790640812.442989) vcan0 100#02C3000000000000
(1790640812.443168) vcan0 200#4400000000000000
(1790640812.443195) vcan0 300#FF0A000000000000
(1790640812.451962) vcan0 300#FF07000000000000
(1790640812.478522) vcan0 100#02BD000000000000
(1790640812.478742) vcan0 300#FEFF000000000000
(1790640812.480572) vcan0 300#FEFE000000000000
(1790640812.482406) vcan0 100#02BD000000000000
(1790640812.482555) vcan0 300#FEFD000000000000
(1790640812.506083) vcan0 100#02B9000000000000
(1790640812.506298) vcan0 200#4400000000000000
(1790640812.506655) vcan0 300#FEF7000000000000
(1790640812.508622) vcan0 300#FEF6000000000000
(1790640812.511649) vcan0 300#FEF5000000000000
(1790640812.521176) vcan0 100#02B7000000000000
(1790640812.521327) vcan0 300#FEF3000000000000
(1790640812.534928) vcan0 300#FEEF000000000000
(1790640812.541300) vcan0 100#02B4000000000000
(1790640812.541461) vcan0 200#4400000000000000
(1790640812.541483) vcan0 300#FEED000000000000
(1790640812.541510) vcan0 400#0000000000000000
(1790640812.541526) vcan0 500#1600000000000000
(1790640812.561055) vcan0 300#FEE9000000000000
(1790640812.564375) vcan0 100#02B1000000000000
(1790640812.564517) vcan0 300#FEE8000000000000
(1790640812.573722) vcan0 300#FEE6000000000000
(1790640812.582224) vcan0 100#02AE000000000000
(1790640812.582408) vcan0 300#FEE5000000000000
(1790640812.596979) vcan0 200#4400000000000000
(1790640812.597211) vcan0 300#FEE2000000000000
(1790640812.604370) vcan0 100#02AB000000000000
(1790640812.604531) vcan0 300#FEE1000000000000
(1790640812.623196) vcan0 100#02A8000000000000
(1790640812.623737) vcan0 300#FEDE000000000000
(1790640812.625194) vcan0 300#FEDD000000000000
(1790640812.632075) vcan0 300#FEDC000000000000
(1790640812.642951) vcan0 100#02A5000000000000
(1790640812.643190) vcan0 200#4400000000000000
(1790640812.643225) vcan0 300#FEDB000000000000
(1790640812.657086) vcan0 300#FED9000000000000
(1790640812.661826) vcan0 100#02A3000000000000
(1790640812.661965) vcan0 300#FED9000000000000
(1790640812.674356) vcan0 300#FED8000000000000
(1790640812.681127) vcan0 100#02A0000000000000
(1790640812.681293) vcan0 300#FED7000000000000
(1790640812.691433) vcan0 200#4400000000000000
(1790640812.691638) vcan0 300#FED6000000000000
(1790640812.705060) vcan0 100#029D000000000000
(1790640812.705295) vcan0 300#FED6000000000000
(1790640812.711394) vcan0 300#FED5000000000000
(1790640812.726589) vcan0 100#029A000000000000
(1790640812.726817) vcan0 300#FED5000000000000
(1790640812.731265) vcan0 300#FED5000000000000
(1790640812.742149) vcan0 100#0298000000000000
(1790640812.742347) vcan0 200#4400000000000000
(1790640812.742375) vcan0 300#FED5000000000000
(1790640812.758166) vcan0 300#FED5000000000000
(1790640812.763011) vcan0 100#0295000000000000
(1790640812.763148) vcan0 300#FED5000000000000
(1790640812.772087) vcan0 300#FED5000000000000
(1790640812.784146) vcan0 100#0292000000000000
(1790640812.784298) vcan0 300#FED5000000000000
(1790640812.793479) vcan0 200#4400000000000000
(1790640812.793691) vcan0 300#FED6000000000000
(1790640812.810944) vcan0 100#028E000000000000
(1790640812.811490) vcan0 300#FED7000000000000
(1790640812.812960) vcan0 300#FED7000000000000
(1790640812.822268) vcan0 100#028D000000000000
(1790640812.822394) vcan0 300#FED8000000000000
(1790640812.846557) vcan0 100#028A000000000000
(1790640812.847138) vcan0 200#4400000000000000
(1790640812.847776) vcan0 300#FEDA000000000000
(1790640812.849420) vcan0 300#FEDB000000000000
(1790640812.851246) vcan0 300#FEDB000000000000
(1790640812.862699) vcan0 100#0288000000000000
(1790640812.862890) vcan0 300#FEDD000000000000
(1790640812.873288) vcan0 300#FEDE000000000000
(1790640812.899808) vcan0 100#0283000000000000
(1790640812.900379) vcan0 200#4400000000000000
(1790640812.900735) vcan0 300#FEE2000000000000
(1790640812.902024) vcan0 100#0282000000000000
(1790640812.902189) vcan0 300#FEE3000000000000
(1790640812.903579) vcan0 300#FEE3000000000000
(1790640812.926937) vcan0 100#027F000000000000
(1790640812.927531) vcan0 300#FEE8000000000000
(1790640812.929187) vcan0 300#FEE8000000000000
(1790640812.931915) vcan0 300#FEE9000000000000
(1790640812.941635) vcan0 100#027D000000000000
(1790640812.941788) vcan0 200#4400000000000000
(1790640812.941810) vcan0 300#FEEB000000000000
(1790640812.957995) vcan0 300#FEEF000000000000
(1790640812.963588) vcan0 100#027B000000000000
(1790640812.963732) vcan0 300#FEF0000000000000
(1790640812.971486) vcan0 300#FEF2000000000000
(1790640812.992750) vcan0 100#0277000000000000
(1790640812.993298) vcan0 200#4400000000000000
(1790640812.993659) vcan0 300#FEF8000000000000
(1790640812.995081) vcan0 300#FEF9000000000000
(1790640813.010559) vcan0 100#0275000000000000
(1790640813.010751) vcan0 300#FEFD000000000000
(1790640813.012889) vcan0 300#FEFE000000000000
(1790640813.022187) vcan0 100#0274000000000000
(1790640813.022368) vcan0 300#FF01000000000000
(1790640813.031577) vcan0 300#FF04000000000000
(1790640813.042228) vcan0 100#0271000000000000
(1790640813.042394) vcan0 200#4400000000000000
(1790640813.042418) vcan0 300#FF07000000000000
(1790640813.042444) vcan0 400#0000000000000000
(1790640813.051342) vcan0 300#FF0A000000000000
(1790640813.063600) vcan0 100#026F000000000000
(1790640813.063810) vcan0 300#FF0F000000000000
(1790640813.071242) vcan0 300#FF11000000000000
(1790640813.081650) vcan0 100#026C000000000000
(1790640813.081683) vcan0 300#FF15000000000000
(1790640813.091880) vcan0 200#4400000000000000
(1790640813.091946) vcan0 300#FF19000000000000
(1790640813.102512) vcan0 100#026A000000000000
(1790640813.102579) vcan0 300#FF1D000000000000
(1790640813.112121) vcan0 300#FF21000000000000
(1790640813.121779) vcan0 100#0268000000000000
(1790640813.121806) vcan0 300#FF25000000000000
(1790640813.131407) vcan0 300#FF29000000000000
(1790640813.142485) vcan0 100#0265000000000000
(1790640813.142562) vcan0 200#4400000000000000
(1790640813.142590) vcan0 300#FF2E000000000000
(1790640813.152874) vcan0 300#FF32000000000000
(1790640813.162487) vcan0 100#0263000000000000
(1790640813.162521) vcan0 300#FF36000000000000
(1790640813.172890) vcan0 300#FF3B000000000000
(1790640813.182582) vcan0 100#0261000000000000
(1790640813.182612) vcan0 300#FF3F000000000000
(1790640813.192166) vcan0 200#4400000000000000
(1790640813.192238) vcan0 300#FF44000000000000
(1790640813.202085) vcan0 100#025F000000000000
(1790640813.202158) vcan0 300#FF49000000000000
(1790640813.212957) vcan0 300#FF4E000000000000
(1790640813.221278) vcan0 100#025C000000000000
(1790640813.221305) vcan0 300#FF52000000000000
(1790640813.232075) vcan0 300#FF57000000000000
(1790640813.242750) vcan0 100#025A000000000000
(1790640813.242780) vcan0 200#4400000000000000
(1790640813.242792) vcan0 300#FF5C000000000000
(1790640813.252424) vcan0 300#FF61000000000000
(1790640813.261557) vcan0 100#0258000000000000
(1790640813.261596) vcan0 300#FF66000000000000
(1790640813.271120) vcan0 300#FF6B000000000000
(1790640813.282183) vcan0 100#0256000000000000
(1790640813.282211) vcan0 300#FF71000000000000
(1790640813.292453) vcan0 200#4400000000000000
(1790640813.292526) vcan0 300#FF76000000000000
(1790640813.302422) vcan0 100#0254000000000000
(1790640813.302496) vcan0 300#FF7B000000000000
(1790640813.312865) vcan0 300#FF81000000000000
(1790640813.322204) vcan0 100#0252000000000000
(1790640813.322232) vcan0 300#FF86000000000000
(1790640813.331600) vcan0 300#FF8B000000000000
(1790640813.342761) vcan0 100#024F000000000000
(1790640813.342783) vcan0 200#4400000000000000
(1790640813.342790) vcan0 300#FF92000000000000
(1790640813.352371) vcan0 300#FF97000000000000
(1790640813.362216) vcan0 100#024D000000000000
(1790640813.362241) vcan0 300#FF9C000000000000
(1790640813.371086) vcan0 300#FFA1000000000000
(1790640813.382702) vcan0 100#024B000000000000
(1790640813.382728) vcan0 300#FFA8000000000000
(1790640813.392419) vcan0 200#4400000000000000
(1790640813.392509) vcan0 300#FFAE000000000000
(1790640813.402318) vcan0 100#0249000000000000
(1790640813.402395) vcan0 300#FFB3000000000000
(1790640813.411982) vcan0 300#FFB9000000000000
(1790640813.421500) vcan0 100#0248000000000000
(1790640813.421525) vcan0 300#FFBF000000000000
(1790640813.431979) vcan0 300#FFC5000000000000
(1790640813.442797) vcan0 100#0245000000000000
(1790640813.442871) vcan0 200#4400000000000000
(1790640813.442889) vcan0 300#FFCB000000000000
(1790640813.452489) vcan0 300#FFD1000000000000
(1790640813.462007) vcan0 100#0244000000000000
(1790640813.462031) vcan0 300#FFD7000000000000
(1790640813.472436) vcan0 300#FFDD000000000000
(1790640813.481427) vcan0 100#0242000000000000
(1790640813.481457) vcan0 300#FFE2000000000000
(1790640813.492148) vcan0 200#4400000000000000
(1790640813.492244) vcan0 300#FFE8000000000000
(1790640813.502196) vcan0 100#0240000000000000
(1790640813.502230) vcan0 300#FFEE000000000000
(1790640813.512801) vcan0 300#FFF5000000000000
(1790640813.522668) vcan0 100#023E000000000000
(1790640813.522699) vcan0 300#FFFB000000000000
(1790640813.532972) vcan0 300#0000000000000000
(1790640813.542397) vcan0 100#023C000000000000
(1790640813.542423) vcan0 200#4400000000000000
(1790640813.542433) vcan0 300#0006000000000000
(1790640813.542445) vcan0 400#0200000000000000
(1790640813.542453) vcan0 500#1700000000000000
(1790640813.542461) vcan0 7DF#02010C0000000000
(1790640813.551883) vcan0 300#000B000000000000
(1790640813.562434) vcan0 100#023A000000000000
(1790640813.562503) vcan0 300#0012000000000000
(1790640813.571307) vcan0 300#0017000000000000
(1790640813.581908) vcan0 100#0238000000000000
(1790640813.581933) vcan0 300#001D000000000000
(1790640813.591429) vcan0 200#4400000000000000
(1790640813.591497) vcan0 300#0023000000000000
(1790640813.602355) vcan0 100#0237000000000000
(1790640813.602383) vcan0 300#0029000000000000
(1790640813.611124) vcan0 300#002F000000000000
(1790640813.622237) vcan0 100#0235000000000000
(1790640813.622265) vcan0 300#0035000000000000
(1790640813.631611) vcan0 300#003B000000000000
(1790640813.642441) vcan0 100#0233000000000000
(1790640813.642481) vcan0 200#4400000000000000
(1790640813.642496) vcan0 300#0041000000000000
(1790640813.652713) vcan0 300#0047000000000000
(1790640813.661089) vcan0 100#0231000000000000
(1790640813.661196) vcan0 300#004C000000000000
(1790640813.672472) vcan0 300#0053000000000000
(1790640813.681055) vcan0 100#0230000000000000
(1790640813.681100) vcan0 300#0058000000000000
(1790640813.691994) vcan0 200#4300000000000000
(1790640813.692082) vcan0 300#005E000000000000
(1790640813.702425) vcan0 100#022E000000000000
(1790640813.702509) vcan0 300#0064000000000000
(1790640813.711840) vcan0 300#0069000000000000
(1790640813.721279) vcan0 100#022C000000000000
(1790640813.721317) vcan0 300#006E000000000000
(1790640813.733041) vcan0 300#0075000000000000
(1790640813.742130) vcan0 100#022B000000000000
(1790640813.742211) vcan0 200#4300000000000000
(1790640813.742242) vcan0 300#007A000000000000
(1790640813.751877) vcan0 300#007F000000000000
(1790640813.762056) vcan0 100#0229000000000000
(1790640813.762097) vcan0 300#0085000000000000
(1790640813.773041) vcan0 300#008A000000000000
(1790640813.782180) vcan0 100#0228000000000000
(1790640813.782320) vcan0 300#008F000000000000
(1790640813.793678) vcan0 200#4300000000000000
(1790640813.793811) vcan0 300#0095000000000000
(1790640813.801283) vcan0 100#0226000000000000
(1790640813.801430) vcan0 300#0099000000000000
(1790640813.812104) vcan0 300#009F000000000000
(1790640813.822571) vcan0 100#0224000000000000
(1790640813.822774) vcan0 300#00A4000000000000
(1790640813.833163) vcan0 300#00A9000000000000
(1790640813.841976) vcan0 100#0223000000000000
(1790640813.842218) vcan0 200#4300000000000000
(1790640813.842252) vcan0 300#00AE000000000000
(1790640813.866759) vcan0 100#0221000000000000
(1790640813.867337) vcan0 300#00BA000000000000
(1790640813.868598) vcan0 300#00BA000000000000
(1790640813.872463) vcan0 300#00BC000000000000
(1790640813.884964) vcan0 100#0220000000000000
(1790640813.885199) vcan0 300#00C2000000000000
(1790640813.891137) vcan0 200#4300000000000000
(1790640813.891376) vcan0 300#00C5000000000000
(1790640813.901604) vcan0 100#021F000000000000
(1790640813.901757) vcan0 300#00CA000000000000
(1790640813.920857) vcan0 300#00D2000000000000
(1790640813.922478) vcan0 100#021D000000000000
(1790640813.922608) vcan0 300#00D3000000000000
(1790640813.940661) vcan0 300#00DA000000000000
(1790640813.942194) vcan0 100#021C000000000000
(1790640813.943170) vcan0 200#4300000000000000
(1790640813.943200) vcan0 300#00DB000000000000
(1790640813.952674) vcan0 300#00DF000000000000
(1790640813.962408) vcan0 100#021A000000000000
(1790640813.962560) vcan0 300#00E3000000000000
(1790640813.977051) vcan0 300#00E9000000000000
(1790640813.981299) vcan0 100#0219000000000000
(1790640813.981456) vcan0 300#00EA000000000000
(1790640813.999596) vcan0 200#4300000000000000
(1790640813.999758) vcan0 300#00F1000000000000
(1790640814.002495) vcan0 100#0218000000000000
(1790640814.002622) vcan0 300#00F2000000000000
(1790640814.020448) vcan0 300#00F8000000000000
(1790640814.022445) vcan0 100#0216000000000000
(1790640814.022635) vcan0 300#00F9000000000000
(1790640814.032161) vcan0 300#00FC000000000000
(1790640814.041204) vcan0 100#0215000000000000
(1790640814.041352) vcan0 200#4300000000000000
(1790640814.041372) vcan0 300#00FF000000000000
(1790640814.041396) vcan0 400#0000000000000000
(1790640814.052038) vcan0 300#0102000000000000
(1790640814.062081) vcan0 100#0214000000000000
(1790640814.062313) vcan0 300#0105000000000000
(1790640814.072654) vcan0 300#0108000000000000
(1790640814.082253) vcan0 100#0213000000000000
(1790640814.082414) vcan0 300#010B000000000000
(1790640814.093286) vcan0 200#4300000000000000
(1790640814.093310) vcan0 300#010E000000000000
(1790640814.103554) vcan0 100#0211000000000000
(1790640814.103685) vcan0 300#0110000000000000
(1790640814.111593) vcan0 300#0112000000000000
(1790640814.122166) vcan0 100#0210000000000000
(1790640814.122340) vcan0 300#0115000000000000
(1790640814.131787) vcan0 300#0117000000000000
(1790640814.144045) vcan0 100#020F000000000000
(1790640814.144092) vcan0 200#4300000000000000
(1790640814.144114) vcan0 300#011A000000000000
(1790640814.151692) vcan0 300#011B000000000000
(1790640814.163667) vcan0 100#020E000000000000
(1790640814.163715) vcan0 300#011D000000000000
(1790640814.172610) vcan0 300#011F000000000000
(1790640814.181633) vcan0 100#020D000000000000
(1790640814.181750) vcan0 300#0120000000000000
(1790640814.192363) vcan0 200#4300000000000000
(1790640814.192500) vcan0 300#0122000000000000
(1790640814.211352) vcan0 100#020B000000000000
(1790640814.211458) vcan0 300#0125000000000000
(1790640814.221735) vcan0 100#020B000000000000
(1790640814.221856) vcan0 300#0126000000000000
(1790640814.223687) vcan0 300#0126000000000000
(1790640814.232591) vcan0 300#0127000000000000
(1790640814.259946) vcan0 100#0209000000000000
(1790640814.260120) vcan0 200#4300000000000000
(1790640814.260176) vcan0 300#012A000000000000
(1790640814.277743) vcan0 100#0208000000000000
(1790640814.277803) vcan0 300#012B000000000000
(1790640814.279667) vcan0 300#012B000000000000
(1790640814.290195) vcan0 100#0207000000000000
(1790640814.290344) vcan0 300#012B000000000000
(1790640814.292059) vcan0 200#4300000000000000
(1790640814.292172) vcan0 300#012B000000000000
(1790640814.299131) vcan0 300#012B000000000000
(1790640814.305545) vcan0 100#0207000000000000
(1790640814.305610) vcan0 300#012B000000000000
(1790640814.312868) vcan0 300#012B000000000000
(1790640814.323414) vcan0 100#0206000000000000
(1790640814.323568) vcan0 300#012B000000000000
(1790640814.331687) vcan0 300#012B000000000000
(1790640814.346084) vcan0 100#0205000000000000
(1790640814.346118) vcan0 200#4300000000000000
(1790640814.346131) vcan0 300#012B000000000000
(1790640814.357307) vcan0 300#012B000000000000
(1790640814.368891) vcan0 100#0204000000000000
(1790640814.368959) vcan0 300#012A000000000000
(1790640814.372556) vcan0 300#012A000000000000
(1790640814.391754) vcan0 100#0203000000000000
(1790640814.391897) vcan0 200#4300000000000000
(1790640814.391950) vcan0 300#0128000000000000
(1790640814.406281) vcan0 100#0202000000000000
(1790640814.406413) vcan0 300#0127000000000000
(1790640814.409327) vcan0 300#0126000000000000
(1790640814.411319) vcan0 300#0126000000000000
(1790640814.425337) vcan0 100#0201000000000000
(1790640814.425407) vcan0 300#0125000000000000
(1790640814.440839) vcan0 300#0122000000000000
(1790640814.442933) vcan0 100#0201000000000000
(1790640814.443054) vcan0 200#4300000000000000
(1790640814.443105) vcan0 300#0122000000000000
(1790640814.452187) vcan0 300#0121000000000000
(1790640814.462662) vcan0 100#0200000000000000
(1790640814.462799) vcan0 300#011F000000000000
(1790640814.471828) vcan0 300#011D000000000000
(1790640814.482558) vcan0 100#01FF000000000000
(1790640814.482624) vcan0 300#011B000000000000
(1790640814.493241) vcan0 200#4300000000000000
(1790640814.493376) vcan0 300#0119000000000000
(1790640814.501951) vcan0 100#01FE000000000000
(1790640814.502092) vcan0 300#0117000000000000
(1790640814.512997) vcan0 300#0115000000000000
(1790640814.523432) vcan0 100#01FE000000000000
(1790640814.523462) vcan0 300#0112000000000000
(1790640814.532138) vcan0 300#0110000000000000
(1790640814.544031) vcan0 100#01FD000000000000
(1790640814.544088) vcan0 200#4300000000000000
(1790640814.544114) vcan0 300#010D000000000000
(1790640814.544143) vcan0 400#0000000000000000
(1790640814.544162) vcan0 500#1800000000000000
(1790640814.559213) vcan0 300#0109000000000000
(1790640814.573155) vcan0 100#01FC000000000000
(1790640814.573296) vcan0 300#0105000000000000
(1790640814.575480) vcan0 300#0104000000000000
(1790640814.584129) vcan0 100#01FC000000000000
(1790640814.584192) vcan0 300#0102000000000000
(1790640814.592459) vcan0 200#4300000000000000
(1790640814.592607) vcan0 300#00FF000000000000
(1790640814.601650) vcan0 100#01FB000000000000
(1790640814.601787) vcan0 300#00FC000000000000
(1790640814.611297) vcan0 300#00F9000000000000
(1790640814.621652) vcan0 100#01FA000000000000
(1790640814.621691) vcan0 300#00F6000000000000
(1790640814.631039) vcan0 300#00F2000000000000
(1790640814.658194) vcan0 100#01F9000000000000
(1790640814.658353) vcan0 200#4300000000000000
(1790640814.658409) vcan0 300#00E9000000000000
(1790640814.660602) vcan0 300#00E8000000000000
(1790640814.662837) vcan0 100#01F9000000000000
(1790640814.662885) vcan0 300#00E7000000000000
(1790640814.672216) vcan0 300#00E3000000000000
(1790640814.683927) vcan0 100#01F9000000000000
(1790640814.684067) vcan0 300#00DF000000000000
(1790640814.691862) vcan0 200#4300000000000000
(1790640814.691975) vcan0 300#00DB000000000000
(1790640814.701221) vcan0 100#01F8000000000000
(1790640814.701325) vcan0 300#00D7000000000000
(1790640814.717227) vcan0 300#00D1000000000000
(1790640814.721248) vcan0 100#01F8000000000000
(1790640814.721314) vcan0 300#00CF000000000000
(1790640814.731706) vcan0 300#00CA000000000000
(1790640814.744571) vcan0 100#01F7000000000000
(1790640814.744735) vcan0 200#4300000000000000
(1790640814.744790) vcan0 300#00C5000000000000
(1790640814.752273) vcan0 300#00C1000000000000
(1790640814.779459) vcan0 100#01F7000000000000
(1790640814.779521) vcan0 300#00B4000000000000
(1790640814.797076) vcan0 100#01F6000000000000
(1790640814.797145) vcan0 200#4300000000000000
(1790640814.797175) vcan0 300#00AC000000000000
(1790640814.798959) vcan0 300#00AB000000000000
(1790640814.800967) vcan0 300#00AA000000000000
(1790640814.802919) vcan0 100#01F6000000000000
(1790640814.803044) vcan0 300#00A9000000000000
(1790640814.811124) vcan0 300#00A5000000000000
(1790640814.821261) vcan0 100#01F6000000000000
(1790640814.821385) vcan0 300#00A0000000000000
(1790640814.832956) vcan0 300#009A000000000000
(1790640814.849543) vcan0 100#01F5000000000000
(1790640814.849700) vcan0 200#4300000000000000
(1790640814.849748) vcan0 300#0091000000000000
(1790640814.852230) vcan0 300#0090000000000000
(1790640814.864907) vcan0 100#01F5000000000000
(1790640814.865092) vcan0 300#0089000000000000
(1790640814.872707) vcan0 300#0085000000000000
(1790640814.883342) vcan0 100#01F5000000000000
(1790640814.883409) vcan0 300#007F000000000000
(1790640814.894519) vcan0 200#4300000000000000
(1790640814.894648) vcan0 300#0079000000000000
(1790640814.901328) vcan0 100#01F5000000000000
(1790640814.901444) vcan0 300#0075000000000000
(1790640814.922602) vcan0 100#01F4000000000000
(1790640814.922767) vcan0 300#0069000000000000
(1790640814.925400) vcan0 300#0068000000000000
(1790640814.932686) vcan0 300#0064000000000000
(1790640814.942104) vcan0 100#01F4000000000000
(1790640814.942157) vcan0 200#4300000000000000
(1790640814.942180) vcan0 300#005E000000000000
(1790640814.953524) vcan0 300#0058000000000000
(1790640814.961222) vcan0 100#01F4000000000000
(1790640814.961341) vcan0 300#0053000000000000
(1790640814.972558) vcan0 300#004D000000000000
(1790640814.985053) vcan0 100#01F4000000000000
(1790640814.985120) vcan0 300#0046000000000000
(1790640814.993338) vcan0 200#4300000000000000
(1790640814.993447) vcan0 300#0041000000000000
(1790640815.007581) vcan0 100#01F4000000000000
(1790640815.007728) vcan0 300#0038000000000000
(1790640815.018947) vcan0 300#0032000000000000
(1790640815.023019) vcan0 100#01F4000000000000
(1790640815.023080) vcan0 300#002F000000000000
(1790640815.032089) vcan0 300#002A000000000000
(1790640815.045899) vcan0 100#01F4000000000000
(1790640815.046041) vcan0 200#4300000000000000
(1790640815.046097) vcan0 300#0022000000000000
(1790640815.046151) vcan0 400#0000000000000000
(1790640815.058845) vcan0 300#001A000000000000
(1790640815.062454) vcan0 100#01F4000000000000
(1790640815.062522) vcan0 300#0018000000000000
(1790640815.071192) vcan0 300#0013000000000000
(1790640815.082346) vcan0 100#01F4000000000000
(1790640815.082444) vcan0 300#000C000000000000
(1790640815.091961) vcan0 200#4300000000000000
(1790640815.092051) vcan0 300#0006000000000000
(1790640815.101287) vcan0 100#01F4000000000000
(1790640815.101353) vcan0 300#0001000000000000
(1790640815.112520) vcan0 300#FFFB000000000000
(1790640815.121331) vcan0 100#01F4000000000000
(1790640815.121376) vcan0 300#FFF5000000000000
(1790640815.133971) vcan0 300#FFEE000000000000
(1790640815.146193) vcan0 100#01F4000000000000
(1790640815.146340) vcan0 200#4300000000000000
(1790640815.146395) vcan0 300#FFE7000000000000
(1790640815.152817) vcan0 300#FFE3000000000000
(1790640815.163166) vcan0 100#01F4000000000000
(1790640815.163212) vcan0 300#FFDC000000000000
(1790640815.171621) vcan0 300#FFD7000000000000
(1790640815.188437) vcan0 100#01F4000000000000
(1790640815.188493) vcan0 300#FFCD000000000000
(1790640815.198215) vcan0 200#4300000000000000
(1790640815.198284) vcan0 300#FFC8000000000000
(1790640815.206086) vcan0 100#01F4000000000000
(1790640815.206256) vcan0 300#FFC3000000000000
(1790640815.212994) vcan0 300#FFBF000000000000
(1790640815.224586) vcan0 100#01F4000000000000
(1790640815.224642) vcan0 300#FFB8000000000000
(1790640815.233227) vcan0 300#FFB3000000000000
(1790640815.248341) vcan0 100#01F4000000000000
(1790640815.248455) vcan0 200#4200000000000000
(1790640815.248476) vcan0 300#FFAB000000000000
(1790640815.265977) vcan0 100#01F4000000000000
(1790640815.266125) vcan0 300#FFA0000000000000
(1790640815.268321) vcan0 300#FF9F000000000000
(1790640815.280177) vcan0 300#FF98000000000000
(1790640815.290018) vcan0 100#01F5000000000000
(1790640815.290171) vcan0 300#FF93000000000000
(1790640815.291917) vcan0 200#4200000000000000
(1790640815.292029) vcan0 300#FF92000000000000
(1790640815.301547) vcan0 100#01F5000000000000
(1790640815.301676) vcan0 300#FF8C000000000000
(1790640815.311573) vcan0 300#FF87000000000000
(1790640815.323822) vcan0 100#01F5000000000000
(1790640815.323948) vcan0 300#FF80000000000000
(1790640815.332963) vcan0 300#FF7B000000000000
(1790640815.343923) vcan0 100#01F5000000000000
(1790640815.344069) vcan0 200#4200000000000000
(1790640815.344124) vcan0 300#FF75000000000000
(1790640815.361925) vcan0 100#01F6000000000000
(1790640815.362116) vcan0 300#FF6C000000000000
(1790640815.364818) vcan0 300#FF6B000000000000
(1790640815.376350) vcan0 300#FF65000000000000
(1790640815.384361) vcan0 100#01F6000000000000
(1790640815.384435) vcan0 300#FF60000000000000
(1790640815.392579) vcan0 200#4200000000000000
(1790640815.392700) vcan0 300#FF5C000000000000
(1790640815.401828) vcan0 100#01F6000000000000
(1790640815.401882) vcan0 300#FF58000000000000
(1790640815.414117) vcan0 300#FF52000000000000
(1790640815.423906) vcan0 100#01F7000000000000
(1790640815.423937) vcan0 300#FF4D000000000000
(1790640815.431730) vcan0 300#FF49000000000000
(1790640815.445800) vcan0 100#01F7000000000000
(1790640815.445815) vcan0 200#4200000000000000
(1790640815.445822) vcan0 300#FF43000000000000
(1790640815.451839) vcan0 300#FF40000000000000
(1790640815.461195) vcan0 100#01F7000000000000
(1790640815.461229) vcan0 300#FF3B000000000000
(1790640815.474472) vcan0 300#FF36000000000000
(1790640815.501548) vcan0 100#01F8000000000000
(1790640815.501745) vcan0 200#4200000000000000
(1790640815.501798) vcan0 300#FF2A000000000000
(1790640815.504170) vcan0 100#01F8000000000000
(1790640815.504277) vcan0 300#FF29000000000000
(1790640815.517734) vcan0 300#FF23000000000000
(1790640815.520060) vcan0 300#FF22000000000000
(1790640815.528486) vcan0 100#01F9000000000000
(1790640815.528551) vcan0 300#FF1F000000000000
(1790640815.536078) vcan0 300#FF1C000000000000
(1790640815.543501) vcan0 100#01F9000000000000
(1790640815.543564) vcan0 200#4200000000000000
(1790640815.543594) vcan0 300#FF19000000000000
(1790640815.543630) vcan0 400#0000000000000000
(1790640815.543656) vcan0 500#1900000000000000
(1790640815.543681) vcan0 7DF#02010C0000000000
(1790640815.551886) vcan0 300#FF16000000000000
(1790640815.563596) vcan0 100#01FA000000000000
(1790640815.563712) vcan0 300#FF12000000000000
(1790640815.571355) vcan0 300#FF0F000000000000
(1790640815.582635) vcan0 100#01FA000000000000
(1790640815.582679) vcan0 300#FF0B000000000000
(1790640815.595953) vcan0 200#4200000000000000
(1790640815.596099) vcan0 300#FF06000000000000
(1790640815.612564) vcan0 100#01FB000000000000
(1790640815.612733) vcan0 300#FF02000000000000
(1790640815.615762) vcan0 300#FF00000000000000
(1790640815.634650) vcan0 100#01FC000000000000
(1790640815.634757) vcan0 300#FEFA000000000000
(1790640815.636322) vcan0 300#FEFA000000000000
(1790640815.649647) vcan0 100#01FC000000000000
(1790640815.649712) vcan0 200#4200000000000000
(1790640815.649743) vcan0 300#FEF6000000000000
(1790640815.651564) vcan0 300#FEF6000000000000
(1790640815.666680) vcan0 100#01FD000000000000
(1790640815.666813) vcan0 300#FEF2000000000000
(1790640815.672052) vcan0 300#FEF0000000000000
(1790640815.691966) vcan0 100#01FE000000000000
(1790640815.692122) vcan0 200#4200000000000000
(1790640815.692185) vcan0 300#FEEB000000000000
(1790640815.695131) vcan0 300#FEEB000000000000
(1790640815.705077) vcan0 100#01FE000000000000
(1790640815.705120) vcan0 300#FEE8000000000000
(1790640815.711789) vcan0 300#FEE7000000000000
(1790640815.730049) vcan0 100#01FF000000000000
(1790640815.730189) vcan0 300#FEE3000000000000
(1790640815.731863) vcan0 300#FEE3000000000000
(1790640815.742910) vcan0 100#0200000000000000
(1790640815.742986) vcan0 200#4200000000000000
(1790640815.743015) vcan0 300#FEE1000000000000
(1790640815.753213) vcan0 300#FEDF000000000000
(1790640815.764336) vcan0 100#0201000000000000
(1790640815.764485) vcan0 300#FEDE000000000000
(1790640815.782268) vcan0 100#0201000000000000
(1790640815.782454) vcan0 300#FEDB000000000000
(1790640815.784865) vcan0 300#FEDB000000000000
(1790640815.795354) vcan0 200#4200000000000000
(1790640815.795431) vcan0 300#FEDA000000000000
(1790640815.802768) vcan0 100#0202000000000000
(1790640815.802825) vcan0 300#FED9000000000000
(1790640815.814123) vcan0 300#FED8000000000000
(1790640815.821695) vcan0 100#0203000000000000
(1790640815.821832) vcan0 300#FED7000000000000
(1790640815.849492) vcan0 100#0204000000000000
(1790640815.849571) vcan0 200#4200000000000000
(1790640815.849601) vcan0 300#FED5000000000000
(1790640815.851375) vcan0 300#FED5000000000000
(1790640815.852944) vcan0 300#FED5000000000000
(1790640815.864619) vcan0 100#0205000000000000
(1790640815.864747) vcan0 300#FED5000000000000
(1790640815.873104) vcan0 300#FED5000000000000
(1790640815.881086) vcan0 100#0206000000000000
(1790640815.881172) vcan0 300#FED5000000000000
(1790640815.892462) vcan0 200#4200000000000000
(1790640815.892536) vcan0 300#FED5000000000000
(1790640815.902218) vcan0 100#0207000000000000
(1790640815.902303) vcan0 300#FED5000000000000
(1790640815.912406) vcan0 300#FED5000000000000
(1790640815.921270) vcan0 100#0208000000000000
(1790640815.921352) vcan0 300#FED5000000000000
(1790640815.932119) vcan0 300#FED6000000000000
(1790640815.942995) vcan0 100#0209000000000000
(1790640815.943035) vcan0 200#4200000000000000
(1790640815.943052) vcan0 300#FED6000000000000
(1790640815.952637) vcan0 300#FED7000000000000
(1790640815.962986) vcan0 100#020A000000000000
(1790640815.963079) vcan0 300#FED8000000000000
(1790640815.972523) vcan0 300#FED9000000000000
(1790640815.982287) vcan0 100#020B000000000000
(1790640815.982361) vcan0 300#FEDA000000000000
(1790640815.991038) vcan0 200#4200000000000000
(1790640815.991112) vcan0 300#FEDB000000000000
(1790640816.002344) vcan0 100#020C000000000000
(1790640816.002433) vcan0 300#FEDC000000000000
(1790640816.012558) vcan0 300#FEDE000000000000
(1790640816.022243) vcan0 100#020D000000000000
(1790640816.022270) vcan0 300#FEDF000000000000
(1790640816.031154) vcan0 300#FEE1000000000000
(1790640816.041819) vcan0 100#020E000000000000
(1790640816.041844) vcan0 200#4200000000000000
(1790640816.041854) vcan0 300#FEE3000000000000
(1790640816.041866) vcan0 400#0400000000000000
(1790640816.051179) vcan0 300#FEE4000000000000
(1790640816.062296) vcan0 100#020F000000000000
(1790640816.062322) vcan0 300#FEE6000000000000
(1790640816.072456) vcan0 300#FEE9000000000000
(1790640816.081990) vcan0 100#0210000000000000
(1790640816.082021) vcan0 300#FEEB000000000000
(1790640816.091571) vcan0 200#4200000000000000
(1790640816.091622) vcan0 300#FEED000000000000
(1790640816.101834) vcan0 100#0211000000000000
(1790640816.101900) vcan0 300#FEEF000000000000
(1790640816.111828) vcan0 300#FEF2000000000000
(1790640816.122051) vcan0 100#0213000000000000
(1790640816.122074) vcan0 300#FEF5000000000000
(1790640816.131496) vcan0 300#FEF7000000000000
(1790640816.142140) vcan0 100#0214000000000000
(1790640816.142163) vcan0 200#4200000000000000
(1790640816.142171) vcan0 300#FEFA000000000000
(1790640816.151835) vcan0 300#FEFD000000000000
(1790640816.161679) vcan0 100#0215000000000000
(1790640816.161702) vcan0 300#FF00000000000000
(1790640816.172551) vcan0 300#FF04000000000000
(1790640816.183075) vcan0 100#0216000000000000
(1790640816.183100) vcan0 300#FF07000000000000
(1790640816.191440) vcan0 200#4200000000000000
(1790640816.191506) vcan0 300#FF0A000000000000
(1790640816.201323) vcan0 100#0218000000000000
(1790640816.201350) vcan0 300#FF0D000000000000
(1790640816.212369) vcan0 300#FF11000000000000
(1790640816.221166) vcan0 100#0219000000000000
(1790640816.221189) vcan0 300#FF15000000000000
(1790640816.232647) vcan0 300#FF19000000000000
(1790640816.242282) vcan0 100#021A000000000000
(1790640816.242321) vcan0 200#4200000000000000
(1790640816.242337) vcan0 300#FF1D000000000000
(1790640816.251899) vcan0 300#FF20000000000000
(1790640816.262345) vcan0 100#021C000000000000
(1790640816.262393) vcan0 300#FF25000000000000
(1790640816.271408) vcan0 300#FF28000000000000
(1790640816.282449) vcan0 100#021D000000000000
(1790640816.282487) vcan0 300#FF2D000000000000
(1790640816.291560) vcan0 200#4200000000000000
(1790640816.291674) vcan0 300#FF31000000000000
(1790640816.301717) vcan0 100#021E000000000000
(1790640816.301834) vcan0 300#FF35000000000000
(1790640816.311155) vcan0 300#FF39000000000000
(1790640816.322641) vcan0 100#0220000000000000
(1790640816.322758) vcan0 300#FF3F000000000000
(1790640816.332944) vcan0 300#FF43000000000000
(1790640816.341651) vcan0 100#0221000000000000
(1790640816.341704) vcan0 200#4200000000000000
(1790640816.341729) vcan0 300#FF48000000000000
(1790640816.352078) vcan0 300#FF4D000000000000
(1790640816.361049) vcan0 100#0223000000000000
(1790640816.361141) vcan0 300#FF51000000000000
(1790640816.371397) vcan0 300#FF56000000000000
(1790640816.381216) vcan0 100#0224000000000000
(1790640816.381248) vcan0 300#FF5B000000000000
(1790640816.391234) vcan0 200#4200000000000000
(1790640816.391286) vcan0 300#FF60000000000000
(1790640816.402553) vcan0 100#0226000000000000
(1790640816.402606) vcan0 300#FF66000000000000
(1790640816.411243) vcan0 300#FF6A000000000000
(1790640816.421447) vcan0 100#0227000000000000
(1790640816.421466) vcan0 300#FF6F000000000000
(1790640816.431246) vcan0 300#FF75000000000000
(1790640816.441670) vcan0 100#0229000000000000
(1790640816.441690) vcan0 200#4200000000000000
(1790640816.441697) vcan0 300#FF7A000000000000
(1790640816.452717) vcan0 300#FF80000000000000
(1790640816.461040) vcan0 100#022A000000000000
(1790640816.461060) vcan0 300#FF85000000000000
(1790640816.472237) vcan0 300#FF8B000000000000
(1790640816.481204) vcan0 100#022C000000000000
(1790640816.481260) vcan0 300#FF90000000000000
(1790640816.491159) vcan0 200#4200000000000000
(1790640816.491252) vcan0 300#FF95000000000000
(1790640816.501062) vcan0 100#022E000000000000
(1790640816.501113) vcan0 300#FF9B000000000000
(1790640816.511399) vcan0 300#FFA1000000000000
(1790640816.522639) vcan0 100#0230000000000000
(1790640816.522739) vcan0 300#FFA7000000000000
(1790640816.531605) vcan0 300#FFAC000000000000
(1790640816.542206) vcan0 100#0231000000000000
(1790640816.542358) vcan0 200#4100000000000000
(1790640816.542384) vcan0 300#FFB2000000000000
(1790640816.542404) vcan0 400#0100000000000000
(1790640816.542420) vcan0 500#1A00000000000000
(1790640816.551701) vcan0 300#FFB8000000000000
(1790640816.561176) vcan0 100#0233000000000000
(1790640816.561262) vcan0 300#FFBE000000000000
(1790640816.572750) vcan0 300#FFC4000000000000
(1790640816.581999) vcan0 100#0235000000000000
(1790640816.582109) vcan0 300#FFCA000000000000
(1790640816.592100) vcan0 200#4100000000000000
(1790640816.592459) vcan0 300#FFD0000000000000
(1790640816.601187) vcan0 100#0236000000000000
(1790640816.601347) vcan0 300#FFD5000000000000
(1790640816.611800) vcan0 300#FFDB000000000000
(1790640816.622703) vcan0 100#0238000000000000
(1790640816.622869) vcan0 300#FFE2000000000000
(1790640816.631217) vcan0 300#FFE7000000000000
(1790640816.641985) vcan0 100#023A000000000000
(1790640816.642119) vcan0 200#4100000000000000
(1790640816.642135) vcan0 300#FFED000000000000
(1790640816.651708) vcan0 300#FFF3000000000000
(1790640816.661127) vcan0 100#023C000000000000
(1790640816.661213) vcan0 300#FFF9000000000000
(1790640816.671153) vcan0 300#FFFF000000000000
(1790640816.682684) vcan0 100#023E000000000000
(1790640816.682801) vcan0 300#0005000000000000
(1790640816.692898) vcan0 200#4100000000000000
(1790640816.693036) vcan0 300#000B000000000000
(1790640816.702397) vcan0 100#0240000000000000
(1790640816.702536) vcan0 300#0011000000000000
(1790640816.711598) vcan0 300#0016000000000000
(1790640816.722169) vcan0 100#0241000000000000
(1790640816.722342) vcan0 300#001C000000000000
(1790640816.731988) vcan0 300#0022000000000000
(1790640816.741923) vcan0 100#0243000000000000
(1790640816.742066) vcan0 200#4100000000000000
(1790640816.742080) vcan0 300#0028000000000000
(1790640816.752675) vcan0 300#002F000000000000
(1790640816.761918) vcan0 100#0245000000000000
(1790640816.762049) vcan0 300#0034000000000000
(1790640816.771245) vcan0 300#003A000000000000
(1790640816.782856) vcan0 100#0247000000000000
(1790640816.782977) vcan0 300#0040000000000000
(1790640816.792049) vcan0 200#4100000000000000
(1790640816.792371) vcan0 300#0046000000000000
(1790640816.802274) vcan0 100#0249000000000000
(1790640816.802411) vcan0 300#004C000000000000
(1790640816.811228) vcan0 300#0051000000000000
(1790640816.821998) vcan0 100#024B000000000000
(1790640816.822106) vcan0 300#0057000000000000
(1790640816.831835) vcan0 300#005D000000000000
(1790640816.841193) vcan0 100#024D000000000000
(1790640816.841324) vcan0 200#4100000000000000
(1790640816.841337) vcan0 300#0062000000000000
(1790640816.852889) vcan0 300#0069000000000000
(1790640816.861317) vcan0 100#024F000000000000
(1790640816.861398) vcan0 300#006D000000000000
(1790640816.875402) vcan0 300#0075000000000000
(1790640816.882075) vcan0 100#0251000000000000
(1790640816.882177) vcan0 300#0079000000000000
(1790640816.915386) vcan0 100#0255000000000000
(1790640816.915626) vcan0 200#4100000000000000
(1790640816.915658) vcan0 300#008B000000000000
(1790640816.917194) vcan0 300#008C000000000000
(1790640816.919655) vcan0 300#008D000000000000
(1790640816.921755) vcan0 100#0256000000000000
(1790640816.922046) vcan0 300#008E000000000000
(1790640816.938877) vcan0 300#0097000000000000
(1790640816.951560) vcan0 100#0259000000000000
(1790640816.951994) vcan0 200#4100000000000000
(1790640816.952108) vcan0 300#009E000000000000
(1790640816.953841) vcan0 300#009F000000000000
(1790640816.963925) vcan0 100#025A000000000000
(1790640816.964082) vcan0 300#00A4000000000000
(1790640816.972455) vcan0 300#00A8000000000000
(1790640816.981945) vcan0 100#025C000000000000
(1790640816.982250) vcan0 300#00AD000000000000
(1790640816.993240) vcan0 200#4100000000000000
(1790640816.993487) vcan0 300#00B2000000000000
(1790640817.061810) vcan0 100#0265000000000000
(1790640817.062059) vcan0 200#4100000000000000
(1790640817.062097) vcan0 300#00D2000000000000
(1790640817.062136) vcan0 400#0400000000000000
(1790640817.064656) vcan0 100#0265000000000000
(1790640817.064963) vcan0 300#00D3000000000000
(1790640817.067030) vcan0 100#0266000000000000
(1790640817.067232) vcan0 300#00D4000000000000
(1790640817.069302) vcan0 100#0266000000000000
(1790640817.069507) vcan0 300#00D5000000000000
(1790640817.070807) vcan0 300#00D5000000000000
(1790640817.072903) vcan0 300#00D6000000000000
(1790640817.074513) vcan0 300#00D7000000000000
(1790640817.076470) vcan0 300#00D8000000000000
(1790640817.081310) vcan0 100#0267000000000000
(1790640817.081419) vcan0 300#00DA000000000000
(1790640817.091515) vcan0 200#4100000000000000
(1790640817.091651) vcan0 300#00DE000000000000
(1790640817.102431) vcan0 100#026A000000000000
(1790640817.102490) vcan0 300#00E2000000000000
(1790640817.111646) vcan0 300#00E6000000000000
(1790640817.122634) vcan0 100#026C000000000000
(1790640817.122786) vcan0 300#00EA000000000000
(1790640817.131389) vcan0 300#00ED000000000000
(1790640817.143743) vcan0 100#026F000000000000
(1790640817.143952) vcan0 200#4100000000000000
(1790640817.143974) vcan0 300#00F2000000000000
(1790640817.152130) vcan0 300#00F5000000000000
(1790640817.162509) vcan0 100#0271000000000000
(1790640817.162729) vcan0 300#00F8000000000000
(1790640817.171228) vcan0 300#00FB000000000000
(1790640817.181079) vcan0 100#0273000000000000
(1790640817.181296) vcan0 300#00FE000000000000
(1790640817.191460) vcan0 200#4100000000000000
(1790640817.191698) vcan0 300#0102000000000000
(1790640817.212848) vcan0 100#0277000000000000
(1790640817.213063) vcan0 300#0108000000000000
(1790640817.214734) vcan0 300#0108000000000000
(1790640817.223213) vcan0 100#0278000000000000
(1790640817.223411) vcan0 300#010B000000000000
(1790640817.233697) vcan0 300#010E000000000000
(1790640817.241304) vcan0 100#027B000000000000
(1790640817.241575) vcan0 200#4100000000000000
(1790640817.241603) vcan0 300#010F000000000000
(1790640817.254441) vcan0 300#0113000000000000
(1790640817.271988) vcan0 100#027E000000000000
(1790640817.272144) vcan0 300#0117000000000000
(1790640817.273528) vcan0 300#0117000000000000
(1790640817.286031) vcan0 100#0280000000000000
(1790640817.286249) vcan0 300#011A000000000000
(1790640817.291969) vcan0 200#4100000000000000
(1790640817.292251) vcan0 300#011B000000000000
(1790640817.302461) vcan0 100#0282000000000000
(1790640817.302744) vcan0 300#011D000000000000
(1790640817.312024) vcan0 300#011F000000000000
(1790640817.324432) vcan0 100#0285000000000000
(1790640817.324646) vcan0 300#0121000000000000
(1790640817.332143) vcan0 300#0122000000000000
(1790640817.349162) vcan0 100#0288000000000000
(1790640817.349507) vcan0 200#4100000000000000
(1790640817.349543) vcan0 300#0124000000000000
(1790640817.352407) vcan0 300#0125000000000000
(1790640817.370280) vcan0 100#028B000000000000
(1790640817.371043) vcan0 300#0127000000000000
(1790640817.372810) vcan0 300#0127000000000000
(1790640817.382607) vcan0 100#028D000000000000
(1790640817.382829) vcan0 300#0128000000000000
(1790640817.396617) vcan0 200#4100000000000000
(1790640817.396900) vcan0 300#0129000000000000
(1790640817.401297) vcan0 100#028F000000000000
(1790640817.401657) vcan0 300#0129000000000000
(1790640817.412836) vcan0 300#012A000000000000
(1790640817.421942) vcan0 100#0292000000000000
(1790640817.422008) vcan0 300#012B000000000000
(1790640817.431153) vcan0 300#012B000000000000
(1790640817.441259) vcan0 100#0295000000000000
(1790640817.441355) vcan0 200#4100000000000000
(1790640817.441370) vcan0 300#012B000000000000
(1790640817.451139) vcan0 300#012B000000000000
(1790640817.461495) vcan0 100#0297000000000000
(1790640817.461595) vcan0 300#012B000000000000
(1790640817.472734) vcan0 300#012B000000000000
(1790640817.484362) vcan0 100#029A000000000000
(1790640817.484481) vcan0 300#012B000000000000
(1790640817.491262) vcan0 200#4100000000000000
(1790640817.491344) vcan0 300#012B000000000000
(1790640817.502116) vcan0 100#029D000000000000
(1790640817.502201) vcan0 300#012A000000000000
(1790640817.511854) vcan0 300#012A000000000000
(1790640817.521690) vcan0 100#02A0000000000000
(1790640817.521748) vcan0 300#0129000000000000
(1790640817.531355) vcan0 300#0128000000000000
(1790640817.541712) vcan0 100#02A2000000000000
(1790640817.541786) vcan0 200#4100000000000000
(1790640817.541799) vcan0 300#0127000000000000
(1790640817.541813) vcan0 400#0000000000000000
(1790640817.541822) vcan0 500#1B00000000000000
(1790640817.541831) vcan0 7DF#0201050000000000
(1790640817.551179) vcan0 300#0126000000000000
(1790640817.562283) vcan0 100#02A5000000000000
(1790640817.562342) vcan0 300#0125000000000000
(1790640817.571522) vcan0 300#0124000000000000
(1790640817.581447) vcan0 100#02A8000000000000
(1790640817.581623) vcan0 300#0123000000000000
(1790640817.592682) vcan0 200#4100000000000000
(1790640817.592867) vcan0 300#0121000000000000
(1790640817.602522) vcan0 100#02AB000000000000
(1790640817.602803) vcan0 300#011F000000000000
(1790640817.612117) vcan0 300#011E000000000000
(1790640817.621410) vcan0 100#02AE000000000000
(1790640817.621664) vcan0 300#011C000000000000
(1790640817.631634) vcan0 300#011A000000000000
(1790640817.642157) vcan0 100#02B1000000000000
(1790640817.642332) vcan0 200#4100000000000000
(1790640817.642363) vcan0 300#0118000000000000
(1790640817.652526) vcan0 300#0115000000000000
(1790640817.661564) vcan0 100#02B4000000000000
(1790640817.661709) vcan0 300#0113000000000000
(1790640817.673544) vcan0 300#0110000000000000
(1790640817.684381) vcan0 100#02B7000000000000
(1790640817.684598) vcan0 300#010E000000000000
(1790640817.691623) vcan0 200#4100000000000000
(1790640817.691858) vcan0 300#010C000000000000
(1790640817.702460) vcan0 100#02BA000000000000
(1790640817.702701) vcan0 300#0109000000000000
(1790640817.715933) vcan0 300#0105000000000000
(1790640817.795679) vcan0 100#02C8000000000000
(1790640817.796946) vcan0 200#4000000000000000
(1790640817.797941) vcan0 300#00EA000000000000
(1790640817.801117) vcan0 100#02C9000000000000
(1790640817.801159) vcan0 200#4000000000000000
(1790640817.801177) vcan0 300#00E8000000000000
(1790640817.803563) vcan0 100#02C9000000000000
(1790640817.803800) vcan0 300#00E7000000000000
(1790640817.805951) vcan0 100#02C9000000000000
(1790640817.806139) vcan0 300#00E6000000000000
(1790640817.807373) vcan0 100#02CA000000000000
(1790640817.807593) vcan0 300#00E6000000000000
(1790640817.809002) vcan0 300#00E5000000000000
(1790640817.810965) vcan0 300#00E4000000000000
(1790640817.812782) vcan0 300#00E4000000000000
(1790640817.814063) vcan0 300#00E3000000000000
(1790640817.816788) vcan0 300#00E2000000000000
(1790640817.821854) vcan0 100#02CC000000000000
(1790640817.822076) vcan0 300#00E0000000000000
(1790640817.832510) vcan0 300#00DC000000000000
(1790640817.842653) vcan0 100#02CF000000000000
(1790640817.842750) vcan0 200#4000000000000000
(1790640817.842764) vcan0 300#00D8000000000000
(1790640817.851776) vcan0 300#00D4000000000000
(1790640817.862100) vcan0 100#02D2000000000000
(1790640817.862238) vcan0 300#00CF000000000000
(1790640817.872617) vcan0 300#00CB000000000000
(1790640817.883343) vcan0 100#02D5000000000000
(1790640817.883485) vcan0 300#00C6000000000000
(1790640817.892406) vcan0 200#4000000000000000
(1790640817.892517) vcan0 300#00C2000000000000
(1790640817.902128) vcan0 100#02D8000000000000
(1790640817.902241) vcan0 300#00BD000000000000
(1790640817.911038) vcan0 300#00B9000000000000
(1790640817.921132) vcan0 100#02DC000000000000
(1790640817.921194) vcan0 300#00B4000000000000
(1790640817.931898) vcan0 300#00AF000000000000
(1790640817.942160) vcan0 100#02DF000000000000
(1790640817.942222) vcan0 200#4000000000000000
(1790640817.942230) vcan0 300#00AA000000000000
(1790640817.951232) vcan0 300#00A6000000000000
(1790640817.961276) vcan0 100#02E2000000000000
(1790640817.961376) vcan0 300#00A1000000000000
(1790640817.971281) vcan0 300#009B000000000000
(1790640817.982095) vcan0 100#02E5000000000000
(1790640817.982217) vcan0 300#0096000000000000
(1790640817.992025) vcan0 200#4000000000000000
(1790640817.992365) vcan0 300#0091000000000000
(1790640818.002693) vcan0 100#02E9000000000000
(1790640818.002803) vcan0 300#008B000000000000
(1790640818.012062) vcan0 300#0086000000000000
(1790640818.021467) vcan0 100#02EC000000000000
(1790640818.021599) vcan0 300#0081000000000000
(1790640818.031615) vcan0 300#007B000000000000
(1790640818.041397) vcan0 100#02EF000000000000
(1790640818.041580) vcan0 200#4000000000000000
(1790640818.041599) vcan0 300#0076000000000000
(1790640818.041620) vcan0 400#0400000000000000
(1790640818.052585) vcan0 300#0070000000000000
(1790640818.061973) vcan0 100#02F3000000000000
(1790640818.062115) vcan0 300#006B000000000000
(1790640818.071298) vcan0 300#0065000000000000
(1790640818.081659) vcan0 100#02F6000000000000
(1790640818.081818) vcan0 300#0060000000000000
(1790640818.091911) vcan0 200#4000000000000000
(1790640818.092396) vcan0 300#005A000000000000
(1790640818.101530) vcan0 100#02F9000000000000
(1790640818.101630) vcan0 300#0054000000000000
(1790640818.111954) vcan0 300#004E000000000000
(1790640818.121307) vcan0 100#02FD000000000000
(1790640818.121427) vcan0 300#0049000000000000
(1790640818.131622) vcan0 300#0043000000000000
(1790640818.142274) vcan0 100#0300000000000000
(1790640818.142400) vcan0 200#4000000000000000
(1790640818.142412) vcan0 300#003C000000000000
(1790640818.152560) vcan0 300#0036000000000000
(1790640818.162140) vcan0 100#0304000000000000
(1790640818.162278) vcan0 300#0031000000000000
(1790640818.171112) vcan0 300#002B000000000000
(1790640818.182333) vcan0 100#0307000000000000
(1790640818.182464) vcan0 300#0025000000000000
(1790640818.191418) vcan0 200#4000000000000000
(1790640818.191581) vcan0 300#001F000000000000
(1790640818.202677) vcan0 100#030B000000000000
(1790640818.202939) vcan0 300#0019000000000000
(1790640818.211274) vcan0 300#0013000000000000
(1790640818.222698) vcan0 100#030E000000000000
(1790640818.222841) vcan0 300#000D000000000000
(1790640818.231402) vcan0 300#0007000000000000
(1790640818.242462) vcan0 100#0312000000000000
(1790640818.242585) vcan0 200#4000000000000000
(1790640818.242597) vcan0 300#0001000000000000
(1790640818.251148) vcan0 300#FFFD000000000000
(1790640818.262531) vcan0 100#0315000000000000
(1790640818.262677) vcan0 300#FFF6000000000000
(1790640818.271247) vcan0 300#FFF1000000000000
(1790640818.282960) vcan0 100#0319000000000000
(1790640818.283096) vcan0 300#FFEA000000000000
(1790640818.292486) vcan0 200#4000000000000000
(1790640818.292581) vcan0 300#FFE4000000000000
(1790640818.302014) vcan0 100#031C000000000000
(1790640818.302097) vcan0 300#FFDE000000000000
(1790640818.312507) vcan0 300#FFD8000000000000
(1790640818.321993) vcan0 100#0320000000000000
(1790640818.322086) vcan0 300#FFD2000000000000
(1790640818.331738) vcan0 300#FFCC000000000000
(1790640818.341435) vcan0 100#0323000000000000
(1790640818.341536) vcan0 200#4000000000000000
(1790640818.341545) vcan0 300#FFC7000000000000
(1790640818.351775) vcan0 300#FFC1000000000000
(1790640818.362401) vcan0 100#0327000000000000
(1790640818.362513) vcan0 300#FFBA000000000000
(1790640818.371886) vcan0 300#FFB5000000000000
(1790640818.381956) vcan0 100#032B000000000000
(1790640818.382065) vcan0 300#FFAF000000000000
(1790640818.391879) vcan0 200#4000000000000000
(1790640818.392005) vcan0 300#FFA9000000000000
(1790640818.401714) vcan0 100#032E000000000000
(1790640818.401835) vcan0 300#FFA4000000000000
(1790640818.412462) vcan0 300#FF9E000000000000
(1790640818.422703) vcan0 100#0332000000000000
(1790640818.422818) vcan0 300#FF98000000000000
(1790640818.431809) vcan0 300#FF93000000000000
(1790640818.442602) vcan0 100#0336000000000000
(1790640818.442707) vcan0 200#4000000000000000
(1790640818.442722) vcan0 300#FF8D000000000000
(1790640818.452992) vcan0 300#FF87000000000000
(1790640818.461346) vcan0 100#0339000000000000
(1790640818.461417) vcan0 300#FF83000000000000
(1790640818.471554) vcan0 300#FF7D000000000000
(1790640818.481034) vcan0 100#033D000000000000
(1790640818.481145) vcan0 300#FF78000000000000
(1790640818.491811) vcan0 200#4000000000000000
(1790640818.491899) vcan0 300#FF72000000000000
(1790640818.502418) vcan0 100#0341000000000000
(1790640818.502499) vcan0 300#FF6D000000000000
(1790640818.512183) vcan0 300#FF67000000000000
(1790640818.522621) vcan0 100#0345000000000000
(1790640818.522699) vcan0 300#FF62000000000000
(1790640818.531451) vcan0 300#FF5E000000000000
(1790640818.541628) vcan0 100#0348000000000000
(1790640818.541729) vcan0 200#4000000000000000
(1790640818.541741) vcan0 300#FF59000000000000
(1790640818.541755) vcan0 400#0000000000000000
(1790640818.541763) vcan0 500#1C00000000000000
(1790640818.552352) vcan0 300#FF53000000000000
(1790640818.562464) vcan0 100#034C000000000000
(1790640818.562580) vcan0 300#FF4E000000000000
(1790640818.571288) vcan0 300#FF4A000000000000
(1790640818.581427) vcan0 100#0350000000000000
(1790640818.581552) vcan0 300#FF45000000000000
(1790640818.591196) vcan0 200#4000000000000000
(1790640818.591311) vcan0 300#FF41000000000000
(1790640818.603243) vcan0 100#0354000000000000
(1790640818.603441) vcan0 300#FF3B000000000000
(1790640818.612263) vcan0 300#FF37000000000000
(1790640818.622292) vcan0 100#0358000000000000
(1790640818.622552) vcan0 300#FF33000000000000
(1790640818.632030) vcan0 300#FF2F000000000000
(1790640818.642702) vcan0 100#035C000000000000
(1790640818.642890) vcan0 200#4000000000000000
(1790640818.642908) vcan0 300#FF2A000000000000
(1790640818.651462) vcan0 300#FF26000000000000
(1790640818.662397) vcan0 100#0360000000000000
(1790640818.662553) vcan0 300#FF22000000000000
(1790640818.671081) vcan0 300#FF1F000000000000
(1790640818.681173) vcan0 100#0363000000000000
(1790640818.681317) vcan0 300#FF1B000000000000
(1790640818.691422) vcan0 200#4000000000000000
(1790640818.691706) vcan0 300#FF17000000000000
(1790640818.702197) vcan0 100#0368000000000000
(1790640818.702319) vcan0 300#FF13000000000000
(1790640818.711556) vcan0 300#FF0F000000000000
(1790640818.721831) vcan0 100#036C000000000000
(1790640818.721922) vcan0 300#FF0C000000000000
(1790640818.732831) vcan0 300#FF08000000000000
(1790640818.741152) vcan0 100#036F000000000000
(1790640818.741246) vcan0 200#4000000000000000
(1790640818.741256) vcan0 300#FF05000000000000
(1790640818.751437) vcan0 300#FF02000000000000
(1790640818.762614) vcan0 100#0374000000000000
(1790640818.762759) vcan0 300#FEFE000000000000
(1790640818.771737) vcan0 300#FEFC000000000000
(1790640818.783211) vcan0 100#0378000000000000
(1790640818.783290) vcan0 300#FEF8000000000000
(1790640818.792876) vcan0 200#4000000000000000
(1790640818.792965) vcan0 300#FEF6000000000000
(1790640818.805745) vcan0 100#037C000000000000
(1790640818.805970) vcan0 300#FEF2000000000000
(1790640818.811162) vcan0 300#FEF1000000000000
(1790640818.822010) vcan0 100#0380000000000000
(1790640818.822265) vcan0 300#FEEE000000000000
(1790640818.833741) vcan0 300#FEEB000000000000
(1790640818.841481) vcan0 100#0384000000000000
(1790640818.841702) vcan0 200#4000000000000000
(1790640818.841724) vcan0 300#FEEA000000000000
(1790640818.877891) vcan0 100#038B000000000000
(1790640818.879440) vcan0 300#FEE2000000000000
(1790640818.881606) vcan0 100#038C000000000000
(1790640818.882201) vcan0 300#FEE2000000000000
(1790640818.885438) vcan0 300#FEE1000000000000
(1790640818.887180) vcan0 300#FEE1000000000000
(1790640818.893494) vcan0 200#3F00000000000000
(1790640818.893765) vcan0 300#FEE0000000000000
(1790640818.901196) vcan0 100#0390000000000000
(1790640818.901460) vcan0 300#FEDE000000000000
(1790640818.911782) vcan0 300#FEDD000000000000
(1790640818.921208) vcan0 100#0394000000000000
(1790640818.921391) vcan0 300#FEDC000000000000
(1790640818.932473) vcan0 300#FEDA000000000000
(1790640818.942476) vcan0 100#0398000000000000
(1790640818.942702) vcan0 200#3F00000000000000
(1790640818.942722) vcan0 300#FED9000000000000
(1790640818.958103) vcan0 300#FED8000000000000
(1790640818.962191) vcan0 100#039D000000000000
(1790640818.962403) vcan0 300#FED7000000000000
(1790640818.975405) vcan0 300#FED6000000000000
(1790640818.982180) vcan0 100#03A1000000000000
(1790640818.982434) vcan0 300#FED6000000000000
(1790640818.991583) vcan0 200#3F00000000000000
(1790640818.991811) vcan0 300#FED5000000000000
(1790640819.010611) vcan0 100#03A7000000000000
(1790640819.010974) vcan0 300#FED5000000000000
(1790640819.012657) vcan0 300#FED5000000000000
(1790640819.021222) vcan0 100#03A9000000000000
(1790640819.021498) vcan0 300#FED5000000000000
(1790640819.031836) vcan0 300#FED5000000000000
(1790640819.041944) vcan0 100#03AD000000000000
(1790640819.042089) vcan0 200#3F00000000000000
(1790640819.042110) vcan0 300#FED5000000000000
(1790640819.042132) vcan0 400#0000000000000000
(1790640819.052681) vcan0 300#FED5000000000000
(1790640819.062058) vcan0 100#03B2000000000000
(1790640819.062232) vcan0 300#FED5000000000000
(1790640819.074165) vcan0 300#FED6000000000000
(1790640819.082122) vcan0 100#03B6000000000000
(1790640819.082279) vcan0 300#FED6000000000000
(1790640819.092106) vcan0 200#3F00000000000000
(1790640819.093274) vcan0 300#FED7000000000000
(1790640819.102040) vcan0 100#03BA000000000000
(1790640819.102222) vcan0 300#FED8000000000000
(1790640819.111207) vcan0 300#FED8000000000000
(1790640819.122057) vcan0 100#03BF000000000000
(1790640819.122275) vcan0 300#FEDA000000000000
(1790640819.132529) vcan0 300#FEDB000000000000
(1790640819.141411) vcan0 100#03C3000000000000
(1790640819.141694) vcan0 200#3F00000000000000
(1790640819.141766) vcan0 300#FEDC000000000000
(1790640819.151178) vcan0 300#FEDD000000000000
(1790640819.161217) vcan0 100#03C7000000000000
(1790640819.161381) vcan0 300#FEDF000000000000
(1790640819.172801) vcan0 300#FEE1000000000000
(1790640819.181232) vcan0 100#03CB000000000000
(1790640819.181594) vcan0 300#FEE2000000000000
(1790640819.191177) vcan0 200#3F00000000000000
(1790640819.191384) vcan0 300#FEE4000000000000
(1790640819.202896) vcan0 100#03D0000000000000
(1790640819.202955) vcan0 300#FEE6000000000000
(1790640819.211943) vcan0 300#FEE8000000000000
(1790640819.227593) vcan0 100#03D6000000000000
(1790640819.227693) vcan0 300#FEEC000000000000
(1790640819.232079) vcan0 300#FEED000000000000
(1790640819.242090) vcan0 100#03D9000000000000
(1790640819.242215) vcan0 200#3F00000000000000
(1790640819.242229) vcan0 300#FEEF000000000000
(1790640819.252577) vcan0 300#FEF2000000000000
(1790640819.261312) vcan0 100#03DD000000000000
(1790640819.261455) vcan0 300#FEF4000000000000
(1790640819.272976) vcan0 300#FEF7000000000000
(1790640819.282258) vcan0 100#03E2000000000000
(1790640819.282515) vcan0 300#FEFA000000000000
(1790640819.293794) vcan0 200#3F00000000000000
(1790640819.294108) vcan0 300#FEFD000000000000
(1790640819.302189) vcan0 100#03E6000000000000
(1790640819.302380) vcan0 300#FF00000000000000
(1790640819.311612) vcan0 300#FF03000000000000
(1790640819.321754) vcan0 100#03EB000000000000
(1790640819.321962) vcan0 300#FF06000000000000
(1790640819.333430) vcan0 300#FF0A000000000000
(1790640819.341334) vcan0 100#03EF000000000000
(1790640819.341439) vcan0 200#3F00000000000000
(1790640819.341453) vcan0 300#FF0D000000000000
(1790640819.357243) vcan0 300#FF12000000000000
(1790640819.361957) vcan0 100#03F4000000000000
(1790640819.362127) vcan0 300#FF14000000000000
(1790640819.378670) vcan0 300#FF1B000000000000
(1790640819.387745) vcan0 100#03F9000000000000
(1790640819.388452) vcan0 300#FF1E000000000000
(1790640819.391721) vcan0 200#3F00000000000000
(1790640819.391917) vcan0 300#FF20000000000000
(1790640819.402200) vcan0 100#03FD000000000000
(1790640819.402611) vcan0 300#FF24000000000000
(1790640819.413550) vcan0 300#FF29000000000000
(1790640819.421905) vcan0 100#0401000000000000
(1790640819.422134) vcan0 300#FF2C000000000000
(1790640819.530174) vcan0 100#041A000000000000
(1790640819.531223) vcan0 200#3F00000000000000
(1790640819.532029) vcan0 300#FF5E000000000000
(1790640819.533895) vcan0 100#041B000000000000
(1790640819.533932) vcan0 200#3F00000000000000
(1790640819.533951) vcan0 300#FF60000000000000
(1790640819.535339) vcan0 100#041B000000000000
(1790640819.535513) vcan0 300#FF61000000000000
(1790640819.536738) vcan0 100#041C000000000000
(1790640819.536916) vcan0 300#FF62000000000000
(1790640819.538441) vcan0 100#041C000000000000
(1790640819.538608) vcan0 300#FF63000000000000
(1790640819.540660) vcan0 300#FF64000000000000
(1790640819.541900) vcan0 100#041D000000000000
(1790640819.542023) vcan0 200#3F00000000000000
(1790640819.542041) vcan0 300#FF64000000000000
(1790640819.542062) vcan0 400#0000000000000000
(1790640819.542076) vcan0 500#1D00000000000000
(1790640819.542090) vcan0 7DF#02010D0000000000
(1790640819.543671) vcan0 300#FF65000000000000
(1790640819.545568) vcan0 300#FF66000000000000
(1790640819.547484) vcan0 300#FF67000000000000
(1790640819.549078) vcan0 300#FF68000000000000
(1790640819.550792) vcan0 300#FF69000000000000
(1790640819.552763) vcan0 300#FF6A000000000000
(1790640819.562143) vcan0 100#0422000000000000
(1790640819.562268) vcan0 300#FF6F000000000000
(1790640819.577196) vcan0 300#FF77000000000000
(1790640819.581147) vcan0 100#0426000000000000
(1790640819.581244) vcan0 300#FF79000000000000
(1790640819.591744) vcan0 200#3F00000000000000
(1790640819.591896) vcan0 300#FF7F000000000000
(1790640819.608278) vcan0 100#042C000000000000
(1790640819.608379) vcan0 300#FF88000000000000
(1790640819.611438) vcan0 300#FF89000000000000
(1790640819.629748) vcan0 100#0431000000000000
(1790640819.630011) vcan0 300#FF94000000000000
(1790640819.631858) vcan0 300#FF95000000000000
(1790640819.673689) vcan0 100#043C000000000000
(1790640819.673767) vcan0 200#3F00000000000000
(1790640819.673799) vcan0 300#FFAD000000000000
(1790640819.675161) vcan0 100#043C000000000000
(1790640819.675419) vcan0 300#FFAD000000000000
(1790640819.677047) vcan0 300#FFAF000000000000
(1790640819.678626) vcan0 300#FFAF000000000000
(1790640819.736684) vcan0 100#044A000000000000
(1790640819.744171) vcan0 200#3F00000000000000
(1790640819.745098) vcan0 300#FFD1000000000000
(1790640819.747548) vcan0 100#044D000000000000
(1790640819.747921) vcan0 200#3F00000000000000
(1790640819.748018) vcan0 300#FFD8000000000000
(1790640819.750020) vcan0 100#044E000000000000
(1790640819.750380) vcan0 300#FFD9000000000000
(1790640819.752105) vcan0 100#044F000000000000
(1790640819.752765) vcan0 300#FFDB000000000000
(1790640819.754577) vcan0 300#FFDC000000000000
(1790640819.758069) vcan0 300#FFDE000000000000
(1790640819.760443) vcan0 300#FFDF000000000000
(1790640819.763038) vcan0 100#0451000000000000
(1790640819.763991) vcan0 300#FFE1000000000000
(1790640819.765588) vcan0 300#FFE3000000000000
(1790640819.771501) vcan0 300#FFE6000000000000
(1790640819.781705) vcan0 100#0456000000000000
(1790640819.781809) vcan0 300#FFEC000000000000
(1790640819.791714) vcan0 200#3F00000000000000
(1790640819.791864) vcan0 300#FFF2000000000000
(1790640819.803322) vcan0 100#045B000000000000
(1790640819.803527) vcan0 300#FFF9000000000000
(1790640819.811397) vcan0 300#FFFE000000000000
(1790640819.822225) vcan0 100#045F000000000000
(1790640819.822289) vcan0 300#0004000000000000
(1790640819.831412) vcan0 300#0009000000000000
(1790640819.841517) vcan0 100#0464000000000000
(1790640819.841587) vcan0 200#3F00000000000000
(1790640819.841597) vcan0 300#000F000000000000
(1790640819.851216) vcan0 300#0015000000000000
(1790640819.861614) vcan0 100#0469000000000000
(1790640819.861679) vcan0 300#001B000000000000
(1790640819.872019) vcan0 300#0021000000000000
(1790640819.881215) vcan0 100#046E000000000000
(1790640819.881283) vcan0 300#0027000000000000
(1790640819.891387) vcan0 200#3F00000000000000
(1790640819.891465) vcan0 300#002D000000000000
(1790640819.903344) vcan0 100#0473000000000000
(1790640819.903488) vcan0 300#0034000000000000
(1790640819.911575) vcan0 300#0039000000000000
(1790640819.921675) vcan0 100#0478000000000000
(1790640819.921797) vcan0 300#003F000000000000
(1790640819.932249) vcan0 300#0045000000000000
(1790640819.941222) vcan0 100#047D000000000000
(1790640819.941315) vcan0 200#3E00000000000000
(1790640819.941329) vcan0 300#004A000000000000
(1790640819.952960) vcan0 300#0051000000000000
(1790640819.962492) vcan0 100#0482000000000000
(1790640819.962809) vcan0 300#0056000000000000
(1790640819.972957) vcan0 300#005D000000000000
(1790640819.982741) vcan0 100#0487000000000000
(1790640819.982829) vcan0 300#0062000000000000
(1790640819.992314) vcan0 200#3E00000000000000
(1790640819.992417) vcan0 300#0067000000000000
(1790640820.003841) vcan0 100#048C000000000000
(1790640820.003976) vcan0 300#006E000000000000
(1790640820.011302) vcan0 300#0072000000000000
(1790640820.023687) vcan0 100#0491000000000000
(1790640820.023832) vcan0 300#0079000000000000
(1790640820.032183) vcan0 300#007E000000000000
(1790640820.041117) vcan0 100#0495000000000000
(1790640820.041207) vcan0 200#3E00000000000000
(1790640820.041218) vcan0 300#0082000000000000
(1790640820.041232) vcan0 400#0200000000000000
(1790640820.051172) vcan0 300#0088000000000000
(1790640820.061581) vcan0 100#049B000000000000
(1790640820.061721) vcan0 300#008D000000000000
(1790640820.071156) vcan0 300#0092000000000000
(1790640820.089094) vcan0 100#04A2000000000000
(1790640820.089295) vcan0 300#009C000000000000
(1790640820.093057) vcan0 200#3E00000000000000
(1790640820.093369) vcan0 300#009E000000000000
(1790640820.101521) vcan0 100#04A5000000000000
(1790640820.101744) vcan0 300#00A2000000000000
(1790640820.111337) vcan0 300#00A7000000000000
(1790640820.121945) vcan0 100#04AA000000000000
(1790640820.122049) vcan0 300#00AC000000000000
(1790640820.131691) vcan0 300#00B1000000000000
(1790640820.141443) vcan0 100#04AF000000000000
(1790640820.141592) vcan0 200#3E00000000000000
(1790640820.141613) vcan0 300#00B6000000000000
(1790640820.151540) vcan0 300#00BA000000000000
(1790640820.161332) vcan0 100#04B4000000000000
(1790640820.161526) vcan0 300#00BF000000000000
(1790640820.172539) vcan0 300#00C4000000000000
(1790640820.184674) vcan0 100#04BA000000000000
(1790640820.184776) vcan0 300#00C9000000000000
(1790640820.192827) vcan0 200#3E00000000000000
(1790640820.192952) vcan0 300#00CD000000000000
(1790640820.201700) vcan0 100#04BE000000000000
(1790640820.201820) vcan0 300#00D1000000000000
(1790640820.224303) vcan0 100#04C4000000000000
(1790640820.224599) vcan0 300#00DA000000000000
(1790640820.241306) vcan0 100#04C8000000000000
(1790640820.241696) vcan0 200#3E00000000000000
(1790640820.241765) vcan0 300#00E1000000000000
(1790640820.244286) vcan0 300#00E2000000000000
(1790640820.254381) vcan0 300#00E6000000000000
(1790640820.256053) vcan0 300#00E7000000000000
(1790640820.277041) vcan0 100#04D1000000000000
(1790640820.277187) vcan0 300#00EF000000000000
(1790640820.279443) vcan0 300#00F0000000000000
(1790640820.282420) vcan0 100#04D3000000000000
(1790640820.282623) vcan0 300#00F1000000000000
(1790640820.301938) vcan0 100#04D8000000000000
(1790640820.302248) vcan0 200#3E00000000000000
(1790640820.302309) vcan0 300#00F7000000000000
(1790640820.304585) vcan0 300#00F8000000000000
(1790640820.312295) vcan0 300#00FB000000000000
(1790640820.331679) vcan0 100#04E0000000000000
(1790640820.332067) vcan0 300#0101000000000000
(1790640820.341775) vcan0 100#04E2000000000000
(1790640820.342090) vcan0 200#3E00000000000000
(1790640820.342150) vcan0 300#0104000000000000
(1790640820.343690) vcan0 300#0105000000000000
(1790640820.353088) vcan0 300#0107000000000000
(1790640820.362245) vcan0 100#04E8000000000000
(1790640820.362403) vcan0 300#010A000000000000
(1790640820.372538) vcan0 300#010D000000000000
(1790640820.382360) vcan0 100#04ED000000000000
(1790640820.382614) vcan0 300#010F000000000000
(1790640820.393366) vcan0 200#3E00000000000000
(1790640820.393523) vcan0 300#0112000000000000
(1790640820.409489) vcan0 100#04F4000000000000
(1790640820.409858) vcan0 300#0116000000000000
(1790640820.412950) vcan0 300#0117000000000000
(1790640820.429813) vcan0 100#04F9000000000000
(1790640820.430128) vcan0 300#011A000000000000
(1790640820.432704) vcan0 300#011B000000000000
(1790640820.441687) vcan0 100#04FC000000000000
(1790640820.441780) vcan0 200#3E00000000000000
(1790640820.441811) vcan0 300#011C000000000000
(1790640820.452174) vcan0 300#011E000000000000
(1790640820.461560) vcan0 100#0502000000000000
(1790640820.461807) vcan0 300#0120000000000000
(1790640820.474501) vcan0 300#0122000000000000
(1790640820.483980) vcan0 100#0507000000000000
(1790640820.484124) vcan0 300#0123000000000000
(1790640820.491882) vcan0 200#3E00000000000000
(1790640820.492104) vcan0 300#0124000000000000
(1790640820.504415) vcan0 100#050D000000000000
(1790640820.504736) vcan0 300#0126000000000000
(1790640820.512290) vcan0 300#0127000000000000
(1790640820.531914) vcan0 100#0514000000000000
(1790640820.531986) vcan0 300#0129000000000000
(1790640820.533939) vcan0 300#0129000000000000
(1790640820.541431) vcan0 100#0517000000000000
(1790640820.541624) vcan0 200#3E00000000000000
(1790640820.541650) vcan0 300#0129000000000000
(1790640820.541680) vcan0 400#0200000000000000
(1790640820.541699) vcan0 500#1E00000000000000
(1790640820.557294) vcan0 300#012A000000000000
(1790640820.561879) vcan0 100#051C000000000000
(1790640820.562065) vcan0 300#012B000000000000
(1790640820.571277) vcan0 300#012B000000000000
(1790640820.589303) vcan0 100#0523000000000000
(1790640820.589606) vcan0 300#012B000000000000
(1790640820.593162) vcan0 200#3E00000000000000
(1790640820.593442) vcan0 300#012B000000000000
(1790640820.602549) vcan0 100#0527000000000000
(1790640820.602778) vcan0 300#012B000000000000
(1790640820.611596) vcan0 300#012B000000000000
(1790640820.623632) vcan0 100#052D000000000000
(1790640820.623839) vcan0 300#012B000000000000
(1790640820.632229) vcan0 300#012B000000000000
(1790640820.641846) vcan0 100#0532000000000000
(1790640820.642012) vcan0 200#3E00000000000000
(1790640820.642035) vcan0 300#012A000000000000
(1790640820.652634) vcan0 300#012A000000000000
(1790640820.662342) vcan0 100#0537000000000000
(1790640820.662601) vcan0 300#0129000000000000
(1790640820.675967) vcan0 300#0128000000000000
(1790640820.681454) vcan0 100#053C000000000000
(1790640820.681608) vcan0 300#0128000000000000
(1790640820.697196) vcan0 200#3E00000000000000
(1790640820.697481) vcan0 300#0126000000000000
(1790640820.702080) vcan0 100#0542000000000000
(1790640820.702295) vcan0 300#0125000000000000
(1790640820.805293) vcan0 100#055E000000000000
(1790640820.805626) vcan0 200#3E00000000000000
(1790640820.805681) vcan0 300#0113000000000000
(1790640820.807462) vcan0 100#055E000000000000
(1790640820.807702) vcan0 200#3E00000000000000
(1790640820.807748) vcan0 300#0112000000000000
(1790640820.809815) vcan0 100#055F000000000000
(1790640820.810032) vcan0 300#0112000000000000
(1790640820.812184) vcan0 100#0560000000000000
(1790640820.812389) vcan0 300#0111000000000000
(1790640820.816215) vcan0 100#0561000000000000
(1790640820.816536) vcan0 300#0110000000000000
(1790640820.818861) vcan0 300#010F000000000000
(1790640820.820611) vcan0 300#010F000000000000
(1790640820.822978) vcan0 100#0563000000000000
(1790640820.823142) vcan0 300#010E000000000000
(1790640820.824732) vcan0 300#010E000000000000
(1790640820.826906) vcan0 300#010D000000000000
(1790640820.828228) vcan0 300#010D000000000000
(1790640820.831072) vcan0 300#010C000000000000
(1790640820.833652) vcan0 300#010C000000000000
(1790640820.841509) vcan0 100#0568000000000000
(1790640820.841608) vcan0 200#3E00000000000000
(1790640820.841621) vcan0 300#0109000000000000
(1790640820.855743) vcan0 300#0105000000000000
(1790640820.865735) vcan0 100#056E000000000000
(1790640820.865969) vcan0 300#0102000000000000
(1790640820.872117) vcan0 300#0100000000000000
(1790640820.881024) vcan0 100#0572000000000000
(1790640820.881184) vcan0 300#00FE000000000000
(1790640820.891972) vcan0 200#3E00000000000000
(1790640820.892055) vcan0 300#00FA000000000000
(1790640820.905604) vcan0 100#0579000000000000
(1790640820.905761) vcan0 300#00F5000000000000
(1790640820.913046) vcan0 300#00F3000000000000
(1790640820.922019) vcan0 100#057E000000000000
(1790640820.922278) vcan0 300#00F0000000000000
(1790640820.931655) vcan0 300#00EC000000000000
(1790640820.941320) vcan0 100#0583000000000000
(1790640820.941495) vcan0 200#3E00000000000000
(1790640820.941522) vcan0 300#00E9000000000000
(1790640820.952203) vcan0 300#00E4000000000000
(1790640820.961705) vcan0 100#0589000000000000
(1790640820.961936) vcan0 300#00E1000000000000
(1790640820.974086) vcan0 300#00DC000000000000
(1790640820.983019) vcan0 100#058F000000000000
(1790640820.983187) vcan0 300#00D8000000000000
(1790640820.992802) vcan0 200#3D00000000000000
(1790640820.993096) vcan0 300#00D4000000000000
(1790640821.015879) vcan0 100#0598000000000000
(1790640821.016025) vcan0 300#00CA000000000000
(1790640821.019237) vcan0 300#00C8000000000000
(1790640821.022057) vcan0 100#0599000000000000
(1790640821.022234) vcan0 300#00C7000000000000
(1790640821.032168) vcan0 300#00C3000000000000
(1790640821.044857) vcan0 100#05A0000000000000
(1790640821.045084) vcan0 200#3D00000000000000
(1790640821.045120) vcan0 300#00BD000000000000
(1790640821.045154) vcan0 400#0000000000000000
(1790640821.052075) vcan0 300#00B9000000000000
(1790640821.061248) vcan0 100#05A4000000000000
(1790640821.061422) vcan0 300#00B5000000000000
(1790640821.071990) vcan0 300#00B0000000000000
(1790640821.089223) vcan0 100#05AC000000000000
(1790640821.089453) vcan0 300#00A7000000000000
(1790640821.093083) vcan0 200#3D00000000000000
(1790640821.093119) vcan0 300#00A5000000000000
(1790640821.101351) vcan0 100#05B0000000000000
(1790640821.101546) vcan0 300#00A1000000000000
(1790640821.111659) vcan0 300#009C000000000000
(1790640821.124204) vcan0 100#05B6000000000000
(1790640821.124348) vcan0 300#0096000000000000
(1790640821.131755) vcan0 300#0092000000000000
(1790640821.142445) vcan0 100#05BB000000000000
(1790640821.142582) vcan0 200#3D00000000000000
(1790640821.142600) vcan0 300#008C000000000000
(1790640821.151972) vcan0 300#0087000000000000
(1790640821.161578) vcan0 100#05C0000000000000
(1790640821.161799) vcan0 300#0082000000000000
(1790640821.173388) vcan0 300#007B000000000000
(1790640821.183091) vcan0 100#05C6000000000000
(1790640821.183295) vcan0 300#0076000000000000
(1790640821.193251) vcan0 200#3D00000000000000
(1790640821.193347) vcan0 300#0070000000000000
(1790640821.207854) vcan0 100#05CD000000000000
(1790640821.207993) vcan0 300#0068000000000000
(1790640821.212693) vcan0 300#0066000000000000
(1790640821.230636) vcan0 100#05D4000000000000
(1790640821.230709) vcan0 300#005B000000000000
(1790640821.232223) vcan0 300#005A000000000000
(1790640821.242564) vcan0 100#05D7000000000000
(1790640821.242739) vcan0 200#3D00000000000000
(1790640821.242765) vcan0 300#0054000000000000
(1790640821.261171) vcan0 100#05DC000000000000
(1790640821.261390) vcan0 300#004A000000000000
(1790640821.263088) vcan0 300#0049000000000000
(1790640821.274694) vcan0 300#0042000000000000
(1790640821.284121) vcan0 100#05E3000000000000
(1790640821.284291) vcan0 300#003C000000000000
(1790640821.291555) vcan0 200#3D00000000000000
(1790640821.291880) vcan0 300#0038000000000000
(1790640821.317349) vcan0 100#05EC000000000000
(1790640821.317419) vcan0 300#0029000000000000
(1790640821.319132) vcan0 300#0028000000000000
(1790640821.321955) vcan0 100#05EE000000000000
(1790640821.322176) vcan0 300#0026000000000000
(1790640821.332222) vcan0 300#0020000000000000
(1790640821.349492) vcan0 100#05F6000000000000
(1790640821.349715) vcan0 200#3D00000000000000
(1790640821.349749) vcan0 300#0015000000000000
(1790640821.351435) vcan0 300#0014000000000000
(1790640821.378257) vcan0 100#05FE000000000000
(1790640821.378924) vcan0 300#0004000000000000
(1790640821.381807) vcan0 100#05FF000000000000
(1790640821.381925) vcan0 300#0002000000000000
(1790640821.384649) vcan0 300#0000000000000000
(1790640821.391842) vcan0 200#3D00000000000000
(1790640821.392115) vcan0 300#FFFD000000000000
(1790640821.401694) vcan0 100#0604000000000000
(1790640821.401904) vcan0 300#FFF7000000000000
(1790640821.411123) vcan0 300#FFF2000000000000
(1790640821.421183) vcan0 100#060A000000000000
(1790640821.421365) vcan0 300#FFEC000000000000
(1790640821.432691) vcan0 300#FFE5000000000000
(1790640821.442220) vcan0 100#0610000000000000
(1790640821.442351) vcan0 200#3D00000000000000
(1790640821.442387) vcan0 300#FFDF000000000000
(1790640821.451935) vcan0 300#FFD9000000000000
(1790640821.471141) vcan0 100#0618000000000000
(1790640821.471367) vcan0 300#FFCE000000000000
(1790640821.480393) vcan0 300#FFC8000000000000
(1790640821.481828) vcan0 100#061B000000000000
(1790640821.481866) vcan0 300#FFC7000000000000
(1790640821.491638) vcan0 200#3D00000000000000
(1790640821.491700) vcan0 300#FFC2000000000000
(1790640821.504613) vcan0 100#0622000000000000
(1790640821.504696) vcan0 300#FFBA000000000000
(1790640821.512510) vcan0 300#FFB6000000000000
(1790640821.525824) vcan0 100#0628000000000000
(1790640821.525893) vcan0 300#FFAE000000000000
(1790640821.542878) vcan0 100#062D000000000000
(1790640821.543038) vcan0 200#3D00000000000000
(1790640821.543098) vcan0 300#FFA4000000000000
(1790640821.543160) vcan0 400#0000000000000000
(1790640821.543212) vcan0 500#1F00000000000000
(1790640821.543262) vcan0 7DF#02010C0000000000
(1790640821.557328) vcan0 300#FF9C000000000000
(1790640821.559540) vcan0 300#FF9B000000000000
(1790640821.566889) vcan0 100#0634000000000000
(1790640821.566964) vcan0 300#FF96000000000000
(1790640821.571863) vcan0 300#FF94000000000000
(1790640821.587682) vcan0 100#063A000000000000
(1790640821.587824) vcan0 300#FF8B000000000000
(1790640821.594832) vcan0 200#3D00000000000000
(1790640821.594901) vcan0 300#FF87000000000000
(1790640821.601734) vcan0 100#063E000000000000
(1790640821.601857) vcan0 300#FF83000000000000
(1790640821.615758) vcan0 300#FF7C000000000000
(1790640821.627864) vcan0 100#0645000000000000
(1790640821.628005) vcan0 300#FF75000000000000
(1790640821.639052) vcan0 300#FF6F000000000000
(1790640821.642060) vcan0 100#064A000000000000
(1790640821.642157) vcan0 200#3D00000000000000
(1790640821.642193) vcan0 300#FF6E000000000000
(1790640821.652558) vcan0 300#FF68000000000000
(1790640821.661101) vcan0 100#064F000000000000
(1790640821.661151) vcan0 300#FF64000000000000
(1790640821.673623) vcan0 300#FF5D000000000000
(1790640821.682712) vcan0 100#0655000000000000
(1790640821.682832) vcan0 300#FF59000000000000
(1790640821.694893) vcan0 200#3D00000000000000
(1790640821.695050) vcan0 300#FF53000000000000
(1790640821.706301) vcan0 100#065C000000000000
(1790640821.706439) vcan0 300#FF4D000000000000
(1790640821.713117) vcan0 300#FF4A000000000000
(1790640821.737512) vcan0 100#0665000000000000
(1790640821.737756) vcan0 300#FF3F000000000000
(1790640821.739615) vcan0 300#FF3E000000000000
(1790640821.741111) vcan0 100#0666000000000000
(1790640821.741288) vcan0 200#3D00000000000000
(1790640821.741319) vcan0 300#FF3D000000000000
(1790640821.769373) vcan0 100#066F000000000000
(1790640821.769582) vcan0 300#FF30000000000000
(1790640821.772045) vcan0 300#FF2F000000000000
(1790640821.780869) vcan0 300#FF2C000000000000
(1790640821.782443) vcan0 100#0672000000000000
(1790640821.782559) vcan0 300#FF2B000000000000
(1790640821.801747) vcan0 100#0678000000000000
(1790640821.801889) vcan0 200#3D00000000000000
(1790640821.801943) vcan0 300#FF23000000000000
(1790640821.803648) vcan0 300#FF22000000000000
(1790640821.815767) vcan0 300#FF1D000000000000
(1790640821.825058) vcan0 100#067F000000000000
(1790640821.825124) vcan0 300#FF1A000000000000
(1790640821.832003) vcan0 300#FF17000000000000
(1790640821.843977) vcan0 100#0684000000000000
(1790640821.844044) vcan0 200#3D00000000000000
(1790640821.844084) vcan0 300#FF13000000000000
(1790640821.851958) vcan0 300#FF10000000000000
(1790640821.874713) vcan0 100#068D000000000000
(1790640821.874790) vcan0 300#FF08000000000000
(1790640821.876496) vcan0 300#FF07000000000000
(1790640821.885723) vcan0 100#0691000000000000
(1790640821.885913) vcan0 300#FF04000000000000
(1790640821.892371) vcan0 200#3D00000000000000
(1790640821.892529) vcan0 300#FF02000000000000
(1790640821.903132) vcan0 100#0696000000000000
(1790640821.903327) vcan0 300#FEFF000000000000
(1790640821.912664) vcan0 300#FEFC000000000000
(1790640821.922598) vcan0 100#069B000000000000
(1790640821.922645) vcan0 300#FEF9000000000000
(1790640821.936833) vcan0 300#FEF5000000000000
(1790640821.947256) vcan0 100#06A3000000000000
(1790640821.947321) vcan0 200#3D00000000000000
(1790640821.947358) vcan0 300#FEF2000000000000
(1790640821.953793) vcan0 300#FEF1000000000000
(1790640821.962298) vcan0 100#06A7000000000000
(1790640821.962349) vcan0 300#FEEE000000000000
(1790640821.975739) vcan0 300#FEEB000000000000
(1790640821.985472) vcan0 100#06AE000000000000
(1790640821.985519) vcan0 300#FEE9000000000000
(1790640821.991568) vcan0 200#3C00000000000000
(1790640821.991700) vcan0 300#FEE8000000000000
(1790640822.012920) vcan0 100#06B6000000000000
(1790640822.013120) vcan0 300#FEE3000000000000
(1790640822.014622) vcan0 300#FEE3000000000000
(1790640822.021444) vcan0 100#06B8000000000000
(1790640822.021640) vcan0 300#FEE2000000000000
(1790640822.040277) vcan0 300#FEDF000000000000
(1790640822.044192) vcan0 100#06BF000000000000
(1790640822.044674) vcan0 200#3C00000000000000
(1790640822.044704) vcan0 300#FEDE000000000000
(1790640822.045000) vcan0 400#0000000000000000
(1790640822.051272) vcan0 300#FEDD000000000000
(1790640822.063034) vcan0 100#06C5000000000000
(1790640822.063232) vcan0 300#FEDC000000000000
(1790640822.073100) vcan0 300#FEDA000000000000
(1790640822.081284) vcan0 100#06CA000000000000
(1790640822.081467) vcan0 300#FED9000000000000
(1790640822.095246) vcan0 200#3C00000000000000
(1790640822.095748) vcan0 300#FED8000000000000
(1790640822.101218) vcan0 100#06D0000000000000
(1790640822.101344) vcan0 300#FED7000000000000
(1790640822.111648) vcan0 300#FED7000000000000
(1790640822.121593) vcan0 100#06D6000000000000
(1790640822.121700) vcan0 300#FED6000000000000
(1790640822.132414) vcan0 300#FED5000000000000
(1790640822.142436) vcan0 100#06DC000000000000
(1790640822.142588) vcan0 200#3C00000000000000
(1790640822.142611) vcan0 300#FED5000000000000
(1790640822.152577) vcan0 300#FED5000000000000
(1790640822.164558) vcan0 100#06E3000000000000
(1790640822.164734) vcan0 300#FED5000000000000
(1790640822.171470) vcan0 300#FED5000000000000
(1790640822.181968) vcan0 100#06E8000000000000
(1790640822.182164) vcan0 300#FED5000000000000
(1790640822.192181) vcan0 200#3C00000000000000
(1790640822.192394) vcan0 300#FED5000000000000
(1790640822.208048) vcan0 100#06F0000000000000
(1790640822.208109) vcan0 300#FED5000000000000
(1790640822.211152) vcan0 300#FED5000000000000
(1790640822.233147) vcan0 100#06F7000000000000
(1790640822.233189) vcan0 300#FED7000000000000
(1790640822.234936) vcan0 300#FED7000000000000
(1790640822.242527) vcan0 100#06FA000000000000
(1790640822.242710) vcan0 200#3C00000000000000
(1790640822.242735) vcan0 300#FED8000000000000
(1790640822.251374) vcan0 300#FED8000000000000
(1790640822.261937) vcan0 100#0700000000000000
(1790640822.262070) vcan0 300#FED9000000000000
(1790640822.304976) vcan0 100#070C000000000000
(1790640822.305178) vcan0 200#3C00000000000000
(1790640822.305209) vcan0 300#FEDF000000000000
(1790640822.308277) vcan0 100#070D000000000000
(1790640822.308467) vcan0 300#FEE0000000000000
(1790640822.310020) vcan0 300#FEE0000000000000
(1790640822.312995) vcan0 300#FEE0000000000000
(1790640822.314531) vcan0 300#FEE1000000000000
(1790640822.321410) vcan0 100#0711000000000000
(1790640822.321570) vcan0 300#FEE2000000000000
(1790640822.333665) vcan0 300#FEE4000000000000
(1790640822.345616) vcan0 100#0719000000000000
(1790640822.345846) vcan0 200#3C00000000000000
(1790640822.345882) vcan0 300#FEE6000000000000
(1790640822.352955) vcan0 300#FEE8000000000000
(1790640822.364191) vcan0 100#071E000000000000
(1790640822.364343) vcan0 300#FEEA000000000000
(1790640822.383684) vcan0 100#0724000000000000
(1790640822.383741) vcan0 300#FEEF000000000000
(1790640822.385721) vcan0 300#FEF0000000000000
(1790640822.392791) vcan0 200#3C00000000000000
(1790640822.392834) vcan0 300#FEF1000000000000
(1790640822.407633) vcan0 100#072B000000000000
(1790640822.407889) vcan0 300#FEF5000000000000
(1790640822.413137) vcan0 300#FEF7000000000000
(1790640822.427862) vcan0 100#0731000000000000
(1790640822.428064) vcan0 300#FEFB000000000000
(1790640822.432090) vcan0 300#FEFC000000000000
(1790640822.452912) vcan0 100#0739000000000000
(1790640822.453113) vcan0 200#3C00000000000000
(1790640822.453151) vcan0 300#FF03000000000000
(1790640822.456945) vcan0 300#FF04000000000000
(1790640822.462927) vcan0 100#073C000000000000
(1790640822.463081) vcan0 300#FF06000000000000
(1790640822.481891) vcan0 100#0741000000000000
(1790640822.482136) vcan0 300#FF0C000000000000
(1790640822.483637) vcan0 300#FF0D000000000000
(1790640822.493319) vcan0 200#3C00000000000000
(1790640822.493512) vcan0 300#FF10000000000000
(1790640822.516747) vcan0 100#074C000000000000
(1790640822.516991) vcan0 300#FF19000000000000
(1790640822.519278) vcan0 300#FF1A000000000000
(1790640822.531363) vcan0 100#0750000000000000
(1790640822.531584) vcan0 300#FF1F000000000000
(1790640822.540205) vcan0 300#FF22000000000000
(1790640822.548000) vcan0 100#0755000000000000
(1790640822.548230) vcan0 200#3C00000000000000
(1790640822.548266) vcan0 300#FF26000000000000
(1790640822.548308) vcan0 400#0200000000000000
(1790640822.548333) vcan0 500#2000000000000000
(1790640822.555342) vcan0 300#FF29000000000000
(1790640822.562672) vcan0 100#0759000000000000
(1790640822.562864) vcan0 300#FF2C000000000000
(1790640822.571853) vcan0 300#FF30000000000000
(1790640822.587203) vcan0 100#0761000000000000
(1790640822.587411) vcan0 300#FF36000000000000
(1790640822.593192) vcan0 200#3C00000000000000
(1790640822.593236) vcan0 300#FF39000000000000
(1790640822.605870) vcan0 100#0766000000000000
(1790640822.605910) vcan0 300#FF3F000000000000
(1790640822.611949) vcan0 300#FF42000000000000
(1790640822.621363) vcan0 100#076B000000000000
(1790640822.621524) vcan0 300#FF46000000000000
(1790640822.638231) vcan0 300#FF4E000000000000
(1790640822.642404) vcan0 100#0771000000000000
(1790640822.642566) vcan0 200#3C00000000000000
(1790640822.642592) vcan0 300#FF50000000000000
(1790640822.684098) vcan0 100#077E000000000000
(1790640822.684163) vcan0 300#FF65000000000000
(1790640822.698732) vcan0 100#0782000000000000
(1790640822.698960) vcan0 200#3C00000000000000
(1790640822.699007) vcan0 300#FF6C000000000000
(1790640822.701028) vcan0 300#FF6D000000000000
(1790640822.702852) vcan0 100#0783000000000000
(1790640822.703014) vcan0 300#FF6F000000000000
(1790640822.704751) vcan0 300#FF70000000000000
(1790640822.707052) vcan0 300#FF71000000000000
(1790640822.711577) vcan0 300#FF73000000000000
(1790640822.721395) vcan0 100#0789000000000000
(1790640822.721511) vcan0 300#FF78000000000000
(1790640822.732373) vcan0 300#FF7E000000000000
(1790640822.747219) vcan0 100#0791000000000000
(1790640822.747453) vcan0 200#3C00000000000000
(1790640822.747489) vcan0 300#FF86000000000000
(1790640822.753386) vcan0 300#FF8A000000000000
(1790640822.762369) vcan0 100#0795000000000000
(1790640822.762524) vcan0 300#FF8F000000000000
(1790640822.783337) vcan0 100#079B000000000000
(1790640822.783579) vcan0 300#FF9A000000000000
(1790640822.795484) vcan0 200#3C00000000000000
(1790640822.795757) vcan0 300#FFA1000000000000
(1790640822.806039) vcan0 100#07A2000000000000
(1790640822.806280) vcan0 300#FFA7000000000000
(1790640822.807973) vcan0 300#FFA8000000000000
(1790640822.813029) vcan0 300#FFAB000000000000
(1790640822.823498) vcan0 100#07A7000000000000
(1790640822.823558) vcan0 300#FFB1000000000000
(1790640822.832980) vcan0 300#FFB7000000000000
(1790640822.842429) vcan0 100#07AD000000000000
(1790640822.842639) vcan0 200#3C00000000000000
(1790640822.842671) vcan0 300#FFBC000000000000
(1790640822.851370) vcan0 300#FFC2000000000000
(1790640822.868222) vcan0 100#07B5000000000000
(1790640822.868471) vcan0 300#FFCB000000000000
(1790640822.878893) vcan0 300#FFD2000000000000
(1790640822.881101) vcan0 100#07B9000000000000
(1790640822.881307) vcan0 300#FFD3000000000000
(1790640822.892992) vcan0 200#3C00000000000000
(1790640822.893212) vcan0 300#FFDA000000000000
(1790640822.911592) vcan0 100#07C2000000000000
(1790640822.911935) vcan0 300#FFE5000000000000
(1790640822.913666) vcan0 300#FFE7000000000000
(1790640822.925053) vcan0 100#07C6000000000000
(1790640822.925252) vcan0 300#FFED000000000000
(1790640822.934030) vcan0 300#FFF3000000000000
(1790640822.963204) vcan0 100#07D1000000000000
(1790640822.963442) vcan0 200#3B00000000000000
(1790640822.963475) vcan0 300#0003000000000000
(1790640822.965047) vcan0 100#07D2000000000000
(1790640822.965096) vcan0 300#0004000000000000
(1790640822.967171) vcan0 300#0006000000000000
(1790640822.972902) vcan0 300#0009000000000000
(1790640822.981281) vcan0 100#07D7000000000000
(1790640822.981529) vcan0 300#000E000000000000
(1790640822.994254) vcan0 200#3B00000000000000
(1790640822.994413) vcan0 300#0016000000000000
(1790640823.009197) vcan0 100#07DF000000000000
(1790640823.009414) vcan0 300#001F000000000000
(1790640823.011434) vcan0 300#0020000000000000
(1790640823.021277) vcan0 100#07E3000000000000
(1790640823.021311) vcan0 300#0026000000000000
(1790640823.096152) vcan0 100#07F9000000000000
(1790640823.096220) vcan0 200#3B00000000000000
(1790640823.096252) vcan0 300#0052000000000000
(1790640823.096290) vcan0 400#0000000000000000
(1790640823.104448) vcan0 100#07FC000000000000
(1790640823.104664) vcan0 200#3B00000000000000
(1790640823.104694) vcan0 300#0057000000000000
(1790640823.111335) vcan0 100#07FE000000000000
(1790640823.111519) vcan0 300#005B000000000000
(1790640823.117729) vcan0 100#0800000000000000
(1790640823.117921) vcan0 300#005E000000000000
(1790640823.119268) vcan0 300#005F000000000000
(1790640823.122232) vcan0 100#0801000000000000
(1790640823.122371) vcan0 300#0061000000000000
(1790640823.124264) vcan0 300#0062000000000000
(1790640823.126726) vcan0 300#0063000000000000
(1790640823.128341) vcan0 300#0064000000000000
(1790640823.130278) vcan0 300#0065000000000000
(1790640823.131987) vcan0 300#0066000000000000
(1790640823.142262) vcan0 100#0807000000000000
(1790640823.142346) vcan0 200#3B00000000000000
(1790640823.142359) vcan0 300#006C000000000000
(1790640823.151206) vcan0 300#0071000000000000
(1790640823.163920) vcan0 100#080E000000000000
(1790640823.164072) vcan0 300#0078000000000000
(1790640823.171120) vcan0 300#007C000000000000
(1790640823.181857) vcan0 100#0813000000000000
(1790640823.182026) vcan0 300#0082000000000000
(1790640823.191389) vcan0 200#3B00000000000000
(1790640823.191553) vcan0 300#0087000000000000
(1790640823.201488) vcan0 100#0819000000000000
(1790640823.201636) vcan0 300#008C000000000000
(1790640823.213522) vcan0 300#0093000000000000
(1790640823.224107) vcan0 100#0820000000000000
(1790640823.224267) vcan0 300#0098000000000000
(1790640823.232654) vcan0 300#009D000000000000
(1790640823.242031) vcan0 100#0825000000000000
(1790640823.242179) vcan0 200#3B00000000000000
(1790640823.242201) vcan0 300#00A1000000000000
(1790640823.255233) vcan0 300#00A8000000000000
(1790640823.261295) vcan0 100#082B000000000000
(1790640823.261479) vcan0 300#00AB000000000000
(1790640823.271359) vcan0 300#00B0000000000000
(1790640823.283392) vcan0 100#0831000000000000
(1790640823.283519) vcan0 300#00B6000000000000
(1790640823.291380) vcan0 200#3B00000000000000
(1790640823.291499) vcan0 300#00BA000000000000
(1790640823.301662) vcan0 100#0837000000000000
(1790640823.301844) vcan0 300#00BE000000000000
(1790640823.311370) vcan0 300#00C3000000000000
(1790640823.321415) vcan0 100#083D000000000000
(1790640823.321501) vcan0 300#00C7000000000000
(1790640823.331550) vcan0 300#00CC000000000000
(1790640823.342612) vcan0 100#0843000000000000
(1790640823.342697) vcan0 200#3B00000000000000
(1790640823.342712) vcan0 300#00D1000000000000
(1790640823.351712) vcan0 300#00D4000000000000
(1790640823.361654) vcan0 100#0849000000000000
(1790640823.361733) vcan0 300#00D9000000000000
(1790640823.371067) vcan0 300#00DD000000000000
(1790640823.381970) vcan0 100#084F000000000000
(1790640823.382051) vcan0 300#00E1000000000000
(1790640823.392999) vcan0 200#3B00000000000000
(1790640823.393061) vcan0 300#00E5000000000000
(1790640823.401260) vcan0 100#0855000000000000
(1790640823.401332) vcan0 300#00E8000000000000
(1790640823.411716) vcan0 300#00EC000000000000
(1790640823.421665) vcan0 100#085B000000000000
(1790640823.421741) vcan0 300#00F0000000000000
(1790640823.431287) vcan0 300#00F3000000000000
(1790640823.443421) vcan0 100#0861000000000000
(1790640823.443501) vcan0 200#3B00000000000000
(1790640823.443511) vcan0 300#00F7000000000000
(1790640823.451625) vcan0 300#00FA000000000000
(1790640823.462131) vcan0 100#0867000000000000
(1790640823.462215) vcan0 300#00FE000000000000
(1790640823.471268) vcan0 300#0100000000000000
(1790640823.482027) vcan0 100#086D000000000000
(1790640823.482104) vcan0 300#0104000000000000
(1790640823.491833) vcan0 200#3B00000000000000
(1790640823.491904) vcan0 300#0107000000000000
(1790640823.502501) vcan0 100#0873000000000000
(1790640823.502572) vcan0 300#010A000000000000
(1790640823.511278) vcan0 300#010C000000000000
(1790640823.521389) vcan0 100#0878000000000000
(1790640823.521461) vcan0 300#010F000000000000
(1790640823.532354) vcan0 300#0111000000000000
(1790640823.541587) vcan0 100#087E000000000000
(1790640823.541659) vcan0 200#3B00000000000000
(1790640823.541668) vcan0 300#0114000000000000
(1790640823.541679) vcan0 400#0100000000000000
(1790640823.541685) vcan0 500#2100000000000000
(1790640823.541691) vcan0 7DF#02010C0000000000
(1790640823.552052) vcan0 300#0116000000000000
(1790640823.561504) vcan0 100#0884000000000000
(1790640823.561583) vcan0 300#0118000000000000
(1790640823.571215) vcan0 300#011A000000000000
(1790640823.581106) vcan0 100#088A000000000000
(1790640823.581184) vcan0 300#011C000000000000
(1790640823.592466) vcan0 200#3B00000000000000
(1790640823.592543) vcan0 300#011E000000000000
(1790640823.601084) vcan0 100#0890000000000000
(1790640823.601209) vcan0 300#0120000000000000
(1790640823.611888) vcan0 300#0121000000000000
(1790640823.621741) vcan0 100#0896000000000000
(1790640823.621829) vcan0 300#0123000000000000
(1790640823.631040) vcan0 300#0124000000000000
(1790640823.641757) vcan0 100#089C000000000000
(1790640823.641832) vcan0 200#3B00000000000000
(1790640823.641841) vcan0 300#0125000000000000
(1790640823.651487) vcan0 300#0127000000000000
(1790640823.661251) vcan0 100#08A2000000000000
(1790640823.661330) vcan0 300#0128000000000000
(1790640823.671766) vcan0 300#0129000000000000
(1790640823.681441) vcan0 100#08A8000000000000
(1790640823.681526) vcan0 300#0129000000000000
(1790640823.691441) vcan0 200#3B00000000000000
(1790640823.691509) vcan0 300#012A000000000000
(1790640823.701437) vcan0 100#08AE000000000000
(1790640823.701509) vcan0 300#012A000000000000
(1790640823.711508) vcan0 300#012B000000000000
(1790640823.722189) vcan0 100#08B4000000000000
(1790640823.722265) vcan0 300#012B000000000000
(1790640823.731591) vcan0 300#012B000000000000
(1790640823.742476) vcan0 100#08BA000000000000
(1790640823.742551) vcan0 200#3B00000000000000
(1790640823.742561) vcan0 300#012B000000000000
(1790640823.751322) vcan0 300#012B000000000000
(1790640823.761440) vcan0 100#08C0000000000000
(1790640823.761505) vcan0 300#012B000000000000
(1790640823.771249) vcan0 300#012B000000000000
(1790640823.782084) vcan0 100#08C6000000000000
(1790640823.782154) vcan0 300#012B000000000000
(1790640823.791286) vcan0 200#3B00000000000000
(1790640823.791353) vcan0 300#012A000000000000
(1790640823.801651) vcan0 100#08CC000000000000
(1790640823.801714) vcan0 300#0129000000000000
(1790640823.811209) vcan0 300#0129000000000000
(1790640823.821322) vcan0 100#08D2000000000000
(1790640823.821391) vcan0 300#0128000000000000
(1790640823.832455) vcan0 300#0127000000000000
(1790640823.841448) vcan0 100#08D7000000000000
(1790640823.841512) vcan0 200#3B00000000000000
(1790640823.841520) vcan0 300#0126000000000000
(1790640823.851469) vcan0 300#0124000000000000
(1790640823.861674) vcan0 100#08DD000000000000
(1790640823.861740) vcan0 300#0123000000000000
(1790640823.871493) vcan0 300#0122000000000000
(1790640823.882161) vcan0 100#08E3000000000000
(1790640823.882238) vcan0 300#0120000000000000
(1790640823.891581) vcan0 200#3B00000000000000
(1790640823.891647) vcan0 300#011E000000000000
(1790640823.901852) vcan0 100#08E9000000000000
(1790640823.901920) vcan0 300#011C000000000000
(1790640823.911814) vcan0 300#011A000000000000
(1790640823.922066) vcan0 100#08EF000000000000
(1790640823.922125) vcan0 300#0118000000000000
(1790640823.931907) vcan0 300#0116000000000000
(1790640823.942487) vcan0 100#08F5000000000000
(1790640823.942548) vcan0 200#3B00000000000000
(1790640823.942556) vcan0 300#0114000000000000
(1790640823.951444) vcan0 300#0112000000000000
(1790640823.961562) vcan0 100#08FB000000000000
(1790640823.961641) vcan0 300#010F000000000000
(1790640823.971886) vcan0 300#010C000000000000
(1790640823.981608) vcan0 100#0901000000000000
(1790640823.981708) vcan0 300#010A000000000000
(1790640823.991758) vcan0 200#3A00000000000000
(1790640823.991827) vcan0 300#0107000000000000
(1790640824.001702) vcan0 100#0907000000000000
(1790640824.001769) vcan0 300#0104000000000000
(1790640824.011570) vcan0 300#0101000000000000
(1790640824.022673) vcan0 100#090D000000000000
(1790640824.022735) vcan0 300#00FE000000000000
(1790640824.033338) vcan0 300#00FA000000000000
(1790640824.042576) vcan0 100#0913000000000000
(1790640824.042643) vcan0 200#3A00000000000000
(1790640824.042651) vcan0 300#00F7000000000000
(1790640824.042661) vcan0 400#0200000000000000
(1790640824.051741) vcan0 300#00F4000000000000
(1790640824.061985) vcan0 100#0918000000000000
(1790640824.062051) vcan0 300#00F0000000000000
(1790640824.071956) vcan0 300#00ED000000000000
(1790640824.081843) vcan0 100#091E000000000000
(1790640824.081910) vcan0 300#00E9000000000000
(1790640824.091701) vcan0 200#3A00000000000000
(1790640824.091774) vcan0 300#00E5000000000000
(1790640824.101709) vcan0 100#0924000000000000
(1790640824.101779) vcan0 300#00E1000000000000
(1790640824.111831) vcan0 300#00DD000000000000
(1790640824.122815) vcan0 100#092A000000000000
(1790640824.122882) vcan0 300#00D9000000000000
(1790640824.133241) vcan0 300#00D4000000000000
(1790640824.141224) vcan0 100#092F000000000000
(1790640824.141291) vcan0 200#3A00000000000000
(1790640824.141302) vcan0 300#00D1000000000000
(1790640824.153116) vcan0 300#00CC000000000000
(1790640824.161668) vcan0 100#0935000000000000
(1790640824.161738) vcan0 300#00C8000000000000
(1790640824.172110) vcan0 300#00C3000000000000
(1790640824.182002) vcan0 100#093B000000000000
(1790640824.182074) vcan0 300#00BF000000000000
(1790640824.191599) vcan0 200#3A00000000000000
(1790640824.191675) vcan0 300#00BA000000000000
(1790640824.201957) vcan0 100#0941000000000000
(1790640824.202035) vcan0 300#00B5000000000000
(1790640824.212087) vcan0 300#00B1000000000000
(1790640824.221821) vcan0 100#0947000000000000
(1790640824.221902) vcan0 300#00AC000000000000
(1790640824.232053) vcan0 300#00A7000000000000
(1790640824.241931) vcan0 100#094D000000000000
(1790640824.242017) vcan0 200#3A00000000000000
(1790640824.242025) vcan0 300#00A2000000000000
(1790640824.251618) vcan0 300#009D000000000000
(1790640824.262183) vcan0 100#0953000000000000
(1790640824.262252) vcan0 300#0097000000000000
(1790640824.271655) vcan0 300#0093000000000000
(1790640824.281811) vcan0 100#0958000000000000
(1790640824.281888) vcan0 300#008D000000000000
(1790640824.291630) vcan0 200#3A00000000000000
(1790640824.291740) vcan0 300#0088000000000000
(1790640824.301476) vcan0 100#095E000000000000
(1790640824.301630) vcan0 300#0083000000000000
(1790640824.311993) vcan0 300#007D000000000000
(1790640824.322003) vcan0 100#0964000000000000
(1790640824.322117) vcan0 300#0078000000000000
(1790640824.331547) vcan0 300#0072000000000000
(1790640824.341817) vcan0 100#096A000000000000
(1790640824.341957) vcan0 200#3A00000000000000
(1790640824.341977) vcan0 300#006D000000000000
(1790640824.351457) vcan0 300#0067000000000000
(1790640824.361887) vcan0 100#096F000000000000
(1790640824.361963) vcan0 300#0061000000000000
(1790640824.371809) vcan0 300#005C000000000000
(1790640824.381749) vcan0 100#0975000000000000
(1790640824.381832) vcan0 300#0056000000000000
(1790640824.392429) vcan0 200#3A00000000000000
(1790640824.392497) vcan0 300#0050000000000000
(1790640824.402836) vcan0 100#097B000000000000
(1790640824.402930) vcan0 300#004A000000000000
(1790640824.412035) vcan0 300#0044000000000000
(1790640824.421545) vcan0 100#0981000000000000
(1790640824.421621) vcan0 300#003F000000000000
(1790640824.432026) vcan0 300#0039000000000000
(1790640824.442230) vcan0 100#0987000000000000
(1790640824.442302) vcan0 200#3A00000000000000
(1790640824.442313) vcan0 300#0033000000000000
(1790640824.452446) vcan0 300#002D000000000000
(1790640824.462697) vcan0 100#098C000000000000
(1790640824.462784) vcan0 300#0026000000000000
(1790640824.471911) vcan0 300#0021000000000000
(1790640824.481792) vcan0 100#0992000000000000
(1790640824.481879) vcan0 300#001B000000000000
(1790640824.491707) vcan0 200#3A00000000000000
(1790640824.491792) vcan0 300#0015000000000000
(1790640824.501737) vcan0 100#0998000000000000
(1790640824.501821) vcan0 300#000F000000000000
(1790640824.511670) vcan0 300#0009000000000000
(1790640824.522080) vcan0 100#099D000000000000
(1790640824.522160) vcan0 300#0003000000000000
(1790640824.532042) vcan0 300#FFFE000000000000
(1790640824.541994) vcan0 100#09A3000000000000
(1790640824.542078) vcan0 200#3A00000000000000
(1790640824.542089) vcan0 300#FFF8000000000000
(1790640824.542102) vcan0 400#0000000000000000
(1790640824.542109) vcan0 500#2200000000000000
(1790640824.551267) vcan0 300#FFF2000000000000
(1790640824.562221) vcan0 100#09A9000000000000
(1790640824.562300) vcan0 300#FFEC000000000000
(1790640824.571956) vcan0 300#FFE6000000000000
(1790640824.582047) vcan0 100#09AE000000000000
(1790640824.582146) vcan0 300#FFE0000000000000
(1790640824.591814) vcan0 200#3A00000000000000
(1790640824.591884) vcan0 300#FFDA000000000000
(1790640824.601962) vcan0 100#09B4000000000000
(1790640824.602051) vcan0 300#FFD4000000000000
(1790640824.612124) vcan0 300#FFCE000000000000
(1790640824.621293) vcan0 100#09BA000000000000
(1790640824.621363) vcan0 300#FFC9000000000000
(1790640824.631863) vcan0 300#FFC2000000000000
(1790640824.642197) vcan0 100#09C0000000000000
(1790640824.642314) vcan0 200#3A00000000000000
(1790640824.642330) vcan0 300#FFBC000000000000
(1790640824.651985) vcan0 300#FFB7000000000000
(1790640824.661804) vcan0 100#09C5000000000000
(1790640824.661914) vcan0 300#FFB1000000000000
(1790640824.672117) vcan0 300#FFAB000000000000
(1790640824.682045) vcan0 100#09CB000000000000
(1790640824.682138) vcan0 300#FFA5000000000000
(1790640824.691821) vcan0 200#3A00000000000000
(1790640824.691915) vcan0 300#FFA0000000000000
(1790640824.701994) vcan0 100#09D0000000000000
(1790640824.702084) vcan0 300#FF9A000000000000
(1790640824.711923) vcan0 300#FF94000000000000
(1790640824.721859) vcan0 100#09D6000000000000
(1790640824.721948) vcan0 300#FF8F000000000000
(1790640824.732446) vcan0 300#FF89000000000000
(1790640824.741838) vcan0 100#09DC000000000000
(1790640824.741927) vcan0 200#3A00000000000000
(1790640824.741938) vcan0 300#FF84000000000000
(1790640824.752441) vcan0 300#FF7E000000000000
(1790640824.761838) vcan0 100#09E1000000000000
(1790640824.761921) vcan0 300#FF79000000000000
(1790640824.772041) vcan0 300#FF74000000000000
(1790640824.782726) vcan0 100#09E7000000000000
(1790640824.782819) vcan0 300#FF6E000000000000
(1790640824.791862) vcan0 200#3A00000000000000
(1790640824.791956) vcan0 300#FF69000000000000
(1790640824.802015) vcan0 100#09ED000000000000
(1790640824.802109) vcan0 300#FF64000000000000
(1790640824.811908) vcan0 300#FF5F000000000000
(1790640824.822166) vcan0 100#09F2000000000000
(1790640824.822263) vcan0 300#FF5A000000000000
(1790640824.832154) vcan0 300#FF55000000000000
(1790640824.841143) vcan0 100#09F7000000000000
(1790640824.841209) vcan0 200#3A00000000000000
(1790640824.841218) vcan0 300#FF51000000000000
(1790640824.851634) vcan0 300#FF4B000000000000
(1790640824.862017) vcan0 100#09FD000000000000
(1790640824.862090) vcan0 300#FF47000000000000
(1790640824.871833) vcan0 300#FF42000000000000
(1790640824.881348) vcan0 100#0A03000000000000
(1790640824.881456) vcan0 300#FF3E000000000000
(1790640824.893900) vcan0 200#3A00000000000000
(1790640824.894044) vcan0 300#FF38000000000000
(1790640824.901897) vcan0 100#0A08000000000000
(1790640824.902054) vcan0 300#FF34000000000000
(1790640824.912125) vcan0 300#FF30000000000000
(1790640824.922273) vcan0 100#0A0E000000000000
(1790640824.922435) vcan0 300#FF2C000000000000
(1790640824.932737) vcan0 300#FF27000000000000
(1790640824.942226) vcan0 100#0A14000000000000
(1790640824.942476) vcan0 200#3A00000000000000
(1790640824.942505) vcan0 300#FF23000000000000
(1790640824.953174) vcan0 300#FF1F000000000000
(1790640824.961907) vcan0 100#0A19000000000000
(1790640824.962038) vcan0 300#FF1C000000000000
(1790640824.972239) vcan0 300#FF18000000000000
(1790640824.982260) vcan0 100#0A1F000000000000
(1790640824.982373) vcan0 300#FF14000000000000
(1790640824.992544) vcan0 200#3900000000000000
(1790640824.992645) vcan0 300#FF10000000000000
(1790640825.003033) vcan0 100#0A24000000000000
(1790640825.003148) vcan0 300#FF0C000000000000
(1790640825.012540) vcan0 300#FF09000000000000
(1790640825.022116) vcan0 100#0A2A000000000000
(1790640825.022207) vcan0 300#FF06000000000000
(1790640825.031824) vcan0 300#FF03000000000000
(1790640825.042197) vcan0 100#0A2F000000000000
(1790640825.042300) vcan0 200#3900000000000000
(1790640825.042314) vcan0 300#FEFF000000000000
(1790640825.042329) vcan0 400#0400000000000000
(1790640825.052546) vcan0 300#FEFC000000000000
(1790640825.062154) vcan0 100#0A35000000000000
(1790640825.062277) vcan0 300#FEFA000000000000
(1790640825.072665) vcan0 300#FEF7000000000000
(1790640825.082084) vcan0 100#0A3A000000000000
(1790640825.082236) vcan0 300#FEF4000000000000
(1790640825.092123) vcan0 200#3900000000000000
(1790640825.092467) vcan0 300#FEF1000000000000
(1790640825.102162) vcan0 100#0A3F000000000000
(1790640825.102295) vcan0 300#FEEF000000000000
(1790640825.112224) vcan0 300#FEEC000000000000
(1790640825.121664) vcan0 100#0A45000000000000
(1790640825.121859) vcan0 300#FEEA000000000000
(1790640825.132086) vcan0 300#FEE8000000000000
(1790640825.142187) vcan0 100#0A4A000000000000
(1790640825.142311) vcan0 200#3900000000000000
(1790640825.142330) vcan0 300#FEE6000000000000
(1790640825.151723) vcan0 300#FEE4000000000000
(1790640825.161413) vcan0 100#0A50000000000000
(1790640825.161593) vcan0 300#FEE2000000000000
(1790640825.171189) vcan0 300#FEE1000000000000
(1790640825.182203) vcan0 100#0A55000000000000
(1790640825.182303) vcan0 300#FEDF000000000000
(1790640825.191281) vcan0 200#3900000000000000
(1790640825.191434) vcan0 300#FEDD000000000000
(1790640825.201515) vcan0 100#0A5A000000000000
(1790640825.201635) vcan0 300#FEDC000000000000
(1790640825.212442) vcan0 300#FEDB000000000000
(1790640825.221336) vcan0 100#0A60000000000000
(1790640825.221406) vcan0 300#FEDA000000000000
(1790640825.232488) vcan0 300#FED8000000000000
(1790640825.242317) vcan0 100#0A65000000000000
(1790640825.242415) vcan0 200#3900000000000000
(1790640825.242428) vcan0 300#FED8000000000000
(1790640825.252706) vcan0 300#FED7000000000000
(1790640825.262170) vcan0 100#0A6B000000000000
(1790640825.262279) vcan0 300#FED6000000000000
(1790640825.273016) vcan0 300#FED5000000000000
(1790640825.282095) vcan0 100#0A70000000000000
(1790640825.282237) vcan0 300#FED5000000000000
(1790640825.293058) vcan0 200#3900000000000000
(1790640825.293166) vcan0 300#FED5000000000000
(1790640825.302073) vcan0 100#0A76000000000000
(1790640825.302193) vcan0 300#FED5000000000000
(1790640825.312585) vcan0 300#FED5000000000000
(1790640825.322209) vcan0 100#0A7B000000000000
(1790640825.322342) vcan0 300#FED5000000000000
(1790640825.331493) vcan0 300#FED5000000000000
(1790640825.342701) vcan0 100#0A80000000000000
(1790640825.342859) vcan0 200#3900000000000000
(1790640825.342879) vcan0 300#FED5000000000000
(1790640825.352228) vcan0 300#FED5000000000000
(1790640825.362245) vcan0 100#0A86000000000000
(1790640825.362370) vcan0 300#FED6000000000000
(1790640825.372501) vcan0 300#FED7000000000000
(1790640825.382180) vcan0 100#0A8B000000000000
(1790640825.382335) vcan0 300#FED7000000000000
(1790640825.391158) vcan0 200#3900000000000000
(1790640825.391324) vcan0 300#FED8000000000000
(1790640825.402650) vcan0 100#0A90000000000000
(1790640825.402818) vcan0 300#FED9000000000000
(1790640825.411263) vcan0 300#FEDA000000000000
(1790640825.422094) vcan0 100#0A95000000000000
(1790640825.422216) vcan0 300#FEDC000000000000
(1790640825.432477) vcan0 300#FEDD000000000000
(1790640825.442466) vcan0 100#0A9B000000000000
(1790640825.442611) vcan0 200#3900000000000000
(1790640825.442626) vcan0 300#FEDE000000000000
(1790640825.452018) vcan0 300#FEE0000000000000
(1790640825.461859) vcan0 100#0AA0000000000000
(1790640825.461974) vcan0 300#FEE2000000000000
(1790640825.471832) vcan0 300#FEE3000000000000
(1790640825.481511) vcan0 100#0AA5000000000000
(1790640825.481643) vcan0 300#FEE5000000000000
(1790640825.492239) vcan0 200#3900000000000000
(1790640825.492428) vcan0 300#FEE8000000000000
(1790640825.502759) vcan0 100#0AAB000000000000
(1790640825.502933) vcan0 300#FEEA000000000000
(1790640825.511785) vcan0 300#FEEC000000000000
(1790640825.522396) vcan0 100#0AB0000000000000
(1790640825.522531) vcan0 300#FEEE000000000000
(1790640825.607534) vcan0 100#0AC6000000000000
(1790640825.607805) vcan0 200#3900000000000000
(1790640825.607847) vcan0 300#FF07000000000000
(1790640825.607887) vcan0 400#0000000000000000
(1790640825.607912) vcan0 500#2300000000000000
(1790640825.607943) vcan0 7DF#02010C0000000000
(1790640825.609860) vcan0 100#0AC7000000000000
(1790640825.610037) vcan0 200#3900000000000000
(1790640825.610066) vcan0 300#FF08000000000000
(1790640825.612580) vcan0 100#0AC7000000000000
(1790640825.612727) vcan0 300#FF09000000000000
(1790640825.615170) vcan0 100#0AC8000000000000
(1790640825.615307) vcan0 300#FF0A000000000000
(1790640825.617162) vcan0 300#FF0A000000000000
(1790640825.620882) vcan0 300#FF0C000000000000
(1790640825.622562) vcan0 100#0ACA000000000000
(1790640825.622716) vcan0 300#FF0C000000000000
(1790640825.624900) vcan0 300#FF0D000000000000
(1790640825.626589) vcan0 300#FF0E000000000000
(1790640825.628689) vcan0 300#FF0E000000000000
(1790640825.631385) vcan0 300#FF0F000000000000
(1790640825.650479) vcan0 100#0AD1000000000000
(1790640825.650698) vcan0 200#3900000000000000
(1790640825.650733) vcan0 300#FF16000000000000
(1790640825.653426) vcan0 300#FF17000000000000
(1790640825.741521) vcan0 100#0AE8000000000000
(1790640825.741780) vcan0 200#3900000000000000
(1790640825.741816) vcan0 300#FF3C000000000000
(1790640825.743658) vcan0 100#0AE9000000000000
(1790640825.743851) vcan0 200#3900000000000000
(1790640825.743883) vcan0 300#FF3D000000000000
(1790640825.745688) vcan0 100#0AE9000000000000
(1790640825.745856) vcan0 300#FF3E000000000000
(1790640825.748711) vcan0 100#0AEA000000000000
(1790640825.748855) vcan0 300#FF3F000000000000
(1790640825.751550) vcan0 100#0AEB000000000000
(1790640825.751721) vcan0 300#FF41000000000000
(1790640825.753593) vcan0 300#FF42000000000000
(1790640825.754934) vcan0 300#FF42000000000000
(1790640825.756654) vcan0 300#FF43000000000000
(1790640825.758072) vcan0 300#FF44000000000000
(1790640825.760513) vcan0 300#FF45000000000000
(1790640825.762642) vcan0 100#0AEE000000000000
(1790640825.762770) vcan0 300#FF46000000000000
(1790640825.775037) vcan0 300#FF4C000000000000
(1790640825.782373) vcan0 100#0AF3000000000000
(1790640825.782571) vcan0 300#FF4F000000000000
(1790640825.797650) vcan0 200#3900000000000000
(1790640825.797822) vcan0 300#FF57000000000000
(1790640825.801813) vcan0 100#0AF8000000000000
(1790640825.802031) vcan0 300#FF59000000000000
(1790640825.811892) vcan0 300#FF5E000000000000
(1790640825.822464) vcan0 100#0AFD000000000000
(1790640825.822650) vcan0 300#FF63000000000000
(1790640825.831573) vcan0 300#FF68000000000000
(1790640825.842289) vcan0 100#0B02000000000000
(1790640825.842353) vcan0 200#3900000000000000
(1790640825.842363) vcan0 300#FF6D000000000000
(1790640825.851361) vcan0 300#FF72000000000000
(1790640825.861446) vcan0 100#0B07000000000000
(1790640825.861508) vcan0 300#FF78000000000000
(1790640825.871347) vcan0 300#FF7D000000000000
(1790640825.881391) vcan0 100#0B0C000000000000
(1790640825.881448) vcan0 300#FF82000000000000
(1790640825.892365) vcan0 200#3900000000000000
(1790640825.892422) vcan0 300#FF88000000000000
(1790640825.901240) vcan0 100#0B11000000000000
(1790640825.901363) vcan0 300#FF8D000000000000
(1790640825.912252) vcan0 300#FF93000000000000
(1790640825.921536) vcan0 100#0B16000000000000
(1790640825.921603) vcan0 300#FF99000000000000
(1790640825.931516) vcan0 300#FF9E000000000000
(1790640825.941503) vcan0 100#0B1B000000000000
(1790640825.941568) vcan0 200#3900000000000000
(1790640825.941577) vcan0 300#FFA4000000000000
(1790640825.951540) vcan0 300#FFAA000000000000
(1790640825.961108) vcan0 100#0B1F000000000000
(1790640825.961125) vcan0 300#FFAF000000000000
(1790640825.971564) vcan0 300#FFB5000000000000
(1790640825.982370) vcan0 100#0B25000000000000
(1790640825.982430) vcan0 300#FFBB000000000000
(1790640825.991025) vcan0 200#3900000000000000
(1790640825.991079) vcan0 300#FFC0000000000000
(1790640826.001557) vcan0 100#0B29000000000000
(1790640826.001618) vcan0 300#FFC7000000000000
(1790640826.011039) vcan0 300#FFCC000000000000
(1790640826.021472) vcan0 100#0B2E000000000000
(1790640826.021533) vcan0 300#FFD2000000000000
(1790640826.031566) vcan0 300#FFD8000000000000
(1790640826.041982) vcan0 100#0B33000000000000
(1790640826.042048) vcan0 200#3800000000000000
(1790640826.042057) vcan0 300#FFDF000000000000
(1790640826.042067) vcan0 400#0000000000000000
(1790640826.051961) vcan0 300#FFE5000000000000
(1790640826.062361) vcan0 100#0B38000000000000
(1790640826.062419) vcan0 300#FFEB000000000000
(1790640826.071394) vcan0 300#FFF0000000000000
(1790640826.082140) vcan0 100#0B3D000000000000
(1790640826.082207) vcan0 300#FFF7000000000000
(1790640826.091267) vcan0 200#3800000000000000
(1790640826.091342) vcan0 300#FFFC000000000000
(1790640826.104434) vcan0 100#0B43000000000000
(1790640826.104515) vcan0 300#0003000000000000
(1790640826.112326) vcan0 300#0008000000000000
(1790640826.130597) vcan0 100#0B49000000000000
(1790640826.130703) vcan0 300#0013000000000000
(1790640826.132529) vcan0 300#0014000000000000
(1790640826.142122) vcan0 100#0B4C000000000000
(1790640826.142198) vcan0 200#3800000000000000
(1790640826.142207) vcan0 300#001A000000000000
(1790640826.151444) vcan0 300#001F000000000000
(1790640826.161142) vcan0 100#0B50000000000000
(1790640826.161209) vcan0 300#0025000000000000
(1790640826.172441) vcan0 300#002C000000000000
(1790640826.182232) vcan0 100#0B55000000000000
(1790640826.182318) vcan0 300#0031000000000000
(1790640826.193284) vcan0 200#3800000000000000
(1790640826.193411) vcan0 300#0038000000000000
(1790640826.201813) vcan0 100#0B5A000000000000
(1790640826.201931) vcan0 300#003D000000000000
(1790640826.211319) vcan0 300#0043000000000000
(1790640826.221833) vcan0 100#0B5F000000000000
(1790640826.221913) vcan0 300#0049000000000000
(1790640826.231460) vcan0 300#004E000000000000
(1790640826.242197) vcan0 100#0B64000000000000
(1790640826.242275) vcan0 200#3800000000000000
(1790640826.242284) vcan0 300#0055000000000000
(1790640826.251732) vcan0 300#005A000000000000
(1790640826.261947) vcan0 100#0B68000000000000
(1790640826.262055) vcan0 300#0060000000000000
(1790640826.271702) vcan0 300#0065000000000000
(1790640826.281525) vcan0 100#0B6D000000000000
(1790640826.281594) vcan0 300#006B000000000000
(1790640826.291554) vcan0 200#3800000000000000
(1790640826.291635) vcan0 300#0070000000000000
(1790640826.301126) vcan0 100#0B72000000000000
(1790640826.301251) vcan0 300#0076000000000000
(1790640826.311675) vcan0 300#007C000000000000
(1790640826.321706) vcan0 100#0B76000000000000
(1790640826.321775) vcan0 300#0081000000000000
(1790640826.332504) vcan0 300#0087000000000000
(1790640826.341715) vcan0 100#0B7B000000000000
(1790640826.341787) vcan0 200#3800000000000000
(1790640826.341795) vcan0 300#008C000000000000
(1790640826.352372) vcan0 300#0091000000000000
(1790640826.361629) vcan0 100#0B80000000000000
(1790640826.361696) vcan0 300#0096000000000000
(1790640826.371999) vcan0 300#009C000000000000
(1790640826.381072) vcan0 100#0B84000000000000
(1790640826.381140) vcan0 300#00A0000000000000
(1790640826.391740) vcan0 200#3800000000000000
(1790640826.391803) vcan0 300#00A6000000000000
(1790640826.401097) vcan0 100#0B89000000000000
(1790640826.401177) vcan0 300#00AA000000000000
(1790640826.412045) vcan0 300#00B0000000000000
(1790640826.422783) vcan0 100#0B8E000000000000
(1790640826.422880) vcan0 300#00B5000000000000
(1790640826.440085) vcan0 300#00BD000000000000
(1790640826.443876) vcan0 100#0B93000000000000
(1790640826.443907) vcan0 200#3800000000000000
(1790640826.443918) vcan0 300#00BE000000000000
(1790640826.479081) vcan0 100#0B9B000000000000
(1790640826.479240) vcan0 300#00CE000000000000
(1790640826.481454) vcan0 100#0B9B000000000000
(1790640826.481515) vcan0 300#00CF000000000000
(1790640826.484889) vcan0 300#00D1000000000000
(1790640826.486614) vcan0 300#00D2000000000000
(1790640826.491546) vcan0 400#0100000000000000
(1790640826.492590) vcan0 200#3800000000000000
(1790640826.492662) vcan0 300#00D4000000000000
(1790640826.501114) vcan0 100#0BA0000000000000
(1790640826.501216) vcan0 300#00D8000000000000
(1790640826.511184) vcan0 300#00DC000000000000
(1790640826.523260) vcan0 100#0BA5000000000000
(1790640826.523398) vcan0 300#00E1000000000000
(1790640826.532233) vcan0 300#00E4000000000000
(1790640826.541248) vcan0 100#0BA9000000000000
(1790640826.541291) vcan0 200#3800000000000000
(1790640826.541310) vcan0 300#00E8000000000000
(1790640826.541332) vcan0 400#0400000000000000
(1790640826.541348) vcan0 500#2400000000000000
(1790640826.555358) vcan0 300#00ED000000000000
(1790640826.567500) vcan0 100#0BAF000000000000
(1790640826.567629) vcan0 300#00F1000000000000
(1790640826.578022) vcan0 300#00F5000000000000
(1790640826.586420) vcan0 100#0BB3000000000000
(1790640826.586470) vcan0 300#00F8000000000000
(1790640826.592155) vcan0 200#3800000000000000
(1790640826.592251) vcan0 300#00FA000000000000
(1790640826.611822) vcan0 100#0BB9000000000000
(1790640826.611888) vcan0 300#0100000000000000
(1790640826.623832) vcan0 100#0BBC000000000000
(1790640826.623920) vcan0 300#0104000000000000
(1790640826.635610) vcan0 300#0107000000000000
(1790640826.646674) vcan0 100#0BC1000000000000
(1790640826.646697) vcan0 200#3800000000000000
(1790640826.646704) vcan0 300#010A000000000000
(1790640826.648515) vcan0 300#010B000000000000
(1790640826.653936) vcan0 300#010C000000000000
(1790640826.666820) vcan0 100#0BC5000000000000
(1790640826.666904) vcan0 300#0110000000000000
(1790640826.671148) vcan0 300#0111000000000000
(1790640826.682792) vcan0 100#0BC9000000000000
(1790640826.682882) vcan0 300#0114000000000000
(1790640826.691905) vcan0 200#3800000000000000
(1790640826.691929) vcan0 300#0116000000000000
(1790640826.704746) vcan0 100#0BCD000000000000
(1790640826.704771) vcan0 300#0118000000000000
(1790640826.714601) vcan0 300#011A000000000000
(1790640826.737337) vcan0 100#0BD5000000000000
(1790640826.737432) vcan0 300#011F000000000000
(1790640826.738808) vcan0 300#011F000000000000
(1790640826.742328) vcan0 100#0BD6000000000000
(1790640826.742557) vcan0 200#3800000000000000
(1790640826.742618) vcan0 300#0120000000000000
(1790640826.752201) vcan0 300#0121000000000000
(1790640826.761181) vcan0 100#0BDA000000000000
(1790640826.761205) vcan0 300#0123000000000000
(1790640826.772121) vcan0 300#0124000000000000
(1790640826.782748) vcan0 100#0BDE000000000000
(1790640826.782770) vcan0 300#0125000000000000
(1790640826.792156) vcan0 400#0400000000000000
(1790640826.792461) vcan0 200#3800000000000000
(1790640826.792652) vcan0 300#0126000000000000
(1790640826.801154) vcan0 100#0BE2000000000000
(1790640826.801212) vcan0 300#0127000000000000
(1790640826.811837) vcan0 300#0128000000000000
(1790640826.821943) vcan0 100#0BE7000000000000
(1790640826.821999) vcan0 300#0129000000000000
(1790640826.832217) vcan0 300#012A000000000000
(1790640826.841218) vcan0 100#0BEB000000000000
(1790640826.841239) vcan0 200#3800000000000000
(1790640826.841246) vcan0 300#012A000000000000
(1790640826.851607) vcan0 300#012B000000000000
(1790640826.862096) vcan0 100#0BF0000000000000
(1790640826.862223) vcan0 300#012B000000000000
(1790640826.871740) vcan0 300#012B000000000000
(1790640826.881571) vcan0 100#0BF4000000000000
(1790640826.881613) vcan0 300#012B000000000000
(1790640826.892711) vcan0 200#3800000000000000
(1790640826.892772) vcan0 300#012B000000000000
(1790640826.901829) vcan0 100#0BF8000000000000
(1790640826.901921) vcan0 300#012B000000000000
(1790640826.911189) vcan0 300#012B000000000000
(1790640826.922636) vcan0 100#0BFC000000000000
(1790640826.922703) vcan0 300#012B000000000000
(1790640826.931906) vcan0 300#012A000000000000
(1790640826.941824) vcan0 100#0C00000000000000
(1790640826.941883) vcan0 200#3800000000000000
(1790640826.941892) vcan0 300#0129000000000000
(1790640826.952020) vcan0 300#0129000000000000
(1790640826.961790) vcan0 100#0C05000000000000
(1790640826.961807) vcan0 300#0128000000000000
(1790640826.971329) vcan0 300#0127000000000000
(1790640826.982087) vcan0 100#0C09000000000000
(1790640826.982173) vcan0 300#0126000000000000
(1790640826.997536) vcan0 200#3800000000000000
(1790640826.997696) vcan0 300#0124000000000000
(1790640827.002116) vcan0 100#0C0D000000000000
(1790640827.002158) vcan0 300#0123000000000000
(1790640827.012032) vcan0 300#0122000000000000
(1790640827.022443) vcan0 100#0C11000000000000
(1790640827.022647) vcan0 300#0120000000000000
(1790640827.032008) vcan0 300#011F000000000000
(1790640827.043074) vcan0 100#0C15000000000000
(1790640827.043242) vcan0 200#3800000000000000
(1790640827.043268) vcan0 300#011C000000000000
(1790640827.043299) vcan0 400#0000000000000000
(1790640827.053835) vcan0 300#011A000000000000
(1790640827.076746) vcan0 100#0C1C000000000000
(1790640827.076963) vcan0 300#0115000000000000
(1790640827.079129) vcan0 300#0115000000000000
(1790640827.089911) vcan0 100#0C1F000000000000
(1790640827.090141) vcan0 300#0112000000000000
(1790640827.092528) vcan0 200#3700000000000000
(1790640827.092745) vcan0 300#0112000000000000
(1790640827.092994) vcan0 400#0000000000000000
(1790640827.103224) vcan0 100#0C22000000000000
(1790640827.103364) vcan0 300#010F000000000000
(1790640827.112268) vcan0 300#010D000000000000
(1790640827.123791) vcan0 100#0C26000000000000
(1790640827.124014) vcan0 300#010A000000000000
(1790640827.133160) vcan0 300#0107000000000000
(1790640827.142397) vcan0 100#0C2A000000000000
(1790640827.142554) vcan0 200#3700000000000000
(1790640827.142574) vcan0 300#0104000000000000
(1790640827.152443) vcan0 300#0101000000000000
(1790640827.161303) vcan0 100#0C2D000000000000
(1790640827.161409) vcan0 300#00FF000000000000
(1790640827.171217) vcan0 300#00FB000000000000
(1790640827.181567) vcan0 100#0C31000000000000
(1790640827.181755) vcan0 300#00F8000000000000
(1790640827.191327) vcan0 200#3700000000000000
(1790640827.191490) vcan0 300#00F5000000000000
(1790640827.206094) vcan0 100#0C36000000000000
(1790640827.206274) vcan0 300#00EF000000000000
(1790640827.211080) vcan0 300#00EE000000000000
(1790640827.221403) vcan0 100#0C39000000000000
(1790640827.221497) vcan0 300#00EA000000000000
(1790640827.231089) vcan0 300#00E6000000000000
(1790640827.242779) vcan0 100#0C3D000000000000
(1790640827.242811) vcan0 200#3700000000000000
(1790640827.242824) vcan0 300#00E2000000000000
(1790640827.252669) vcan0 300#00DE000000000000
(1790640827.261819) vcan0 100#0C41000000000000
(1790640827.262007) vcan0 300#00DA000000000000
(1790640827.273071) vcan0 300#00D5000000000000
(1790640827.281447) vcan0 100#0C45000000000000
(1790640827.281591) vcan0 300#00D2000000000000
(1790640827.291966) vcan0 200#3700000000000000
(1790640827.292031) vcan0 300#00CD000000000000
(1790640827.301205) vcan0 100#0C49000000000000
(1790640827.301291) vcan0 300#00C9000000000000
(1790640827.312187) vcan0 300#00C4000000000000
(1790640827.321150) vcan0 100#0C4D000000000000
(1790640827.321201) vcan0 300#00C0000000000000
(1790640827.332010) vcan0 300#00BB000000000000
(1790640827.341016) vcan0 100#0C51000000000000
(1790640827.341161) vcan0 200#3700000000000000
(1790640827.341172) vcan0 300#00B7000000000000
(1790640827.352143) vcan0 300#00B1000000000000
(1790640827.361520) vcan0 100#0C54000000000000
(1790640827.361578) vcan0 300#00AD000000000000
(1790640827.371178) vcan0 300#00A8000000000000
(1790640827.381016) vcan0 100#0C58000000000000
(1790640827.381157) vcan0 300#00A3000000000000
(1790640827.391582) vcan0 200#3700000000000000
(1790640827.391636) vcan0 300#009E000000000000
(1790640827.394491) vcan0 400#0400000000000000
(1790640827.401182) vcan0 100#0C5C000000000000
(1790640827.401260) vcan0 300#0099000000000000
(1790640827.411033) vcan0 300#0094000000000000
(1790640827.422112) vcan0 100#0C60000000000000
(1790640827.422173) vcan0 300#008E000000000000
(1790640827.431186) vcan0 300#0089000000000000
(1790640827.442103) vcan0 100#0C64000000000000
(1790640827.442175) vcan0 200#3700000000000000
(1790640827.442186) vcan0 300#0083000000000000
(1790640827.451247) vcan0 300#007E000000000000
(1790640827.462156) vcan0 100#0C67000000000000
(1790640827.462230) vcan0 300#0078000000000000
(1790640827.472144) vcan0 300#0073000000000000
(1790640827.481276) vcan0 100#0C6B000000000000
(1790640827.481380) vcan0 300#006E000000000000
(1790640827.491116) vcan0 200#3700000000000000
(1790640827.491226) vcan0 300#0068000000000000
(1790640827.502202) vcan0 100#0C6F000000000000
(1790640827.502321) vcan0 300#0062000000000000
(1790640827.511221) vcan0 300#005D000000000000
(1790640827.522468) vcan0 100#0C73000000000000
(1790640827.522573) vcan0 300#0056000000000000
(1790640827.534209) vcan0 300#0050000000000000
(1790640827.542087) vcan0 100#0C76000000000000
(1790640827.542230) vcan0 200#3700000000000000
(1790640827.542249) vcan0 300#004B000000000000
(1790640827.542270) vcan0 400#0200000000000000
(1790640827.542284) vcan0 500#2500000000000000
(1790640827.542298) vcan0 7DF#02010D0000000000
(1790640827.552521) vcan0 300#0045000000000000
(1790640827.561557) vcan0 100#0C7A000000000000
(1790640827.561642) vcan0 300#0040000000000000
(1790640827.571693) vcan0 300#003A000000000000
(1790640827.581526) vcan0 100#0C7D000000000000
(1790640827.581904) vcan0 300#0034000000000000
(1790640827.592123) vcan0 200#3700000000000000
(1790640827.592259) vcan0 300#002E000000000000
(1790640827.602286) vcan0 100#0C81000000000000
(1790640827.602323) vcan0 300#0028000000000000
(1790640827.612584) vcan0 300#0022000000000000
(1790640827.624523) vcan0 100#0C85000000000000
(1790640827.624654) vcan0 300#001A000000000000
(1790640827.632523) vcan0 300#0016000000000000
(1790640827.657951) vcan0 100#0C8B000000000000
(1790640827.658049) vcan0 200#3700000000000000
(1790640827.658423) vcan0 300#0006000000000000
(1790640827.659875) vcan0 300#0005000000000000
(1790640827.661725) vcan0 100#0C8C000000000000
(1790640827.661820) vcan0 300#0004000000000000
(1790640827.680671) vcan0 300#FFFA000000000000
(1790640827.683187) vcan0 100#0C8F000000000000
(1790640827.683249) vcan0 300#FFF8000000000000
(1790640827.691182) vcan0 200#3700000000000000
(1790640827.691306) vcan0 300#FFF3000000000000
(1790640827.697125) vcan0 400#0000000000000000
(1790640827.701943) vcan0 100#0C93000000000000
(1790640827.702051) vcan0 300#FFED000000000000
(1790640827.712558) vcan0 300#FFE7000000000000
(1790640827.722579) vcan0 100#0C96000000000000
(1790640827.722699) vcan0 300#FFE1000000000000
(1790640827.737422) vcan0 300#FFD8000000000000
(1790640827.746282) vcan0 100#0C9A000000000000
(1790640827.746419) vcan0 200#3700000000000000
(1790640827.746438) vcan0 300#FFD3000000000000
(1790640827.751929) vcan0 300#FFCF000000000000
(1790640827.763675) vcan0 100#0C9D000000000000
(1790640827.763718) vcan0 300#FFC8000000000000
(1790640827.771195) vcan0 300#FFC4000000000000
(1790640827.784931) vcan0 100#0CA1000000000000
(1790640827.784973) vcan0 300#FFBC000000000000
(1790640827.794087) vcan0 200#3700000000000000
(1790640827.794167) vcan0 300#FFB6000000000000
(1790640827.802264) vcan0 100#0CA4000000000000
(1790640827.802342) vcan0 300#FFB2000000000000
(1790640827.816755) vcan0 300#FFA9000000000000
(1790640827.831841) vcan0 100#0CA9000000000000
(1790640827.831882) vcan0 300#FFA1000000000000
(1790640827.845247) vcan0 100#0CAB000000000000
(1790640827.845279) vcan0 200#3700000000000000
(1790640827.845293) vcan0 300#FF99000000000000
(1790640827.854954) vcan0 300#FF94000000000000
(1790640827.856898) vcan0 300#FF93000000000000
(1790640827.863487) vcan0 100#0CAE000000000000
(1790640827.863598) vcan0 300#FF8F000000000000
(1790640827.879924) vcan0 300#FF86000000000000
(1790640827.887714) vcan0 100#0CB2000000000000
(1790640827.887746) vcan0 300#FF82000000000000
(1790640827.895416) vcan0 200#3700000000000000
(1790640827.895445) vcan0 300#FF7D000000000000
(1790640827.902489) vcan0 100#0CB5000000000000
(1790640827.902513) vcan0 300#FF7A000000000000
(1790640827.912757) vcan0 300#FF74000000000000
(1790640827.925500) vcan0 100#0CB9000000000000
(1790640827.925531) vcan0 300#FF6D000000000000
(1790640827.932779) vcan0 300#FF6A000000000000
(1790640827.952095) vcan0 100#0CBD000000000000
(1790640827.952120) vcan0 200#3700000000000000
(1790640827.952129) vcan0 300#FF60000000000000
(1790640827.969635) vcan0 100#0CC0000000000000
(1790640827.969659) vcan0 300#FF57000000000000
(1790640827.971366) vcan0 300#FF56000000000000
(1790640827.985205) vcan0 100#0CC2000000000000
(1790640827.985266) vcan0 300#FF4F000000000000
(1790640827.986661) vcan0 300#FF4F000000000000
(1790640827.992895) vcan0 200#3700000000000000
(1790640827.992956) vcan0 300#FF4C000000000000
(1790640828.002393) vcan0 100#0CC5000000000000
(1790640828.002469) vcan0 300#FF47000000000000
(1790640828.004562) vcan0 400#0000000000000000
(1790640828.012757) vcan0 300#FF42000000000000
(1790640828.021785) vcan0 100#0CC8000000000000
(1790640828.021902) vcan0 300#FF3E000000000000
(1790640828.032138) vcan0 300#FF39000000000000
(1790640828.041809) vcan0 100#0CCB000000000000
(1790640828.041879) vcan0 200#3700000000000000
(1790640828.041897) vcan0 300#FF35000000000000
(1790640828.041919) vcan0 400#0200000000000000
(1790640828.051702) vcan0 300#FF31000000000000
(1790640828.061829) vcan0 100#0CCE000000000000
(1790640828.061931) vcan0 300#FF2C000000000000
(1790640828.071648) vcan0 300#FF28000000000000
(1790640828.082219) vcan0 100#0CD2000000000000
(1790640828.082313) vcan0 300#FF24000000000000
(1790640828.091728) vcan0 200#3700000000000000
(1790640828.091804) vcan0 300#FF20000000000000
(1790640828.101832) vcan0 100#0CD5000000000000
(1790640828.101916) vcan0 300#FF1C000000000000
(1790640828.111852) vcan0 300#FF18000000000000
(1790640828.122368) vcan0 100#0CD8000000000000
(1790640828.122574) vcan0 300#FF14000000000000
(1790640828.131875) vcan0 300#FF11000000000000
(1790640828.141764) vcan0 100#0CDB000000000000
(1790640828.141839) vcan0 200#3700000000000000
(1790640828.141849) vcan0 300#FF0D000000000000
(1790640828.151108) vcan0 300#FF0A000000000000
(1790640828.161560) vcan0 100#0CDE000000000000
(1790640828.161858) vcan0 300#FF07000000000000
(1790640828.172019) vcan0 300#FF03000000000000
(1790640828.182018) vcan0 100#0CE1000000000000
(1790640828.182164) vcan0 300#FF00000000000000
(1790640828.191869) vcan0 200#3700000000000000
(1790640828.192438) vcan0 300#FEFD000000000000
(1790640828.201927) vcan0 100#0CE4000000000000
(1790640828.201992) vcan0 300#FEFA000000000000
(1790640828.211818) vcan0 300#FEF7000000000000
(1790640828.222638) vcan0 100#0CE7000000000000
(1790640828.222738) vcan0 300#FEF4000000000000
(1790640828.231600) vcan0 300#FEF2000000000000
(1790640828.241734) vcan0 100#0CEA000000000000
(1790640828.241874) vcan0 200#3600000000000000
(1790640828.241892) vcan0 300#FEEF000000000000
(1790640828.251659) vcan0 300#FEED000000000000
(1790640828.261659) vcan0 100#0CED000000000000
(1790640828.261747) vcan0 300#FEEB000000000000
(1790640828.271863) vcan0 300#FEE8000000000000
(1790640828.282060) vcan0 100#0CF0000000000000
(1790640828.282193) vcan0 300#FEE6000000000000
(1790640828.291692) vcan0 200#3600000000000000
(1790640828.291780) vcan0 300#FEE4000000000000
(1790640828.302740) vcan0 100#0CF3000000000000
(1790640828.302832) vcan0 300#FEE2000000000000
(1790640828.305324) vcan0 400#0000000000000000
(1790640828.312161) vcan0 300#FEE1000000000000
(1790640828.322154) vcan0 100#0CF5000000000000
(1790640828.322310) vcan0 300#FEDF000000000000
(1790640828.331928) vcan0 300#FEDE000000000000
(1790640828.341989) vcan0 100#0CF8000000000000
(1790640828.342064) vcan0 200#3600000000000000
(1790640828.342074) vcan0 300#FEDC000000000000
(1790640828.351070) vcan0 300#FEDB000000000000
(1790640828.361869) vcan0 100#0CFB000000000000
(1790640828.361974) vcan0 300#FEDA000000000000
(1790640828.371990) vcan0 300#FED9000000000000
(1790640828.381962) vcan0 100#0CFE000000000000
(1790640828.382092) vcan0 300#FED8000000000000
(1790640828.391644) vcan0 200#3600000000000000
(1790640828.391818) vcan0 300#FED7000000000000
(1790640828.402380) vcan0 100#0D01000000000000
(1790640828.402514) vcan0 300#FED6000000000000
(1790640828.411751) vcan0 300#FED6000000000000
(1790640828.422142) vcan0 100#0D04000000000000
(1790640828.422280) vcan0 300#FED5000000000000
(1790640828.432534) vcan0 300#FED5000000000000
(1790640828.442688) vcan0 100#0D06000000000000
(1790640828.442782) vcan0 200#3600000000000000
(1790640828.442796) vcan0 300#FED5000000000000
(1790640828.451943) vcan0 300#FED5000000000000
(1790640828.461092) vcan0 100#0D09000000000000
(1790640828.461172) vcan0 300#FED5000000000000
(1790640828.471856) vcan0 300#FED5000000000000
(1790640828.481861) vcan0 100#0D0C000000000000
(1790640828.481966) vcan0 300#FED5000000000000
(1790640828.492187) vcan0 200#3600000000000000
(1790640828.492582) vcan0 300#FED5000000000000
(1790640828.501964) vcan0 100#0D0E000000000000
(1790640828.502066) vcan0 300#FED6000000000000
(1790640828.511862) vcan0 300#FED6000000000000
(1790640828.521922) vcan0 100#0D11000000000000
(1790640828.522050) vcan0 300#FED7000000000000
(1790640828.531675) vcan0 300#FED8000000000000
(1790640828.542011) vcan0 100#0D14000000000000
(1790640828.542082) vcan0 200#3600000000000000
(1790640828.542092) vcan0 300#FED9000000000000
(1790640828.542103) vcan0 400#0000000000000000
(1790640828.542110) vcan0 500#2600000000000000
(1790640828.551834) vcan0 300#FEDA000000000000
(1790640828.562048) vcan0 100#0D16000000000000
(1790640828.562151) vcan0 300#FEDB000000000000
(1790640828.571830) vcan0 300#FEDD000000000000
(1790640828.581766) vcan0 100#0D19000000000000
(1790640828.581870) vcan0 300#FEDE000000000000
(1790640828.592345) vcan0 200#3600000000000000
(1790640828.592753) vcan0 300#FEE0000000000000
(1790640828.601128) vcan0 100#0D1B000000000000
(1790640828.601214) vcan0 300#FEE1000000000000
(1790640828.606188) vcan0 400#0200000000000000
(1790640828.612124) vcan0 300#FEE3000000000000
(1790640828.621318) vcan0 100#0D1E000000000000
(1790640828.621428) vcan0 300#FEE5000000000000
(1790640828.631598) vcan0 300#FEE7000000000000
(1790640828.642166) vcan0 100#0D21000000000000
(1790640828.642258) vcan0 200#3600000000000000
(1790640828.642271) vcan0 300#FEE9000000000000
(1790640828.651945) vcan0 300#FEEC000000000000
(1790640828.661964) vcan0 100#0D23000000000000
(1790640828.662061) vcan0 300#FEEE000000000000
(1790640828.671402) vcan0 300#FEF0000000000000
(1790640828.682106) vcan0 100#0D26000000000000
(1790640828.682297) vcan0 300#FEF3000000000000
(1790640828.692084) vcan0 200#3600000000000000
(1790640828.692416) vcan0 300#FEF6000000000000
(1790640828.702043) vcan0 100#0D28000000000000
(1790640828.702137) vcan0 300#FEF8000000000000
(1790640828.712037) vcan0 300#FEFB000000000000
(1790640828.722235) vcan0 100#0D2B000000000000
(1790640828.722342) vcan0 300#FEFE000000000000
(1790640828.731838) vcan0 300#FF01000000000000
(1790640828.742422) vcan0 100#0D2D000000000000
(1790640828.742531) vcan0 200#3600000000000000
(1790640828.742546) vcan0 300#FF05000000000000
(1790640828.752081) vcan0 300#FF08000000000000
(1790640828.762119) vcan0 100#0D2F000000000000
(1790640828.762221) vcan0 300#FF0B000000000000
(1790640828.773109) vcan0 300#FF0F000000000000
(1790640828.783953) vcan0 100#0D32000000000000
(1790640828.784063) vcan0 300#FF13000000000000
(1790640828.792028) vcan0 200#3600000000000000
(1790640828.792124) vcan0 300#FF16000000000000
(1790640828.808493) vcan0 100#0D35000000000000
(1790640828.808611) vcan0 300#FF1C000000000000
(1790640828.812334) vcan0 300#FF1E000000000000
(1790640828.841172) vcan0 100#0D39000000000000
(1790640828.841268) vcan0 200#3600000000000000
(1790640828.841283) vcan0 300#FF2A000000000000
(1790640828.844057) vcan0 100#0D39000000000000
(1790640828.844138) vcan0 300#FF2B000000000000
(1790640828.846312) vcan0 300#FF2C000000000000
(1790640828.888915) vcan0 100#0D3E000000000000
(1790640828.889187) vcan0 300#FF3F000000000000
(1790640828.892231) vcan0 100#0D3E000000000000
(1790640828.892432) vcan0 200#3600000000000000
(1790640828.892462) vcan0 300#FF40000000000000
(1790640828.893827) vcan0 300#FF41000000000000
(1790640828.896375) vcan0 300#FF42000000000000
(1790640828.898790) vcan0 300#FF43000000000000
(1790640828.903224) vcan0 100#0D40000000000000
(1790640828.903376) vcan0 300#FF45000000000000
(1790640828.914262) vcan0 300#FF4B000000000000
(1790640828.918064) vcan0 400#0200000000000000
(1790640828.922671) vcan0 100#0D42000000000000
(1790640828.922798) vcan0 300#FF4F000000000000
(1790640828.935712) vcan0 300#FF55000000000000
(1790640828.942128) vcan0 100#0D44000000000000
(1790640828.942279) vcan0 200#3600000000000000
(1790640828.942300) vcan0 300#FF58000000000000
(1790640828.953533) vcan0 300#FF5E000000000000
(1790640828.962597) vcan0 100#0D46000000000000
(1790640828.962747) vcan0 300#FF62000000000000
(1790640829.018697) vcan0 100#0D4C000000000000
(1790640829.018953) vcan0 200#3600000000000000
(1790640829.018993) vcan0 300#FF80000000000000
(1790640829.020529) vcan0 100#0D4C000000000000
(1790640829.021429) vcan0 300#FF81000000000000
(1790640829.024307) vcan0 100#0D4D000000000000
(1790640829.024476) vcan0 300#FF83000000000000
(1790640829.026011) vcan0 300#FF84000000000000
(1790640829.027966) vcan0 300#FF85000000000000
(1790640829.029950) vcan0 300#FF86000000000000
(1790640829.032216) vcan0 300#FF87000000000000
(1790640829.041320) vcan0 100#0D4F000000000000
(1790640829.041461) vcan0 200#3600000000000000
(1790640829.041481) vcan0 300#FF8C000000000000
(1790640829.041506) vcan0 400#0000000000000000
(1790640829.052587) vcan0 300#FF93000000000000
(1790640829.062553) vcan0 100#0D51000000000000
(1790640829.062784) vcan0 300#FF98000000000000
(1790640829.082026) vcan0 100#0D53000000000000
(1790640829.082365) vcan0 300#FFA3000000000000
(1790640829.084368) vcan0 300#FFA5000000000000
(1790640829.092782) vcan0 200#3600000000000000
(1790640829.093005) vcan0 300#FFA9000000000000
(1790640829.102710) vcan0 100#0D55000000000000
(1790640829.102942) vcan0 300#FFAF000000000000
(1790640829.132874) vcan0 100#0D58000000000000
(1790640829.133550) vcan0 300#FFC1000000000000
(1790640829.135724) vcan0 300#FFC2000000000000
(1790640829.137291) vcan0 300#FFC3000000000000
(1790640829.142033) vcan0 100#0D59000000000000
(1790640829.142160) vcan0 200#3600000000000000
(1790640829.142178) vcan0 300#FFC6000000000000
(1790640829.151072) vcan0 300#FFCB000000000000
(1790640829.161445) vcan0 100#0D5B000000000000
(1790640829.161550) vcan0 300#FFD1000000000000
(1790640829.172507) vcan0 300#FFD8000000000000
(1790640829.181311) vcan0 100#0D5D000000000000
(1790640829.181418) vcan0 300#FFDD000000000000
(1790640829.192665) vcan0 200#3600000000000000
(1790640829.192839) vcan0 300#FFE4000000000000
(1790640829.204194) vcan0 100#0D5F000000000000
(1790640829.204348) vcan0 300#FFEB000000000000
(1790640829.212441) vcan0 300#FFF0000000000000
(1790640829.218703) vcan0 400#0000000000000000
(1790640829.221272) vcan0 100#0D60000000000000
(1790640829.221410) vcan0 300#FFF5000000000000
(1790640829.231123) vcan0 300#FFFB000000000000
(1790640829.242604) vcan0 100#0D62000000000000
(1790640829.242733) vcan0 200#3600000000000000
(1790640829.242748) vcan0 300#0001000000000000
(1790640829.260430) vcan0 300#000C000000000000
(1790640829.264597) vcan0 100#0D64000000000000
(1790640829.264745) vcan0 300#000E000000000000
(1790640829.281750) vcan0 100#0D66000000000000
(1790640829.281941) vcan0 300#0018000000000000
(1790640829.284420) vcan0 300#001A000000000000
(1790640829.292526) vcan0 200#3600000000000000
(1790640829.292666) vcan0 300#001F000000000000
(1790640829.306220) vcan0 100#0D68000000000000
(1790640829.306408) vcan0 300#0027000000000000
(1790640829.312306) vcan0 300#002B000000000000
(1790640829.342149) vcan0 100#0D6B000000000000
(1790640829.342399) vcan0 200#3600000000000000
(1790640829.342436) vcan0 300#003C000000000000
(1790640829.344954) vcan0 100#0D6B000000000000
(1790640829.345142) vcan0 300#003E000000000000
(1790640829.346902) vcan0 300#003F000000000000
(1790640829.412301) vcan0 100#0D71000000000000
(1790640829.412555) vcan0 200#3500000000000000
(1790640829.412596) vcan0 300#0065000000000000
(1790640829.414416) vcan0 100#0D71000000000000
(1790640829.414689) vcan0 300#0066000000000000
(1790640829.416814) vcan0 100#0D72000000000000
(1790640829.416983) vcan0 300#0067000000000000
(1790640829.418457) vcan0 300#0068000000000000
(1790640829.419991) vcan0 300#0069000000000000
(1790640829.421341) vcan0 100#0D72000000000000
(1790640829.421480) vcan0 300#006A000000000000
(1790640829.423139) vcan0 300#006B000000000000
(1790640829.424541) vcan0 300#006C000000000000
(1790640829.431775) vcan0 300#0070000000000000
(1790640829.449754) vcan0 100#0D74000000000000
(1790640829.449976) vcan0 200#3500000000000000
(1790640829.450010) vcan0 300#007A000000000000
(1790640829.451536) vcan0 300#007B000000000000
(1790640829.513397) vcan0 100#0D79000000000000
(1790640829.513617) vcan0 200#3500000000000000
(1790640829.513655) vcan0 300#009B000000000000
(1790640829.515221) vcan0 100#0D79000000000000
(1790640829.515426) vcan0 300#009C000000000000
(1790640829.516850) vcan0 100#0D7A000000000000
(1790640829.517312) vcan0 300#009D000000000000
(1790640829.519060) vcan0 300#009E000000000000
(1790640829.520807) vcan0 300#009F000000000000
(1790640829.522553) vcan0 100#0D7A000000000000
(1790640829.522678) vcan0 300#00A0000000000000
(1790640829.524235) vcan0 300#00A1000000000000
(1790640829.526794) vcan0 400#0100000000000000
(1790640829.532979) vcan0 300#00A5000000000000
(1790640829.544650) vcan0 100#0D7C000000000000
(1790640829.544885) vcan0 200#3500000000000000
(1790640829.544920) vcan0 300#00AB000000000000
(1790640829.544958) vcan0 400#0000000000000000
(1790640829.544985) vcan0 500#2700000000000000
(1790640829.545012) vcan0 7DF#02010D0000000000
(1790640829.552427) vcan0 300#00AF000000000000
(1790640829.561132) vcan0 100#0D7D000000000000
(1790640829.561291) vcan0 300#00B3000000000000
(1790640829.574467) vcan0 300#00B9000000000000
(1790640829.581911) vcan0 100#0D7E000000000000
(1790640829.582080) vcan0 300#00BD000000000000
(1790640829.591193) vcan0 200#3500000000000000
(1790640829.591356) vcan0 300#00C1000000000000
(1790640829.603055) vcan0 100#0D80000000000000
(1790640829.603189) vcan0 300#00C7000000000000
(1790640829.612782) vcan0 300#00CB000000000000
(1790640829.622489) vcan0 100#0D81000000000000
(1790640829.622626) vcan0 300#00CF000000000000
(1790640829.631348) vcan0 300#00D3000000000000
(1790640829.642844) vcan0 100#0D83000000000000
(1790640829.642991) vcan0 200#3500000000000000
(1790640829.643012) vcan0 300#00D8000000000000
(1790640829.651743) vcan0 300#00DB000000000000
(1790640829.661781) vcan0 100#0D84000000000000
(1790640829.661930) vcan0 300#00E0000000000000
(1790640829.671158) vcan0 300#00E3000000000000
(1790640829.683084) vcan0 100#0D85000000000000
(1790640829.683289) vcan0 300#00E8000000000000
(1790640829.693096) vcan0 200#3500000000000000
(1790640829.693287) vcan0 300#00EC000000000000
(1790640829.701083) vcan0 100#0D87000000000000
(1790640829.701272) vcan0 300#00EF000000000000
(1790640829.711383) vcan0 300#00F2000000000000
(1790640829.723282) vcan0 100#0D88000000000000
(1790640829.723456) vcan0 300#00F6000000000000
(1790640829.731439) vcan0 300#00F9000000000000
(1790640829.742825) vcan0 100#0D89000000000000
(1790640829.742968) vcan0 200#3500000000000000
(1790640829.742987) vcan0 300#00FD000000000000
(1790640829.752691) vcan0 300#0100000000000000
(1790640829.762952) vcan0 100#0D8B000000000000
(1790640829.763100) vcan0 300#0103000000000000
(1790640829.772774) vcan0 300#0106000000000000
(1790640829.782863) vcan0 100#0D8C000000000000
(1790640829.783029) vcan0 300#0109000000000000
(1790640829.793059) vcan0 200#3500000000000000
(1790640829.793170) vcan0 300#010C000000000000
(1790640829.801089) vcan0 100#0D8D000000000000
(1790640829.801194) vcan0 300#010E000000000000
(1790640829.811656) vcan0 300#0110000000000000
(1790640829.821139) vcan0 100#0D8E000000000000
(1790640829.821219) vcan0 300#0113000000000000
(1790640829.828884) vcan0 400#0400000000000000
(1790640829.832730) vcan0 300#0115000000000000
(1790640829.842324) vcan0 100#0D8F000000000000
(1790640829.842411) vcan0 200#3500000000000000
(1790640829.842423) vcan0 300#0118000000000000
(1790640829.851532) vcan0 300#011A000000000000
(1790640829.861188) vcan0 100#0D91000000000000
(1790640829.861301) vcan0 300#011B000000000000
(1790640829.871606) vcan0 300#011D000000000000
(1790640829.883917) vcan0 100#0D92000000000000
(1790640829.884476) vcan0 300#0120000000000000
(1790640829.893554) vcan0 200#3500000000000000
(1790640829.893685) vcan0 300#0121000000000000
(1790640829.902696) vcan0 100#0D93000000000000
(1790640829.902826) vcan0 300#0122000000000000
(1790640829.913003) vcan0 300#0124000000000000
(1790640829.921232) vcan0 100#0D94000000000000
(1790640829.921349) vcan0 300#0125000000000000
(1790640829.932705) vcan0 300#0126000000000000
(1790640829.942764) vcan0 100#0D95000000000000
(1790640829.942863) vcan0 200#3500000000000000
(1790640829.942916) vcan0 300#0127000000000000
(1790640829.953145) vcan0 300#0128000000000000
(1790640829.963105) vcan0 100#0D96000000000000
(1790640829.963196) vcan0 300#0129000000000000
(1790640829.972723) vcan0 300#012A000000000000
(1790640829.982019) vcan0 100#0D97000000000000
(1790640829.982123) vcan0 300#012A000000000000
(1790640829.991560) vcan0 200#3500000000000000
(1790640829.991635) vcan0 300#012B000000000000
(1790640830.001373) vcan0 100#0D98000000000000
(1790640830.001462) vcan0 300#012B000000000000
(1790640830.011046) vcan0 300#012B000000000000
(1790640830.022733) vcan0 100#0D99000000000000
(1790640830.022831) vcan0 300#012B000000000000
(1790640830.032972) vcan0 300#012B000000000000
(1790640830.042662) vcan0 100#0D9A000000000000
(1790640830.042755) vcan0 200#3500000000000000
(1790640830.042767) vcan0 300#012B000000000000
(1790640830.042779) vcan0 400#0000000000000000
(1790640830.051270) vcan0 300#012B000000000000
(1790640830.061810) vcan0 100#0D9B000000000000
(1790640830.061885) vcan0 300#012B000000000000
(1790640830.071191) vcan0 300#012A000000000000
(1790640830.082325) vcan0 100#0D9C000000000000
(1790640830.082416) vcan0 300#012A000000000000
(1790640830.091502) vcan0 200#3500000000000000
(1790640830.091582) vcan0 300#0129000000000000
(1790640830.102616) vcan0 100#0D9C000000000000
(1790640830.102700) vcan0 300#0128000000000000
(1790640830.111176) vcan0 300#0127000000000000
(1790640830.121880) vcan0 100#0D9D000000000000
(1790640830.121963) vcan0 300#0126000000000000
(1790640830.129643) vcan0 400#0000000000000000
(1790640830.131308) vcan0 300#0125000000000000
(1790640830.142601) vcan0 100#0D9E000000000000
(1790640830.142694) vcan0 200#3500000000000000
(1790640830.142844) vcan0 300#0123000000000000
(1790640830.151548) vcan0 300#0122000000000000
(1790640830.162155) vcan0 100#0D9F000000000000
(1790640830.162225) vcan0 300#0120000000000000
(1790640830.171366) vcan0 300#011F000000000000
(1790640830.181329) vcan0 100#0DA0000000000000
(1790640830.181409) vcan0 300#011D000000000000
(1790640830.191612) vcan0 200#3500000000000000
(1790640830.191701) vcan0 300#011B000000000000
(1790640830.202819) vcan0 100#0DA0000000000000
(1790640830.202889) vcan0 300#0119000000000000
(1790640830.212044) vcan0 300#0117000000000000
(1790640830.221715) vcan0 100#0DA1000000000000
(1790640830.221776) vcan0 300#0115000000000000
(1790640830.231576) vcan0 300#0112000000000000
(1790640830.242480) vcan0 100#0DA2000000000000
(1790640830.242557) vcan0 200#3500000000000000
(1790640830.242591) vcan0 300#0110000000000000
(1790640830.252888) vcan0 300#010D000000000000
(1790640830.262937) vcan0 100#0DA2000000000000
(1790640830.263027) vcan0 300#010A000000000000
(1790640830.271574) vcan0 300#0108000000000000
(1790640830.283219) vcan0 100#0DA3000000000000
(1790640830.283369) vcan0 300#0105000000000000
(1790640830.291884) vcan0 200#3500000000000000
(1790640830.291982) vcan0 300#0102000000000000
(1790640830.304975) vcan0 100#0DA4000000000000
(1790640830.305150) vcan0 300#00FE000000000000
(1790640830.312852) vcan0 300#00FB000000000000
(1790640830.323218) vcan0 100#0DA4000000000000
(1790640830.323392) vcan0 300#00F8000000000000
(1790640830.332150) vcan0 300#00F5000000000000
(1790640830.343052) vcan0 100#0DA5000000000000
(1790640830.343146) vcan0 200#3500000000000000
(1790640830.343158) vcan0 300#00F1000000000000
(1790640830.351981) vcan0 300#00EE000000000000
(1790640830.362495) vcan0 100#0DA5000000000000
(1790640830.362573) vcan0 300#00EA000000000000
(1790640830.371426) vcan0 300#00E7000000000000
(1790640830.382026) vcan0 100#0DA6000000000000
(1790640830.382104) vcan0 300#00E2000000000000
(1790640830.391839) vcan0 200#3500000000000000
(1790640830.391918) vcan0 300#00DF000000000000
(1790640830.403062) vcan0 100#0DA7000000000000
(1790640830.403149) vcan0 300#00DA000000000000
(1790640830.411435) vcan0 300#00D7000000000000
(1790640830.421079) vcan0 100#0DA7000000000000
(1790640830.421146) vcan0 300#00D2000000000000
(1790640830.430861) vcan0 400#0400000000000000
(1790640830.432908) vcan0 300#00CD000000000000
(1790640830.442013) vcan0 100#0DA7000000000000
(1790640830.442102) vcan0 200#3500000000000000
(1790640830.442112) vcan0 300#00C9000000000000
(1790640830.451656) vcan0 300#00C5000000000000
(1790640830.461413) vcan0 100#0DA8000000000000
(1790640830.461477) vcan0 300#00C1000000000000
(1790640830.472959) vcan0 300#00BB000000000000
(1790640830.482636) vcan0 100#0DA8000000000000
(1790640830.482704) vcan0 300#00B7000000000000
(1790640830.491481) vcan0 200#3500000000000000
(1790640830.491545) vcan0 300#00B2000000000000
(1790640830.502286) vcan0 100#0DA9000000000000
(1790640830.502371) vcan0 300#00AD000000000000
(1790640830.511978) vcan0 300#00A8000000000000
(1790640830.521752) vcan0 100#0DA9000000000000
(1790640830.521836) vcan0 300#00A4000000000000
(1790640830.531556) vcan0 300#009F000000000000
(1790640830.542799) vcan0 100#0DA9000000000000
(1790640830.542887) vcan0 200#3500000000000000
(1790640830.542897) vcan0 300#0099000000000000
(1790640830.542909) vcan0 400#0100000000000000
(1790640830.542917) vcan0 500#2800000000000000
(1790640830.551563) vcan0 300#0094000000000000
(1790640830.561580) vcan0 100#0DAA000000000000
(1790640830.561660) vcan0 300#008F000000000000
(1790640830.571152) vcan0 300#008A000000000000
(1790640830.581877) vcan0 100#0DAA000000000000
(1790640830.581954) vcan0 300#0084000000000000
(1790640830.591476) vcan0 200#3500000000000000
(1790640830.591544) vcan0 300#007F000000000000
(1790640830.602113) vcan0 100#0DAA000000000000
(1790640830.602171) vcan0 300#0079000000000000
(1790640830.613028) vcan0 300#0073000000000000
(1790640830.621796) vcan0 100#0DAA000000000000
(1790640830.621869) vcan0 300#006E000000000000
(1790640830.632983) vcan0 300#0068000000000000
(1790640830.643452) vcan0 100#0DAB000000000000
(1790640830.643538) vcan0 200#3500000000000000
(1790640830.643560) vcan0 300#0062000000000000
(1790640830.651938) vcan0 300#005D000000000000
(1790640830.662251) vcan0 100#0DAB000000000000
(1790640830.662322) vcan0 300#0057000000000000
(1790640830.671728) vcan0 300#0052000000000000
(1790640830.682246) vcan0 100#0DAB000000000000
(1790640830.682323) vcan0 300#004C000000000000
(1790640830.692014) vcan0 200#3500000000000000
(1790640830.692084) vcan0 300#0046000000000000
(1790640830.703484) vcan0 100#0DAB000000000000
(1790640830.703555) vcan0 300#003F000000000000
(1790640830.711675) vcan0 300#003B000000000000
(1790640830.723174) vcan0 100#0DAB000000000000
(1790640830.723264) vcan0 300#0034000000000000
(1790640830.732056) vcan0 400#0000000000000000
(1790640830.732660) vcan0 300#002E000000000000
(1790640830.741850) vcan0 100#0DAB000000000000
(1790640830.741923) vcan0 200#3400000000000000
(1790640830.741932) vcan0 300#0029000000000000
(1790640830.752166) vcan0 300#0023000000000000
(1790640830.761342) vcan0 100#0DAB000000000000
(1790640830.761409) vcan0 300#001D000000000000
(1790640830.771071) vcan0 300#0017000000000000
(1790640830.781046) vcan0 100#0DAB000000000000
(1790640830.781108) vcan0 300#0011000000000000
(1790640830.791188) vcan0 200#3400000000000000
(1790640830.791315) vcan0 300#000B000000000000
(1790640830.801982) vcan0 100#0DAB000000000000
(1790640830.802051) vcan0 300#0005000000000000
(1790640830.812159) vcan0 300#0000000000000000
(1790640830.823490) vcan0 100#0DAB000000000000
(1790640830.823561) vcan0 300#FFF9000000000000
(1790640830.831427) vcan0 300#FFF4000000000000
(1790640830.842198) vcan0 100#0DAB000000000000
(1790640830.842279) vcan0 200#3400000000000000
(1790640830.842289) vcan0 300#FFEE000000000000
(1790640830.853502) vcan0 300#FFE7000000000000
(1790640830.861051) vcan0 100#0DAB000000000000
(1790640830.861123) vcan0 300#FFE2000000000000
(1790640830.871465) vcan0 300#FFDC000000000000
(1790640830.883561) vcan0 100#0DAB000000000000
(1790640830.883644) vcan0 300#FFD5000000000000
(1790640830.891660) vcan0 200#3400000000000000
(1790640830.891737) vcan0 300#FFD0000000000000
(1790640830.902053) vcan0 100#0DAB000000000000
(1790640830.902131) vcan0 300#FFCA000000000000
(1790640830.911212) vcan0 300#FFC5000000000000
(1790640830.922029) vcan0 100#0DAB000000000000
(1790640830.922107) vcan0 300#FFBE000000000000
(1790640830.931545) vcan0 300#FFB9000000000000
(1790640830.942415) vcan0 100#0DAB000000000000
(1790640830.942487) vcan0 200#3400000000000000
(1790640830.942496) vcan0 300#FFB3000000000000
(1790640830.951321) vcan0 300#FFAD000000000000
(1790640830.961216) vcan0 100#0DAB000000000000
(1790640830.961295) vcan0 300#FFA8000000000000
(1790640830.973479) vcan0 300#FFA1000000000000
(1790640830.981176) vcan0 100#0DAB000000000000
(1790640830.981254) vcan0 300#FF9C000000000000
(1790640830.993439) vcan0 200#3400000000000000
(1790640830.993546) vcan0 300#FF95000000000000
(1790640831.002071) vcan0 100#0DAA000000000000
(1790640831.002157) vcan0 300#FF91000000000000
(1790640831.011230) vcan0 300#FF8C000000000000
(1790640831.022014) vcan0 100#0DAA000000000000
(1790640831.022098) vcan0 300#FF86000000000000
(1790640831.031729) vcan0 300#FF80000000000000
(1790640831.035412) vcan0 400#0000000000000000
(1790640831.042139) vcan0 100#0DAA000000000000
(1790640831.042218) vcan0 200#3400000000000000
(1790640831.042227) vcan0 300#FF7B000000000000
(1790640831.042239) vcan0 400#0000000000000000
(1790640831.051986) vcan0 300#FF75000000000000
(1790640831.062520) vcan0 100#0DAA000000000000
(1790640831.062583) vcan0 300#FF70000000000000
(1790640831.071897) vcan0 300#FF6B000000000000
(1790640831.082206) vcan0 100#0DA9000000000000
(1790640831.082312) vcan0 300#FF66000000000000
(1790640831.091150) vcan0 200#3400000000000000
(1790640831.091231) vcan0 300#FF61000000000000
(1790640831.101300) vcan0 100#0DA9000000000000
(1790640831.101390) vcan0 300#FF5C000000000000
(1790640831.112025) vcan0 300#FF57000000000000
(1790640831.122728) vcan0 100#0DA9000000000000
(1790640831.122925) vcan0 300#FF51000000000000
(1790640831.133566) vcan0 300#FF4C000000000000
(1790640831.142078) vcan0 100#0DA8000000000000
(1790640831.142180) vcan0 200#3400000000000000
(1790640831.142194) vcan0 300#FF48000000000000
(1790640831.152105) vcan0 300#FF43000000000000
(1790640831.162744) vcan0 100#0DA8000000000000
(1790640831.162807) vcan0 300#FF3E000000000000
(1790640831.171713) vcan0 300#FF3A000000000000
(1790640831.182414) vcan0 100#0DA7000000000000
(1790640831.182515) vcan0 300#FF36000000000000
(1790640831.191560) vcan0 200#3400000000000000
(1790640831.191631) vcan0 300#FF32000000000000
(1790640831.203360) vcan0 100#0DA7000000000000
(1790640831.203431) vcan0 300#FF2C000000000000
(1790640831.211684) vcan0 300#FF29000000000000
(1790640831.222192) vcan0 100#0DA6000000000000
(1790640831.222251) vcan0 300#FF25000000000000
(1790640831.231103) vcan0 300#FF21000000000000
(1790640831.241787) vcan0 100#0DA6000000000000
(1790640831.241855) vcan0 200#3400000000000000
(1790640831.241863) vcan0 300#FF1D000000000000
(1790640831.251399) vcan0 300#FF19000000000000
(1790640831.262028) vcan0 100#0DA5000000000000
(1790640831.262103) vcan0 300#FF15000000000000
(1790640831.272467) vcan0 300#FF11000000000000
(1790640831.283034) vcan0 100#0DA5000000000000
(1790640831.283194) vcan0 300#FF0E000000000000
(1790640831.293465) vcan0 200#3400000000000000
(1790640831.293605) vcan0 300#FF0A000000000000
(1790640831.301825) vcan0 100#0DA4000000000000
(1790640831.301979) vcan0 300#FF07000000000000
(1790640831.311295) vcan0 300#FF04000000000000
(1790640831.322151) vcan0 100#0DA4000000000000
(1790640831.322257) vcan0 300#FF00000000000000
(1790640831.332712) vcan0 300#FEFD000000000000
(1790640831.337001) vcan0 400#0000000000000000
(1790640831.342360) vcan0 100#0DA3000000000000
(1790640831.342470) vcan0 200#3400000000000000
(1790640831.342484) vcan0 300#FEFA000000000000
(1790640831.352714) vcan0 300#FEF7000000000000
(1790640831.362691) vcan0 100#0DA2000000000000
(1790640831.362815) vcan0 300#FEF5000000000000
(1790640831.371150) vcan0 300#FEF2000000000000
(1790640831.381632) vcan0 100#0DA2000000000000
(1790640831.381811) vcan0 300#FEF0000000000000
(1790640831.393664) vcan0 200#3400000000000000
(1790640831.393784) vcan0 300#FEED000000000000
(1790640831.401728) vcan0 100#0DA1000000000000
(1790640831.401824) vcan0 300#FEEB000000000000
(1790640831.411605) vcan0 300#FEE9000000000000
(1790640831.421283) vcan0 100#0DA0000000000000
(1790640831.421370) vcan0 300#FEE7000000000000
(1790640831.431940) vcan0 300#FEE5000000000000
(1790640831.441084) vcan0 100#0DA0000000000000
(1790640831.441176) vcan0 200#3400000000000000
(1790640831.441188) vcan0 300#FEE3000000000000
(1790640831.451414) vcan0 300#FEE1000000000000
(1790640831.461072) vcan0 100#0D9F000000000000
(1790640831.461157) vcan0 300#FEDF000000000000
(1790640831.471607) vcan0 300#FEDE000000000000
(1790640831.482237) vcan0 100#0D9E000000000000
(1790640831.482329) vcan0 300#FEDC000000000000
(1790640831.491157) vcan0 200#3400000000000000
(1790640831.491250) vcan0 300#FEDB000000000000
(1790640831.501906) vcan0 100#0D9D000000000000
(1790640831.502001) vcan0 300#FEDA000000000000
(1790640831.511341) vcan0 300#FED9000000000000
(1790640831.522098) vcan0 100#0D9C000000000000
(1790640831.522206) vcan0 300#FED8000000000000
(1790640831.531337) vcan0 300#FED7000000000000
(1790640831.542681) vcan0 100#0D9B000000000000
(1790640831.542809) vcan0 200#3400000000000000
(1790640831.542821) vcan0 300#FED6000000000000
(1790640831.542835) vcan0 400#0000000000000000
(1790640831.542844) vcan0 500#2900000000000000
(1790640831.542852) vcan0 7DF#0201050000000000
(1790640831.552679) vcan0 300#FED6000000000000
(1790640831.561117) vcan0 100#0D9B000000000000
(1790640831.561183) vcan0 300#FED5000000000000
(1790640831.572006) vcan0 300#FED5000000000000
(1790640831.581681) vcan0 100#0D9A000000000000
(1790640831.581756) vcan0 300#FED5000000000000
(1790640831.592282) vcan0 200#3400000000000000
(1790640831.592953) vcan0 300#FED5000000000000
(1790640831.602237) vcan0 100#0D99000000000000
(1790640831.602329) vcan0 300#FED5000000000000
(1790640831.612414) vcan0 300#FED5000000000000
(1790640831.622520) vcan0 100#0D98000000000000
(1790640831.622604) vcan0 300#FED5000000000000
(1790640831.631201) vcan0 300#FED5000000000000
(1790640831.638634) vcan0 400#0200000000000000
(1790640831.643502) vcan0 100#0D97000000000000
(1790640831.643600) vcan0 200#3400000000000000
(1790640831.643612) vcan0 300#FED6000000000000
(1790640831.652386) vcan0 300#FED6000000000000
(1790640831.661747) vcan0 100#0D96000000000000
(1790640831.661818) vcan0 300#FED7000000000000
(1790640831.672565) vcan0 300#FED8000000000000
(1790640831.682741) vcan0 100#0D95000000000000
(1790640831.682816) vcan0 300#FED9000000000000
(1790640831.692185) vcan0 200#3400000000000000
(1790640831.692393) vcan0 300#FEDA000000000000
(1790640831.702136) vcan0 100#0D94000000000000
(1790640831.702220) vcan0 300#FEDB000000000000
(1790640831.712659) vcan0 300#FEDD000000000000
(1790640831.722492) vcan0 100#0D93000000000000
(1790640831.722577) vcan0 300#FEDE000000000000
(1790640831.732398) vcan0 300#FEE0000000000000
(1790640831.741989) vcan0 100#0D92000000000000
(1790640831.742070) vcan0 200#3400000000000000
(1790640831.742081) vcan0 300#FEE1000000000000
(1790640831.751823) vcan0 300#FEE3000000000000
(1790640831.762179) vcan0 100#0D90000000000000
(1790640831.762267) vcan0 300#FEE5000000000000
(1790640831.771180) vcan0 300#FEE7000000000000
(1790640831.782568) vcan0 100#0D8F000000000000
(1790640831.782660) vcan0 300#FEE9000000000000
(1790640831.792792) vcan0 200#3400000000000000
(1790640831.792895) vcan0 300#FEEB000000000000
(1790640831.802366) vcan0 100#0D8E000000000000
(1790640831.802453) vcan0 300#FEEE000000000000
(1790640831.811733) vcan0 300#FEF0000000000000
(1790640831.822114) vcan0 100#0D8D000000000000
(1790640831.822190) vcan0 300#FEF3000000000000
(1790640831.831926) vcan0 300#FEF5000000000000
(1790640831.843713) vcan0 100#0D8C000000000000
(1790640831.843855) vcan0 200#3400000000000000
(1790640831.843871) vcan0 300#FEF8000000000000
(1790640831.852491) vcan0 300#FEFB000000000000
(1790640831.861074) vcan0 100#0D8B000000000000
(1790640831.861165) vcan0 300#FEFE000000000000
(1790640831.872531) vcan0 300#FF01000000000000
(1790640831.881989) vcan0 100#0D89000000000000
(1790640831.882103) vcan0 300#FF04000000000000
(1790640831.891710) vcan0 200#3400000000000000
(1790640831.891797) vcan0 300#FF07000000000000
(1790640831.902534) vcan0 100#0D88000000000000
(1790640831.902620) vcan0 300#FF0B000000000000
(1790640831.912906) vcan0 300#FF0F000000000000
(1790640831.921214) vcan0 100#0D87000000000000
(1790640831.921285) vcan0 300#FF12000000000000
(1790640831.932483) vcan0 300#FF16000000000000
(1790640831.939632) vcan0 400#0200000000000000
(1790640831.941604) vcan0 100#0D85000000000000
(1790640831.941672) vcan0 200#3400000000000000
(1790640831.941681) vcan0 300#FF19000000000000
(1790640831.951679) vcan0 300#FF1D000000000000
(1790640831.962605) vcan0 100#0D84000000000000
(1790640831.962687) vcan0 300#FF21000000000000
(1790640831.971675) vcan0 300#FF25000000000000
(1790640831.981058) vcan0 100#0D83000000000000
(1790640831.981149) vcan0 300#FF29000000000000
(1790640831.991612) vcan0 200#3400000000000000
(1790640831.991718) vcan0 300#FF2D000000000000
(1790640832.001405) vcan0 100#0D81000000000000
(1790640832.001567) vcan0 300#FF32000000000000
(1790640832.012998) vcan0 300#FF37000000000000
(1790640832.022223) vcan0 100#0D80000000000000
(1790640832.022356) vcan0 300#FF3B000000000000
(1790640832.032568) vcan0 300#FF40000000000000
(1790640832.042874) vcan0 100#0D7E000000000000
(1790640832.042973) vcan0 200#3400000000000000
(1790640832.042986) vcan0 300#FF44000000000000
(1790640832.043001) vcan0 400#0400000000000000
(1790640832.051511) vcan0 300#FF48000000000000
(1790640832.061046) vcan0 100#0D7D000000000000
(1790640832.061113) vcan0 300#FF4D000000000000
(1790640832.071540) vcan0 300#FF52000000000000
(1790640832.081333) vcan0 100#0D7B000000000000
(1790640832.081407) vcan0 300#FF57000000000000
(1790640832.091742) vcan0 200#3400000000000000
(1790640832.091823) vcan0 300#FF5C000000000000
(1790640832.102257) vcan0 100#0D7A000000000000
(1790640832.102378) vcan0 300#FF61000000000000
(1790640832.112400) vcan0 300#FF67000000000000
(1790640832.122219) vcan0 100#0D78000000000000
(1790640832.122276) vcan0 300#FF6C000000000000
(1790640832.132480) vcan0 300#FF71000000000000
(1790640832.141185) vcan0 100#0D77000000000000
(1790640832.141235) vcan0 200#3400000000000000
(1790640832.141244) vcan0 300#FF76000000000000
(1790640832.152372) vcan0 300#FF7C000000000000
(1790640832.161537) vcan0 100#0D75000000000000
(1790640832.161597) vcan0 300#FF81000000000000
(1790640832.172051) vcan0 300#FF86000000000000
(1790640832.182332) vcan0 100#0D73000000000000
(1790640832.182351) vcan0 300#FF8C000000000000
(1790640832.193537) vcan0 200#3400000000000000
(1790640832.193594) vcan0 300#FF92000000000000
(1790640832.202252) vcan0 100#0D72000000000000
(1790640832.202305) vcan0 300#FF97000000000000
(1790640832.211828) vcan0 300#FF9D000000000000
(1790640832.222338) vcan0 100#0D70000000000000
(1790640832.222402) vcan0 300#FFA2000000000000
(1790640832.232885) vcan0 300#FFA9000000000000
(1790640832.240587) vcan0 400#0000000000000000
(1790640832.242263) vcan0 100#0D6E000000000000
(1790640832.242329) vcan0 200#3300000000000000
(1790640832.242340) vcan0 300#FFAE000000000000
(1790640832.251576) vcan0 300#FFB3000000000000
(1790640832.261096) vcan0 100#0D6D000000000000
(1790640832.261170) vcan0 300#FFB9000000000000
(1790640832.271509) vcan0 300#FFBF000000000000
(1790640832.281987) vcan0 100#0D6B000000000000
(1790640832.282015) vcan0 300#FFC5000000000000
(1790640832.291468) vcan0 200#3300000000000000
(1790640832.291536) vcan0 300#FFCB000000000000
(1790640832.301245) vcan0 100#0D69000000000000
(1790640832.301271) vcan0 300#FFD0000000000000
(1790640832.312503) vcan0 300#FFD7000000000000
(1790640832.322677) vcan0 100#0D67000000000000
(1790640832.322713) vcan0 300#FFDD000000000000
(1790640832.332225) vcan0 300#FFE3000000000000
(1790640832.342706) vcan0 100#0D66000000000000
(1790640832.342809) vcan0 200#3300000000000000
(1790640832.342842) vcan0 300#FFE9000000000000
(1790640832.352510) vcan0 300#FFEF000000000000
(1790640832.361943) vcan0 100#0D64000000000000
(1790640832.361990) vcan0 300#FFF5000000000000
(1790640832.372694) vcan0 300#FFFB000000000000
(1790640832.382284) vcan0 100#0D62000000000000
(1790640832.382327) vcan0 300#0000000000000000
(1790640832.392465) vcan0 200#3300000000000000
(1790640832.392546) vcan0 300#0006000000000000
(1790640832.403137) vcan0 100#0D60000000000000
(1790640832.403246) vcan0 300#000C000000000000
(1790640832.411314) vcan0 300#0011000000000000
(1790640832.422886) vcan0 100#0D5E000000000000
(1790640832.422926) vcan0 300#0018000000000000
(1790640832.433013) vcan0 300#001E000000000000
(1790640832.441924) vcan0 100#0D5C000000000000
(1790640832.441959) vcan0 200#3300000000000000
(1790640832.441974) vcan0 300#0024000000000000
(1790640832.452065) vcan0 300#002A000000000000
(1790640832.462377) vcan0 100#0D5A000000000000
(1790640832.462461) vcan0 300#0030000000000000
(1790640832.472079) vcan0 300#0035000000000000
(1790640832.482995) vcan0 100#0D58000000000000
(1790640832.483041) vcan0 300#003C000000000000
(1790640832.492167) vcan0 200#3300000000000000
(1790640832.492258) vcan0 300#0041000000000000
(1790640832.501852) vcan0 100#0D57000000000000
(1790640832.501884) vcan0 300#0047000000000000
(1790640832.512601) vcan0 300#004D000000000000
(1790640832.521068) vcan0 100#0D55000000000000
(1790640832.521107) vcan0 300#0052000000000000
(1790640832.531475) vcan0 300#0058000000000000
(1790640832.541075) vcan0 100#0D53000000000000
(1790640832.541110) vcan0 200#3300000000000000
(1790640832.541123) vcan0 300#005D000000000000
(1790640832.541139) vcan0 400#0400000000000000
(1790640832.541149) vcan0 500#2A00000000000000
(1790640832.541324) vcan0 400#0100000000000000
(1790640832.552136) vcan0 300#0064000000000000
(1790640832.563086) vcan0 100#0D50000000000000
(1790640832.563115) vcan0 300#006A000000000000
(1790640832.572418) vcan0 300#006F000000000000
(1790640832.582515) vcan0 100#0D4E000000000000
(1790640832.582546) vcan0 300#0075000000000000
(1790640832.591535) vcan0 200#3300000000000000
(1790640832.591617) vcan0 300#007A000000000000
(1790640832.601139) vcan0 100#0D4C000000000000
(1790640832.601244) vcan0 300#007F000000000000
(1790640832.611957) vcan0 300#0085000000000000
(1790640832.621092) vcan0 100#0D4A000000000000
(1790640832.621205) vcan0 300#008A000000000000
(1790640832.632771) vcan0 300#0090000000000000
(1790640832.642364) vcan0 100#0D48000000000000
(1790640832.642407) vcan0 200#3300000000000000
(1790640832.642427) vcan0 300#0095000000000000
(1790640832.652915) vcan0 300#009A000000000000
(1790640832.662202) vcan0 100#0D46000000000000
(1790640832.662274) vcan0 300#009F000000000000
(1790640832.671613) vcan0 300#00A4000000000000
(1790640832.682327) vcan0 100#0D44000000000000
(1790640832.682360) vcan0 300#00A9000000000000
(1790640832.691963) vcan0 200#3300000000000000
(1790640832.692044) vcan0 300#00AE000000000000
(1790640832.702953) vcan0 100#0D41000000000000
(1790640832.703032) vcan0 300#00B3000000000000
(1790640832.712104) vcan0 300#00B8000000000000
(1790640832.721755) vcan0 100#0D3F000000000000
(1790640832.721783) vcan0 300#00BC000000000000
(1790640832.732046) vcan0 300#00C1000000000000
(1790640832.742347) vcan0 100#0D3D000000000000
(1790640832.742380) vcan0 200#3300000000000000
(1790640832.742390) vcan0 300#00C6000000000000
(1790640832.751772) vcan0 300#00CA000000000000
(1790640832.762667) vcan0 100#0D3B000000000000
(1790640832.762700) vcan0 300#00CF000000000000
(1790640832.771845) vcan0 300#00D3000000000000
(1790640832.782748) vcan0 100#0D38000000000000
(1790640832.782779) vcan0 300#00D7000000000000
(1790640832.791268) vcan0 200#3300000000000000
(1790640832.791353) vcan0 300#00DB000000000000
(1790640832.803008) vcan0 100#0D36000000000000
(1790640832.803092) vcan0 300#00DF000000000000
(1790640832.812725) vcan0 300#00E3000000000000
(1790640832.822458) vcan0 100#0D34000000000000
(1790640832.822508) vcan0 300#00E7000000000000
(1790640832.831371) vcan0 300#00EA000000000000
(1790640832.841287) vcan0 100#0D32000000000000
(1790640832.841333) vcan0 200#3300000000000000
(1790640832.841350) vcan0 300#00EE000000000000
(1790640832.844587) vcan0 400#0400000000000000
(1790640832.851347) vcan0 300#00F2000000000000
(1790640832.862122) vcan0 100#0D2F000000000000
(1790640832.862159) vcan0 300#00F5000000000000
(1790640832.872576) vcan0 300#00F9000000000000
(1790640832.881913) vcan0 100#0D2D000000000000
(1790640832.881951) vcan0 300#00FC000000000000
(1790640832.892968) vcan0 200#3300000000000000
(1790640832.893069) vcan0 300#0100000000000000
(1790640832.901245) vcan0 100#0D2A000000000000
(1790640832.901284) vcan0 300#0102000000000000
(1790640832.911653) vcan0 300#0105000000000000
(1790640832.922464) vcan0 100#0D28000000000000
(1790640832.922562) vcan0 300#0108000000000000
(1790640832.932037) vcan0 300#010B000000000000
(1790640832.941383) vcan0 100#0D25000000000000
(1790640832.941423) vcan0 200#3300000000000000
(1790640832.941440) vcan0 300#010D000000000000
(1790640832.951741) vcan0 300#0110000000000000
(1790640832.962183) vcan0 100#0D23000000000000
(1790640832.962263) vcan0 300#0113000000000000
(1790640832.971705) vcan0 300#0115000000000000
(1790640832.981928) vcan0 100#0D20000000000000
(1790640832.981995) vcan0 300#0117000000000000
(1790640832.991707) vcan0 200#3300000000000000
(1790640832.991773) vcan0 300#0119000000000000
(1790640833.001957) vcan0 100#0D1E000000000000
(1790640833.002010) vcan0 300#011B000000000000
(1790640833.012709) vcan0 300#011D000000000000
(1790640833.021527) vcan0 100#0D1B000000000000
(1790640833.021546) vcan0 300#011F000000000000
(1790640833.031775) vcan0 300#0121000000000000
(1790640833.041119) vcan0 100#0D19000000000000
(1790640833.041141) vcan0 200#3300000000000000
(1790640833.041149) vcan0 300#0122000000000000
(1790640833.041160) vcan0 400#0000000000000000
(1790640833.051113) vcan0 300#0123000000000000
(1790640833.062023) vcan0 100#0D16000000000000
(1790640833.062085) vcan0 300#0125000000000000
(1790640833.071720) vcan0 300#0126000000000000
(1790640833.081155) vcan0 100#0D14000000000000
(1790640833.081176) vcan0 300#0127000000000000
(1790640833.091443) vcan0 200#3300000000000000
(1790640833.091505) vcan0 300#0128000000000000
(1790640833.102006) vcan0 100#0D11000000000000
(1790640833.102027) vcan0 300#0129000000000000
(1790640833.111376) vcan0 300#012A000000000000
(1790640833.122843) vcan0 100#0D0E000000000000
(1790640833.122866) vcan0 300#012A000000000000
(1790640833.131183) vcan0 300#012B000000000000
(1790640833.141862) vcan0 100#0D0B000000000000
(1790640833.141884) vcan0 200#3300000000000000
(1790640833.141892) vcan0 300#012B000000000000
(1790640833.147206) vcan0 400#0000000000000000
(1790640833.151240) vcan0 300#012B000000000000
(1790640833.161270) vcan0 100#0D09000000000000
(1790640833.161448) vcan0 300#012B000000000000
(1790640833.171358) vcan0 300#012B000000000000
(1790640833.181043) vcan0 100#0D06000000000000
(1790640833.181065) vcan0 300#012B000000000000
(1790640833.191737) vcan0 200#3300000000000000
(1790640833.191806) vcan0 300#012B000000000000
(1790640833.201149) vcan0 100#0D03000000000000
(1790640833.201186) vcan0 300#012B000000000000
(1790640833.212401) vcan0 300#012A000000000000
(1790640833.222720) vcan0 100#0D00000000000000
(1790640833.222772) vcan0 300#012A000000000000
(1790640833.231066) vcan0 300#0129000000000000
(1790640833.241994) vcan0 100#0CFE000000000000
(1790640833.242038) vcan0 200#3300000000000000
(1790640833.242056) vcan0 300#0128000000000000
(1790640833.251094) vcan0 300#0127000000000000
(1790640833.261359) vcan0 100#0CFB000000000000
(1790640833.261481) vcan0 300#0126000000000000
(1790640833.273250) vcan0 300#0125000000000000
(1790640833.290525) vcan0 100#0CF7000000000000
(1790640833.290579) vcan0 300#0122000000000000
(1790640833.292511) vcan0 200#3300000000000000
(1790640833.292611) vcan0 300#0122000000000000
(1790640833.301219) vcan0 100#0CF5000000000000
(1790640833.301345) vcan0 300#0121000000000000
(1790640833.311616) vcan0 300#011F000000000000
(1790640833.321733) vcan0 100#0CF2000000000000
(1790640833.321974) vcan0 300#011D000000000000
(1790640833.332613) vcan0 300#011B000000000000
(1790640833.342012) vcan0 100#0CEF000000000000
(1790640833.342083) vcan0 200#3300000000000000
(1790640833.342101) vcan0 300#0119000000000000
(1790640833.352803) vcan0 300#0117000000000000
(1790640833.361398) vcan0 100#0CED000000000000
(1790640833.361518) vcan0 300#0115000000000000
(1790640833.372691) vcan0 300#0113000000000000
(1790640833.382425) vcan0 100#0CE9000000000000
(1790640833.382542) vcan0 300#0110000000000000
(1790640833.392572) vcan0 200#3300000000000000
(1790640833.392619) vcan0 300#010E000000000000
(1790640833.410358) vcan0 100#0CE5000000000000
(1790640833.412775) vcan0 300#0109000000000000
(1790640833.414241) vcan0 300#0108000000000000
(1790640833.423650) vcan0 100#0CE3000000000000
(1790640833.423784) vcan0 300#0105000000000000
(1790640833.432504) vcan0 300#0102000000000000
(1790640833.443142) vcan0 100#0CE0000000000000
(1790640833.443193) vcan0 200#3300000000000000
(1790640833.443212) vcan0 300#00FF000000000000
(1790640833.448889) vcan0 400#0400000000000000
(1790640833.452606) vcan0 300#00FC000000000000
(1790640833.462036) vcan0 100#0CDE000000000000
(1790640833.462163) vcan0 300#00F9000000000000
(1790640833.472098) vcan0 300#00F5000000000000
(1790640833.483182) vcan0 100#0CDA000000000000
(1790640833.483216) vcan0 300#00F2000000000000
(1790640833.494530) vcan0 200#3300000000000000
(1790640833.494565) vcan0 300#00ED000000000000
(1790640833.504220) vcan0 100#0CD7000000000000
(1790640833.504305) vcan0 300#00EA000000000000
(1790640833.523362) vcan0 100#0CD4000000000000
(1790640833.523480) vcan0 300#00E3000000000000
(1790640833.538315) vcan0 300#00DD000000000000
(1790640833.539701) vcan0 300#00DC000000000000
(1790640833.549391) vcan0 100#0CD0000000000000
(1790640833.549433) vcan0 200#3300000000000000
(1790640833.549450) vcan0 300#00D8000000000000
(1790640833.549471) vcan0 400#0100000000000000
(1790640833.549486) vcan0 500#2B00000000000000
(1790640833.549499) vcan0 7DF#0201050000000000
(1790640833.551275) vcan0 300#00D7000000000000
(1790640833.568220) vcan0 100#0CCD000000000000
(1790640833.568330) vcan0 300#00D0000000000000
(1790640833.574830) vcan0 300#00CD000000000000
(1790640833.581581) vcan0 100#0CCB000000000000
(1790640833.581890) vcan0 300#00CA000000000000
(1790640833.601390) vcan0 100#0CC8000000000000
(1790640833.601437) vcan0 200#3300000000000000
(1790640833.601454) vcan0 300#00C1000000000000
(1790640833.602708) vcan0 300#00C1000000000000
(1790640833.613117) vcan0 300#00BC000000000000
(1790640833.628711) vcan0 100#0CC4000000000000
(1790640833.628765) vcan0 300#00B5000000000000
(1790640833.632309) vcan0 300#00B3000000000000
(1790640833.642863) vcan0 100#0CC1000000000000
(1790640833.642976) vcan0 200#3300000000000000
(1790640833.643008) vcan0 300#00AE000000000000
(1790640833.662152) vcan0 100#0CBE000000000000
(1790640833.662394) vcan0 300#00A4000000000000
(1790640833.664545) vcan0 300#00A3000000000000
(1790640833.671615) vcan0 300#009F000000000000
(1790640833.685423) vcan0 100#0CBA000000000000
(1790640833.685467) vcan0 300#0098000000000000
(1790640833.692065) vcan0 200#3300000000000000
(1790640833.692165) vcan0 300#0095000000000000
(1790640833.701778) vcan0 100#0CB8000000000000
(1790640833.701885) vcan0 300#0090000000000000
(1790640833.716454) vcan0 300#0088000000000000
(1790640833.729568) vcan0 100#0CB3000000000000
(1790640833.729612) vcan0 300#0081000000000000
(1790640833.731453) vcan0 300#0080000000000000
(1790640833.742206) vcan0 100#0CB1000000000000
(1790640833.742311) vcan0 200#3300000000000000
(1790640833.742343) vcan0 300#007A000000000000
(1790640833.749498) vcan0 400#0000000000000000
(1790640833.751365) vcan0 300#0075000000000000
(1790640833.761638) vcan0 100#0CAE000000000000
(1790640833.761752) vcan0 300#006F000000000000
(1790640833.775021) vcan0 300#0068000000000000
(1790640833.781298) vcan0 100#0CAA000000000000
(1790640833.781346) vcan0 300#0064000000000000
(1790640833.791987) vcan0 200#3300000000000000
(1790640833.792069) vcan0 300#005E000000000000
(1790640833.802533) vcan0 100#0CA7000000000000
(1790640833.802659) vcan0 300#0058000000000000
(1790640833.824279) vcan0 100#0CA3000000000000
(1790640833.824461) vcan0 300#004C000000000000
(1790640833.840896) vcan0 300#0042000000000000
(1790640833.842753) vcan0 100#0CA0000000000000
(1790640833.842827) vcan0 200#3300000000000000
(1790640833.842860) vcan0 300#0041000000000000
(1790640833.845305) vcan0 300#003F000000000000
(1790640833.851746) vcan0 300#003C000000000000
(1790640833.862372) vcan0 100#0C9D000000000000
(1790640833.862501) vcan0 300#0035000000000000
(1790640833.872632) vcan0 300#002F000000000000
(1790640833.881783) vcan0 100#0C99000000000000
(1790640833.881830) vcan0 300#002A000000000000
(1790640833.896926) vcan0 200#3300000000000000
(1790640833.897096) vcan0 300#0021000000000000
(1790640833.902114) vcan0 100#0C96000000000000
(1790640833.902177) vcan0 300#001E000000000000
(1790640833.921895) vcan0 100#0C92000000000000
(1790640833.922036) vcan0 300#0012000000000000
(1790640833.923868) vcan0 300#0011000000000000
(1790640833.934111) vcan0 300#000B000000000000
(1790640833.942144) vcan0 100#0C8F000000000000
(1790640833.942284) vcan0 200#3300000000000000
(1790640833.942338) vcan0 300#0006000000000000
(1790640833.951818) vcan0 300#0000000000000000
(1790640834.110027) vcan0 100#0C71000000000000
(1790640834.110453) vcan0 200#3300000000000000
(1790640834.110666) vcan0 300#FFA4000000000000
(1790640834.110868) vcan0 400#0400000000000000
(1790640834.110918) vcan0 400#0000000000000000
(1790640834.112187) vcan0 100#0C70000000000000
(1790640834.112220) vcan0 200#3300000000000000
(1790640834.112232) vcan0 300#FFA2000000000000
(1790640834.114695) vcan0 100#0C70000000000000
(1790640834.114726) vcan0 200#3300000000000000
(1790640834.114737) vcan0 300#FFA1000000000000
(1790640834.116643) vcan0 100#0C6F000000000000
(1790640834.116712) vcan0 300#FFA0000000000000
(1790640834.120096) vcan0 100#0C6F000000000000
(1790640834.120153) vcan0 300#FF9E000000000000
(1790640834.124857) vcan0 100#0C6E000000000000
(1790640834.124943) vcan0 300#FF9B000000000000
(1790640834.128598) vcan0 100#0C6D000000000000
(1790640834.128685) vcan0 300#FF99000000000000
(1790640834.132715) vcan0 100#0C6C000000000000
(1790640834.132851) vcan0 300#FF97000000000000
(1790640834.135567) vcan0 100#0C6C000000000000
(1790640834.135656) vcan0 300#FF95000000000000
(1790640834.137057) vcan0 300#FF94000000000000
(1790640834.139238) vcan0 300#FF93000000000000
(1790640834.140781) vcan0 300#FF92000000000000
(1790640834.143661) vcan0 100#0C6A000000000000
(1790640834.143730) vcan0 200#3300000000000000
(1790640834.143754) vcan0 300#FF91000000000000
(1790640834.146445) vcan0 300#FF8F000000000000
(1790640834.155179) vcan0 300#FF8A000000000000
(1790640834.156883) vcan0 300#FF89000000000000
(1790640834.158579) vcan0 300#FF88000000000000
(1790640834.160196) vcan0 300#FF87000000000000
(1790640834.162192) vcan0 100#0C67000000000000
(1790640834.162225) vcan0 300#FF86000000000000
(1790640834.163969) vcan0 300#FF85000000000000
(1790640834.165342) vcan0 300#FF85000000000000
(1790640834.172769) vcan0 300#FF81000000000000
(1790640834.181380) vcan0 100#0C63000000000000
(1790640834.181444) vcan0 300#FF7C000000000000
(1790640834.193549) vcan0 200#3200000000000000
(1790640834.193629) vcan0 300#FF75000000000000
(1790640834.203344) vcan0 100#0C5F000000000000
(1790640834.203443) vcan0 300#FF70000000000000
(1790640834.211177) vcan0 300#FF6C000000000000
(1790640834.221578) vcan0 100#0C5C000000000000
(1790640834.221674) vcan0 300#FF67000000000000
(1790640834.232391) vcan0 300#FF61000000000000
(1790640834.242748) vcan0 100#0C58000000000000
(1790640834.242874) vcan0 200#3200000000000000
(1790640834.242909) vcan0 300#FF5C000000000000
(1790640834.252074) vcan0 300#FF57000000000000
(1790640834.339291) vcan0 100#0C45000000000000
(1790640834.339940) vcan0 200#3200000000000000
(1790640834.340017) vcan0 300#FF2F000000000000
(1790640834.343606) vcan0 100#0C45000000000000
(1790640834.343654) vcan0 200#3200000000000000
(1790640834.343869) vcan0 300#FF2E000000000000
(1790640834.346679) vcan0 100#0C44000000000000
(1790640834.346725) vcan0 300#FF2C000000000000
(1790640834.348858) vcan0 100#0C43000000000000
(1790640834.348963) vcan0 300#FF2B000000000000
(1790640834.351156) vcan0 100#0C43000000000000
(1790640834.351238) vcan0 300#FF2A000000000000
(1790640834.353781) vcan0 300#FF29000000000000
(1790640834.358221) vcan0 300#FF27000000000000
(1790640834.360007) vcan0 300#FF26000000000000
(1790640834.361595) vcan0 100#0C41000000000000
(1790640834.361641) vcan0 300#FF26000000000000
(1790640834.365174) vcan0 300#FF24000000000000
(1790640834.366400) vcan0 300#FF24000000000000
(1790640834.371793) vcan0 300#FF21000000000000
(1790640834.395614) vcan0 100#0C3A000000000000
(1790640834.395787) vcan0 200#3200000000000000
(1790640834.395844) vcan0 300#FF18000000000000
(1790640834.407751) vcan0 100#0C38000000000000
(1790640834.407811) vcan0 300#FF14000000000000
(1790640834.417243) vcan0 300#FF10000000000000
(1790640834.419100) vcan0 300#FF0F000000000000
(1790640834.421147) vcan0 100#0C35000000000000
(1790640834.421247) vcan0 300#FF0F000000000000
(1790640834.422168) vcan0 400#0000000000000000
(1790640834.431606) vcan0 300#FF0B000000000000
(1790640834.441599) vcan0 100#0C31000000000000
(1790640834.441643) vcan0 200#3200000000000000
(1790640834.441662) vcan0 300#FF08000000000000
(1790640834.452299) vcan0 300#FF04000000000000
(1790640834.462795) vcan0 100#0C2D000000000000
(1790640834.462944) vcan0 300#FF01000000000000
(1790640834.472956) vcan0 300#FEFE000000000000
(1790640834.561738) vcan0 100#0C19000000000000
(1790640834.561816) vcan0 200#3200000000000000
(1790640834.561848) vcan0 300#FEE7000000000000
(1790640834.561888) vcan0 400#0200000000000000
(1790640834.561913) vcan0 500#2C00000000000000
(1790640834.564051) vcan0 100#0C18000000000000
(1790640834.564172) vcan0 200#3200000000000000
(1790640834.564218) vcan0 300#FEE6000000000000
(1790640834.623397) vcan0 100#0C0C000000000000
(1790640834.623547) vcan0 200#3200000000000000
(1790640834.623605) vcan0 300#FEDC000000000000
(1790640834.681583) vcan0 100#0C00000000000000
(1790640834.682208) vcan0 200#3200000000000000
(1790640834.682267) vcan0 300#FED6000000000000
(1790640834.684411) vcan0 100#0BFF000000000000
(1790640834.684510) vcan0 300#FED6000000000000
(1790640834.686336) vcan0 100#0BFF000000000000
(1790640834.686431) vcan0 300#FED6000000000000
(1790640834.687687) vcan0 100#0BFF000000000000
(1790640834.687761) vcan0 300#FED6000000000000
(1790640834.689214) vcan0 100#0BFE000000000000
(1790640834.689291) vcan0 300#FED6000000000000
(1790640834.707238) vcan0 100#0BFB000000000000
(1790640834.707300) vcan0 200#3200000000000000
(1790640834.707330) vcan0 300#FED5000000000000
(1790640834.723494) vcan0 100#0BF7000000000000
(1790640834.723577) vcan0 300#FED5000000000000
(1790640834.738927) vcan0 100#0BF4000000000000
(1790640834.739103) vcan0 300#FED5000000000000
(1790640834.740701) vcan0 100#0BF4000000000000
(1790640834.740817) vcan0 300#FED5000000000000
(1790640834.742673) vcan0 100#0BF3000000000000
(1790640834.742784) vcan0 200#3200000000000000
(1790640834.742831) vcan0 300#FED5000000000000
(1790640834.745224) vcan0 100#0BF3000000000000
(1790640834.745332) vcan0 300#FED5000000000000
(1790640834.752287) vcan0 300#FED5000000000000
(1790640834.757993) vcan0 300#FED5000000000000
(1790640834.759919) vcan0 300#FED5000000000000
(1790640834.762885) vcan0 100#0BEF000000000000
(1790640834.763020) vcan0 300#FED5000000000000
(1790640834.765688) vcan0 300#FED5000000000000
(1790640834.766752) vcan0 400#0200000000000000
(1790640834.767599) vcan0 300#FED5000000000000
(1790640834.769080) vcan0 300#FED5000000000000
(1790640834.770431) vcan0 300#FED5000000000000
(1790640834.772448) vcan0 300#FED5000000000000
(1790640834.775353) vcan0 300#FED5000000000000
(1790640834.777003) vcan0 300#FED5000000000000
(1790640834.778715) vcan0 300#FED5000000000000
(1790640834.780584) vcan0 300#FED6000000000000
(1790640834.782063) vcan0 100#0BEB000000000000
(1790640834.782095) vcan0 300#FED6000000000000
(1790640834.783349) vcan0 300#FED6000000000000
(1790640834.785715) vcan0 300#FED6000000000000
(1790640834.799835) vcan0 200#3200000000000000
(1790640834.799899) vcan0 300#FED7000000000000
(1790640834.811827) vcan0 100#0BE4000000000000
(1790640834.811962) vcan0 300#FED8000000000000
(1790640834.823361) vcan0 100#0BE2000000000000
(1790640834.823500) vcan0 300#FED9000000000000
(1790640834.833709) vcan0 300#FEDA000000000000
(1790640834.835577) vcan0 300#FEDA000000000000
(1790640834.842646) vcan0 100#0BDE000000000000
(1790640834.842704) vcan0 200#3200000000000000
(1790640834.842731) vcan0 300#FEDB000000000000
(1790640834.844518) vcan0 300#FEDB000000000000
(1790640834.852770) vcan0 300#FEDC000000000000
(1790640834.862600) vcan0 100#0BD9000000000000
(1790640834.862641) vcan0 300#FEDE000000000000
(1790640834.871900) vcan0 300#FEDF000000000000
(1790640834.883842) vcan0 100#0BD5000000000000
(1790640834.883890) vcan0 300#FEE1000000000000
(1790640834.895799) vcan0 200#3200000000000000
(1790640834.895861) vcan0 300#FEE3000000000000
(1790640834.903541) vcan0 100#0BD1000000000000
(1790640834.903994) vcan0 300#FEE5000000000000
(1790640834.911184) vcan0 300#FEE6000000000000
(1790640834.927059) vcan0 100#0BCB000000000000
(1790640834.927184) vcan0 300#FEEA000000000000
(1790640834.935442) vcan0 300#FEEC000000000000
(1790640834.942613) vcan0 100#0BC8000000000000
(1790640834.942744) vcan0 200#3200000000000000
(1790640834.942795) vcan0 300#FEED000000000000
(1790640835.008221) vcan0 100#0BB9000000000000
(1790640835.008299) vcan0 200#3200000000000000
(1790640835.008329) vcan0 300#FEFF000000000000
(1790640835.054449) vcan0 100#0BAF000000000000
(1790640835.054634) vcan0 200#3200000000000000
(1790640835.054690) vcan0 300#FF0F000000000000
(1790640835.054746) vcan0 400#0000000000000000
(1790640835.056534) vcan0 100#0BAE000000000000
(1790640835.056653) vcan0 300#FF0F000000000000
(1790640835.058437) vcan0 100#0BAE000000000000
(1790640835.058538) vcan0 300#FF10000000000000
(1790640835.060519) vcan0 100#0BAE000000000000
(1790640835.060609) vcan0 300#FF11000000000000
(1790640835.062539) vcan0 100#0BAD000000000000
(1790640835.062637) vcan0 300#FF12000000000000
(1790640835.064466) vcan0 300#FF12000000000000
(1790640835.066393) vcan0 300#FF13000000000000
(1790640835.068801) vcan0 300#FF14000000000000
(1790640835.070729) vcan0 300#FF15000000000000
(1790640835.072748) vcan0 300#FF15000000000000
(1790640835.075417) vcan0 300#FF16000000000000
(1790640835.089524) vcan0 100#0BA7000000000000
(1790640835.089587) vcan0 300#FF1C000000000000
(1790640835.091840) vcan0 200#3200000000000000
(1790640835.091941) vcan0 300#FF1D000000000000
(1790640835.101416) vcan0 100#0BA4000000000000
(1790640835.101538) vcan0 300#FF20000000000000
(1790640835.103606) vcan0 300#FF21000000000000
(1790640835.111680) vcan0 300#FF24000000000000
(1790640835.115690) vcan0 400#0200000000000000
(1790640835.121538) vcan0 100#0BA0000000000000
(1790640835.121583) vcan0 300#FF29000000000000
(1790640835.132940) vcan0 300#FF2D000000000000
(1790640835.141221) vcan0 100#0B9B000000000000
(1790640835.141325) vcan0 200#3200000000000000
(1790640835.141364) vcan0 300#FF31000000000000
(1790640835.151658) vcan0 300#FF35000000000000
(1790640835.161433) vcan0 100#0B97000000000000
(1790640835.161465) vcan0 300#FF3A000000000000
(1790640835.172695) vcan0 300#FF3F000000000000
(1790640835.182475) vcan0 100#0B92000000000000
(1790640835.182498) vcan0 300#FF43000000000000
(1790640835.193796) vcan0 200#3200000000000000
(1790640835.193880) vcan0 300#FF49000000000000
(1790640835.202084) vcan0 100#0B8D000000000000
(1790640835.202169) vcan0 300#FF4D000000000000
(1790640835.212658) vcan0 300#FF52000000000000
(1790640835.223141) vcan0 100#0B88000000000000
(1790640835.223180) vcan0 300#FF57000000000000
(1790640835.265012) vcan0 100#0B7F000000000000
(1790640835.265101) vcan0 200#3200000000000000
(1790640835.265137) vcan0 300#FF6C000000000000
(1790640835.267463) vcan0 100#0B7E000000000000
(1790640835.267576) vcan0 300#FF6E000000000000
(1790640835.270078) vcan0 300#FF6F000000000000
(1790640835.274033) vcan0 300#FF71000000000000
(1790640835.276577) vcan0 300#FF72000000000000
(1790640835.283793) vcan0 100#0B7A000000000000
(1790640835.283892) vcan0 300#FF76000000000000
(1790640835.291433) vcan0 200#3200000000000000
(1790640835.291563) vcan0 300#FF7A000000000000
(1790640835.312897) vcan0 100#0B73000000000000
(1790640835.313062) vcan0 300#FF86000000000000
(1790640835.325665) vcan0 100#0B70000000000000
(1790640835.325733) vcan0 300#FF8D000000000000
(1790640835.327287) vcan0 300#FF8E000000000000
(1790640835.334354) vcan0 300#FF92000000000000
(1790640835.344442) vcan0 100#0B6C000000000000
(1790640835.344530) vcan0 200#3200000000000000
(1790640835.344562) vcan0 300#FF97000000000000
(1790640835.352346) vcan0 300#FF9C000000000000
(1790640835.364450) vcan0 100#0B67000000000000
(1790640835.364501) vcan0 300#FFA3000000000000
(1790640835.373790) vcan0 300#FFA8000000000000
(1790640835.385632) vcan0 100#0B62000000000000
(1790640835.385774) vcan0 300#FFAF000000000000
(1790640835.396150) vcan0 200#3200000000000000
(1790640835.396284) vcan0 300#FFB5000000000000
(1790640835.402094) vcan0 100#0B5E000000000000
(1790640835.402212) vcan0 300#FFB8000000000000
(1790640835.412134) vcan0 300#FFBE000000000000
(1790640835.417801) vcan0 400#0000000000000000
(1790640835.421436) vcan0 100#0B5A000000000000
(1790640835.421486) vcan0 300#FFC4000000000000
(1790640835.433217) vcan0 300#FFCB000000000000
(1790640835.442717) vcan0 100#0B55000000000000
(1790640835.442825) vcan0 200#3200000000000000
(1790640835.442857) vcan0 300#FFD0000000000000
(1790640835.452060) vcan0 300#FFD6000000000000
(1790640835.462634) vcan0 100#0B50000000000000
(1790640835.462679) vcan0 300#FFDC000000000000
(1790640835.486211) vcan0 100#0B4A000000000000
(1790640835.486384) vcan0 300#FFEA000000000000
(1790640835.488340) vcan0 300#FFEB000000000000
(1790640835.503767) vcan0 100#0B46000000000000
(1790640835.503903) vcan0 200#3200000000000000
(1790640835.503958) vcan0 300#FFF5000000000000
(1790640835.515893) vcan0 300#FFFC000000000000
(1790640835.527554) vcan0 100#0B40000000000000
(1790640835.527622) vcan0 300#0002000000000000
(1790640835.538276) vcan0 300#0008000000000000
(1790640835.539780) vcan0 300#0009000000000000
(1790640835.547315) vcan0 100#0B3B000000000000
(1790640835.547378) vcan0 200#3200000000000000
(1790640835.547408) vcan0 300#000E000000000000
(1790640835.547444) vcan0 400#0000000000000000
(1790640835.547468) vcan0 500#2D00000000000000
(1790640835.547493) vcan0 7DF#02010C0000000000
(1790640835.553836) vcan0 300#0012000000000000
(1790640835.561658) vcan0 100#0B38000000000000
(1790640835.561756) vcan0 300#0016000000000000
(1790640835.577927) vcan0 300#0020000000000000
(1790640835.589528) vcan0 100#0B31000000000000
(1790640835.589595) vcan0 300#0027000000000000
(1790640835.591462) vcan0 200#3200000000000000
(1790640835.591584) vcan0 300#0028000000000000
(1790640835.601736) vcan0 100#0B2E000000000000
(1790640835.601888) vcan0 300#002E000000000000
(1790640835.619641) vcan0 300#0039000000000000
(1790640835.630285) vcan0 100#0B27000000000000
(1790640835.630352) vcan0 300#003F000000000000
(1790640835.632216) vcan0 300#0040000000000000
(1790640835.645790) vcan0 100#0B23000000000000
(1790640835.645890) vcan0 200#3200000000000000
(1790640835.645926) vcan0 300#0048000000000000
(1790640835.652052) vcan0 300#004C000000000000
(1790640835.666252) vcan0 100#0B1E000000000000
(1790640835.666319) vcan0 300#0054000000000000
(1790640835.676214) vcan0 300#005A000000000000
(1790640835.683441) vcan0 100#0B1A000000000000
(1790640835.683572) vcan0 300#005E000000000000
(1790640835.691919) vcan0 200#3200000000000000
(1790640835.692054) vcan0 300#0063000000000000
(1790640835.701352) vcan0 100#0B15000000000000
(1790640835.701460) vcan0 300#0068000000000000
(1790640835.714019) vcan0 300#006F000000000000
(1790640835.719361) vcan0 400#0100000000000000
(1790640835.721847) vcan0 100#0B10000000000000
(1790640835.721889) vcan0 300#0073000000000000
(1790640835.731825) vcan0 300#0079000000000000
(1790640835.744041) vcan0 100#0B0B000000000000
(1790640835.744141) vcan0 200#3200000000000000
(1790640835.744170) vcan0 300#0080000000000000
(1790640835.752454) vcan0 300#0084000000000000
(1790640835.762806) vcan0 100#0B06000000000000
(1790640835.762852) vcan0 300#008A000000000000
(1790640835.775012) vcan0 300#0090000000000000
(1790640835.787398) vcan0 100#0B00000000000000
(1790640835.787461) vcan0 300#0097000000000000
(1790640835.794225) vcan0 200#3200000000000000
(1790640835.794291) vcan0 300#009A000000000000
(1790640835.816996) vcan0 100#0AF8000000000000
(1790640835.817127) vcan0 300#00A6000000000000
(1790640835.818840) vcan0 300#00A7000000000000
(1790640835.822810) vcan0 100#0AF7000000000000
(1790640835.822974) vcan0 300#00A9000000000000
(1790640835.832368) vcan0 300#00AD000000000000
(1790640835.846761) vcan0 100#0AF1000000000000
(1790640835.846817) vcan0 200#3200000000000000
(1790640835.846842) vcan0 300#00B4000000000000
(1790640835.859896) vcan0 300#00BB000000000000
(1790640835.869735) vcan0 100#0AEB000000000000
(1790640835.869876) vcan0 300#00BF000000000000
(1790640835.871416) vcan0 300#00C0000000000000
(1790640835.898200) vcan0 100#0AE4000000000000
(1790640835.898267) vcan0 200#3200000000000000
(1790640835.898296) vcan0 300#00CC000000000000
(1790640835.900794) vcan0 300#00CD000000000000
(1790640835.903190) vcan0 100#0AE3000000000000
(1790640835.903340) vcan0 300#00CE000000000000
(1790640835.911877) vcan0 300#00D2000000000000
(1790640835.922195) vcan0 100#0ADE000000000000
(1790640835.922263) vcan0 300#00D6000000000000
(1790640835.932850) vcan0 300#00DB000000000000
(1790640835.944713) vcan0 100#0AD8000000000000
(1790640835.944869) vcan0 200#3200000000000000
(1790640835.944927) vcan0 300#00DF000000000000
(1790640835.951758) vcan0 300#00E2000000000000
(1790640835.961808) vcan0 100#0AD4000000000000
(1790640835.961854) vcan0 300#00E6000000000000
(1790640835.977109) vcan0 300#00EC000000000000
(1790640835.981338) vcan0 100#0ACE000000000000
(1790640835.981459) vcan0 300#00ED000000000000
(1790640835.995435) vcan0 200#3200000000000000
(1790640835.995500) vcan0 300#00F2000000000000
(1790640836.008762) vcan0 100#0AC7000000000000
(1790640836.008830) vcan0 300#00F7000000000000
(1790640836.012790) vcan0 300#00F8000000000000
(1790640836.020466) vcan0 400#0400000000000000
(1790640836.154080) vcan0 100#0AA2000000000000
(1790640836.154157) vcan0 200#3200000000000000
(1790640836.154188) vcan0 300#011D000000000000
(1790640836.154224) vcan0 400#0000000000000000
(1790640836.156175) vcan0 100#0AA1000000000000
(1790640836.156280) vcan0 200#3200000000000000
(1790640836.157593) vcan0 300#011E000000000000
(1790640836.161699) vcan0 100#0A9F000000000000
(1790640836.161741) vcan0 200#3200000000000000
(1790640836.161752) vcan0 300#011F000000000000
(1790640836.162963) vcan0 100#0A9F000000000000
(1790640836.163039) vcan0 300#011F000000000000
(1790640836.164494) vcan0 100#0A9F000000000000
(1790640836.164537) vcan0 300#011F000000000000
(1790640836.166474) vcan0 100#0A9E000000000000
(1790640836.166572) vcan0 300#011F000000000000
(1790640836.167731) vcan0 100#0A9E000000000000
(1790640836.167793) vcan0 300#0120000000000000
(1790640836.169479) vcan0 100#0A9D000000000000
(1790640836.169531) vcan0 300#0120000000000000
(1790640836.170965) vcan0 300#0120000000000000
(1790640836.174210) vcan0 300#0121000000000000
(1790640836.175964) vcan0 300#0121000000000000
(1790640836.177227) vcan0 300#0121000000000000
(1790640836.180295) vcan0 300#0122000000000000
(1790640836.182311) vcan0 100#0A9A000000000000
(1790640836.182389) vcan0 300#0122000000000000
(1790640836.183737) vcan0 300#0122000000000000
(1790640836.187844) vcan0 300#0123000000000000
(1790640836.192790) vcan0 200#3200000000000000
(1790640836.192868) vcan0 300#0123000000000000
(1790640836.196331) vcan0 300#0124000000000000
(1790640836.202476) vcan0 100#0A95000000000000
(1790640836.202538) vcan0 300#0125000000000000
(1790640836.212134) vcan0 300#0126000000000000
(1790640836.222381) vcan0 100#0A8F000000000000
(1790640836.222457) vcan0 300#0127000000000000
(1790640836.232195) vcan0 300#0128000000000000
(1790640836.248476) vcan0 100#0A89000000000000
(1790640836.248632) vcan0 200#3200000000000000
(1790640836.248657) vcan0 300#0129000000000000
(1790640836.252278) vcan0 300#012A000000000000
(1790640836.266188) vcan0 100#0A84000000000000
(1790640836.266415) vcan0 300#012A000000000000
(1790640836.272029) vcan0 300#012B000000000000
(1790640836.281149) vcan0 100#0A80000000000000
(1790640836.281319) vcan0 300#012B000000000000
(1790640836.291887) vcan0 200#3200000000000000
(1790640836.292111) vcan0 300#012B000000000000
(1790640836.302778) vcan0 100#0A7A000000000000
(1790640836.302906) vcan0 300#012B000000000000
(1790640836.319804) vcan0 300#012B000000000000
(1790640836.324810) vcan0 100#0A74000000000000
(1790640836.324875) vcan0 300#012B000000000000
(1790640836.328267) vcan0 400#0000000000000000
(1790640836.331131) vcan0 300#012B000000000000
(1790640836.343537) vcan0 100#0A6F000000000000
(1790640836.343721) vcan0 200#3200000000000000
(1790640836.343750) vcan0 300#012B000000000000
(1790640836.353687) vcan0 300#012A000000000000
(1790640836.369888) vcan0 100#0A68000000000000
(1790640836.370125) vcan0 300#0129000000000000
(1790640836.377338) vcan0 300#0129000000000000
(1790640836.383747) vcan0 100#0A64000000000000
(1790640836.383938) vcan0 300#0128000000000000
(1790640836.391936) vcan0 200#3200000000000000
(1790640836.392152) vcan0 300#0127000000000000
(1790640836.406805) vcan0 100#0A5E000000000000
(1790640836.406975) vcan0 300#0126000000000000
(1790640836.412421) vcan0 300#0125000000000000
(1790640836.421222) vcan0 100#0A5A000000000000
(1790640836.421396) vcan0 300#0124000000000000
(1790640836.432449) vcan0 300#0122000000000000
(1790640836.442331) vcan0 100#0A55000000000000
(1790640836.442587) vcan0 200#3200000000000000
(1790640836.442711) vcan0 300#0121000000000000
(1790640836.459391) vcan0 300#011E000000000000
(1790640836.461420) vcan0 100#0A4F000000000000
(1790640836.461582) vcan0 300#011E000000000000
(1790640836.473909) vcan0 300#011B000000000000
(1790640836.485690) vcan0 100#0A49000000000000
(1790640836.485933) vcan0 300#0119000000000000
(1790640836.493593) vcan0 200#3200000000000000
(1790640836.493829) vcan0 300#0117000000000000
(1790640836.503642) vcan0 100#0A44000000000000
(1790640836.504803) vcan0 300#0115000000000000
(1790640836.522199) vcan0 100#0A3F000000000000
(1790640836.522261) vcan0 300#0111000000000000
(1790640836.524167) vcan0 300#0110000000000000
(1790640836.531567) vcan0 300#010E000000000000
(1790640836.543284) vcan0 100#0A39000000000000
(1790640836.543342) vcan0 200#3200000000000000
(1790640836.543373) vcan0 300#010B000000000000
(1790640836.543410) vcan0 400#0000000000000000
(1790640836.543435) vcan0 500#2E00000000000000
(1790640836.553856) vcan0 300#0108000000000000
(1790640836.562331) vcan0 100#0A34000000000000
(1790640836.562531) vcan0 300#0106000000000000
(1790640836.571222) vcan0 300#0103000000000000
(1790640836.583444) vcan0 100#0A2E000000000000
(1790640836.583592) vcan0 300#00FF000000000000
(1790640836.591205) vcan0 200#3200000000000000
(1790640836.591351) vcan0 300#00FD000000000000
(1790640836.606666) vcan0 100#0A28000000000000
(1790640836.606907) vcan0 300#00F8000000000000
(1790640836.612986) vcan0 300#00F6000000000000
(1790640836.622013) vcan0 100#0A23000000000000
(1790640836.622205) vcan0 300#00F3000000000000
(1790640836.632682) vcan0 400#0400000000000000
(1790640836.633316) vcan0 300#00EE000000000000
(1790640836.645005) vcan0 100#0A1D000000000000
(1790640836.645169) vcan0 200#3200000000000000
(1790640836.645194) vcan0 300#00EA000000000000
(1790640836.652655) vcan0 300#00E7000000000000
(1790640836.661048) vcan0 100#0A19000000000000
(1790640836.661084) vcan0 300#00E4000000000000
(1790640836.671545) vcan0 300#00E0000000000000
(1790640836.683825) vcan0 100#0A12000000000000
(1790640836.683974) vcan0 300#00DB000000000000
(1790640836.692737) vcan0 200#3200000000000000
(1790640836.692779) vcan0 300#00D7000000000000
(1790640836.701655) vcan0 100#0A0D000000000000
(1790640836.701716) vcan0 300#00D4000000000000
(1790640836.726642) vcan0 100#0A07000000000000
(1790640836.726876) vcan0 300#00C9000000000000
(1790640836.729168) vcan0 300#00C8000000000000
(1790640836.732908) vcan0 300#00C6000000000000
(1790640836.749013) vcan0 100#0A00000000000000
(1790640836.749076) vcan0 200#3200000000000000
(1790640836.749221) vcan0 300#00BF000000000000
(1790640836.752812) vcan0 300#00BD000000000000
(1790640836.778815) vcan0 100#09F8000000000000
(1790640836.779009) vcan0 300#00B0000000000000
(1790640836.780953) vcan0 300#00B0000000000000
(1790640836.782340) vcan0 100#09F7000000000000
(1790640836.782499) vcan0 300#00AF000000000000
(1790640836.805163) vcan0 100#09F1000000000000
(1790640836.805220) vcan0 200#3200000000000000
(1790640836.805250) vcan0 300#00A3000000000000
(1790640836.807112) vcan0 300#00A2000000000000
(1790640836.818614) vcan0 300#009D000000000000
(1790640836.822370) vcan0 100#09EC000000000000
(1790640836.822531) vcan0 300#009B000000000000
(1790640836.832899) vcan0 300#0095000000000000
(1790640836.846644) vcan0 100#09E5000000000000
(1790640836.846700) vcan0 200#3200000000000000
(1790640836.846731) vcan0 300#008E000000000000
(1790640836.853142) vcan0 300#008B000000000000
(1790640836.861202) vcan0 100#09E1000000000000
(1790640836.861345) vcan0 300#0086000000000000
(1790640836.875099) vcan0 300#007F000000000000
(1790640836.882003) vcan0 100#09DB000000000000
(1790640836.882221) vcan0 300#007B000000000000
(1790640836.903273) vcan0 100#09D5000000000000
(1790640836.903501) vcan0 200#3200000000000000
(1790640836.903536) vcan0 300#006F000000000000
(1790640836.905257) vcan0 300#006E000000000000
(1790640836.927330) vcan0 100#09CE000000000000
(1790640836.927383) vcan0 300#0062000000000000
(1790640836.929963) vcan0 300#0060000000000000
(1790640836.931520) vcan0 300#005F000000000000
(1790640836.933573) vcan0 400#0000000000000000
(1790640836.943896) vcan0 100#09CA000000000000
(1790640836.944138) vcan0 200#3200000000000000
(1790640836.944171) vcan0 300#0058000000000000
(1790640836.951391) vcan0 300#0054000000000000
(1790640836.961572) vcan0 100#09C5000000000000
(1790640836.961705) vcan0 300#004E000000000000
(1790640836.973583) vcan0 300#0047000000000000
(1790640836.981573) vcan0 100#09BF000000000000
(1790640836.981748) vcan0 300#0042000000000000
(1790640836.994203) vcan0 200#3200000000000000
(1790640836.994244) vcan0 300#003B000000000000
(1790640837.004954) vcan0 100#09B8000000000000
(1790640837.005012) vcan0 300#0035000000000000
(1790640837.013252) vcan0 300#0030000000000000
(1790640837.021149) vcan0 100#09B4000000000000
(1790640837.021183) vcan0 300#002B000000000000
(1790640837.034522) vcan0 300#0023000000000000
(1790640837.057076) vcan0 100#09AA000000000000
(1790640837.057133) vcan0 200#3200000000000000
(1790640837.057165) vcan0 300#0016000000000000
(1790640837.057201) vcan0 400#0100000000000000
(1790640837.058829) vcan0 300#0015000000000000
(1790640837.064715) vcan0 100#09A7000000000000
(1790640837.064878) vcan0 300#0011000000000000
(1790640837.081277) vcan0 100#09A3000000000000
(1790640837.081339) vcan0 300#0007000000000000
(1790640837.083078) vcan0 300#0006000000000000
(1790640837.106246) vcan0 100#099C000000000000
(1790640837.106303) vcan0 200#3200000000000000
(1790640837.106333) vcan0 300#FFF9000000000000
(1790640837.108653) vcan0 300#FFF8000000000000
(1790640837.112407) vcan0 300#FFF6000000000000
(1790640837.133814) vcan0 100#0994000000000000
(1790640837.134056) vcan0 300#FFE9000000000000
(1790640837.135620) vcan0 300#FFE8000000000000
(1790640837.141124) vcan0 100#0992000000000000
(1790640837.141260) vcan0 200#3200000000000000
(1790640837.141279) vcan0 300#FFE4000000000000
(1790640837.162513) vcan0 100#098B000000000000
(1790640837.162573) vcan0 300#FFD8000000000000
(1790640837.164364) vcan0 300#FFD7000000000000
(1790640837.173658) vcan0 300#FFD1000000000000
(1790640837.183015) vcan0 100#0986000000000000
(1790640837.183157) vcan0 300#FFCB000000000000
(1790640837.192429) vcan0 200#3200000000000000
(1790640837.192940) vcan0 300#FFC6000000000000
(1790640837.202120) vcan0 100#0980000000000000
(1790640837.202149) vcan0 300#FFC0000000000000
(1790640837.213675) vcan0 300#FFB9000000000000
(1790640837.221607) vcan0 100#097B000000000000
(1790640837.221715) vcan0 300#FFB5000000000000
(1790640837.231576) vcan0 300#FFAF000000000000
(1790640837.235349) vcan0 400#0000000000000000
(1790640837.241302) vcan0 100#0975000000000000
(1790640837.241435) vcan0 200#3200000000000000
(1790640837.241455) vcan0 300#FFA9000000000000
(1790640837.252939) vcan0 300#FFA3000000000000
(1790640837.261178) vcan0 100#096F000000000000
(1790640837.261259) vcan0 300#FF9E000000000000
(1790640837.274625) vcan0 300#FF97000000000000
(1790640837.281589) vcan0 100#0969000000000000
(1790640837.281783) vcan0 300#FF93000000000000
(1790640837.298722) vcan0 200#3200000000000000
(1790640837.298772) vcan0 300#FF89000000000000
(1790640837.301858) vcan0 100#0963000000000000
(1790640837.301896) vcan0 300#FF87000000000000
(1790640837.312951) vcan0 300#FF81000000000000
(1790640837.335978) vcan0 100#095A000000000000
(1790640837.336039) vcan0 300#FF75000000000000
(1790640837.337995) vcan0 300#FF74000000000000
(1790640837.358186) vcan0 100#0953000000000000
(1790640837.358263) vcan0 200#3200000000000000
(1790640837.358293) vcan0 300#FF69000000000000
(1790640837.359769) vcan0 300#FF69000000000000
(1790640837.373200) vcan0 100#094F000000000000
(1790640837.373353) vcan0 300#FF62000000000000
(1790640837.375100) vcan0 300#FF61000000000000
(1790640837.382515) vcan0 100#094C000000000000
(1790640837.382703) vcan0 300#FF5D000000000000
(1790640837.393007) vcan0 200#3200000000000000
(1790640837.393119) vcan0 300#FF58000000000000
(1790640837.403763) vcan0 100#0946000000000000
(1790640837.403876) vcan0 300#FF52000000000000
(1790640837.414059) vcan0 300#FF4D000000000000
(1790640837.421812) vcan0 100#0941000000000000
(1790640837.421872) vcan0 300#FF4A000000000000
(1790640837.432722) vcan0 300#FF45000000000000
(1790640837.441343) vcan0 100#093B000000000000
(1790640837.441494) vcan0 200#3200000000000000
(1790640837.441539) vcan0 300#FF41000000000000
(1790640837.456681) vcan0 300#FF3A000000000000
(1790640837.471772) vcan0 100#0932000000000000
(1790640837.471860) vcan0 300#FF33000000000000
(1790640837.483063) vcan0 100#092F000000000000
(1790640837.483159) vcan0 300#FF2E000000000000
(1790640837.484870) vcan0 300#FF2D000000000000
(1790640837.492625) vcan0 200#3200000000000000
(1790640837.492794) vcan0 300#FF2A000000000000
(1790640837.503600) vcan0 100#0929000000000000
(1790640837.503748) vcan0 300#FF25000000000000
(1790640837.512699) vcan0 300#FF22000000000000
(1790640837.523431) vcan0 100#0923000000000000
(1790640837.523492) vcan0 300#FF1D000000000000
(1790640837.534117) vcan0 300#FF19000000000000
(1790640837.536374) vcan0 400#0000000000000000
(1790640837.541279) vcan0 100#091E000000000000
(1790640837.541339) vcan0 200#3200000000000000
(1790640837.541362) vcan0 300#FF17000000000000
(1790640837.541386) vcan0 400#0200000000000000
(1790640837.541403) vcan0 500#2F00000000000000
(1790640837.541421) vcan0 7DF#0201050000000000
(1790640837.553112) vcan0 300#FF12000000000000
(1790640837.562084) vcan0 100#0918000000000000
(1790640837.562169) vcan0 300#FF0F000000000000
(1790640837.571521) vcan0 300#FF0C000000000000
(1790640837.589493) vcan0 100#0910000000000000
(1790640837.589627) vcan0 300#FF06000000000000
(1790640837.595905) vcan0 200#3200000000000000
(1790640837.596042) vcan0 300#FF04000000000000
(1790640837.602103) vcan0 100#090C000000000000
(1790640837.602226) vcan0 300#FF02000000000000
(1790640837.623547) vcan0 100#0906000000000000
(1790640837.623782) vcan0 300#FEFB000000000000
(1790640837.639058) vcan0 300#FEF7000000000000
(1790640837.640900) vcan0 300#FEF6000000000000
(1790640837.642856) vcan0 100#0900000000000000
(1790640837.642870) vcan0 200#3200000000000000
(1790640837.642878) vcan0 300#FEF5000000000000
(1790640837.651684) vcan0 300#FEF3000000000000
(1790640837.664308) vcan0 100#08FA000000000000
(1790640837.664445) vcan0 300#FEF0000000000000
(1790640837.671620) vcan0 300#FEEE000000000000
(1790640837.686836) vcan0 100#08F3000000000000
(1790640837.686902) vcan0 300#FEEB000000000000
(1790640837.691119) vcan0 200#3200000000000000
(1790640837.691546) vcan0 300#FEEA000000000000
(1790640837.702610) vcan0 100#08EE000000000000
(1790640837.702746) vcan0 300#FEE7000000000000
(1790640837.719689) vcan0 300#FEE4000000000000
(1790640837.736194) vcan0 100#08E5000000000000
(1790640837.736334) vcan0 300#FEE1000000000000
(1790640837.751307) vcan0 100#08E0000000000000
(1790640837.751442) vcan0 200#3200000000000000
(1790640837.751497) vcan0 300#FEDE000000000000
(1790640837.763958) vcan0 100#08DC000000000000
(1790640837.764083) vcan0 300#FEDC000000000000
(1790640837.775125) vcan0 300#FEDB000000000000
(1790640837.784629) vcan0 100#08D6000000000000
(1790640837.784696) vcan0 300#FEDA000000000000
(1790640837.786521) vcan0 300#FEDA000000000000
(1790640837.790452) vcan0 300#FED9000000000000
(1790640837.793134) vcan0 200#3200000000000000
(1790640837.793277) vcan0 300#FED9000000000000
(1790640837.802209) vcan0 100#08D1000000000000
(1790640837.802346) vcan0 300#FED8000000000000
(1790640837.812307) vcan0 300#FED7000000000000
(1790640837.822517) vcan0 100#08CB000000000000
(1790640837.822560) vcan0 300#FED6000000000000
(1790640837.831523) vcan0 300#FED6000000000000
(1790640837.842453) vcan0 100#08C5000000000000
(1790640837.842591) vcan0 200#3200000000000000
(1790640837.842645) vcan0 300#FED5000000000000
(1790640837.843596) vcan0 400#0200000000000000
(1790640837.851636) vcan0 300#FED5000000000000
(1790640837.861414) vcan0 100#08C0000000000000
(1790640837.861445) vcan0 300#FED5000000000000
(1790640837.873370) vcan0 300#FED5000000000000
(1790640837.887851) vcan0 100#08B8000000000000
(1790640837.887913) vcan0 300#FED5000000000000
(1790640837.895515) vcan0 200#3200000000000000
(1790640837.895573) vcan0 300#FED5000000000000
(1790640837.902276) vcan0 100#08B3000000000000
(1790640837.902341) vcan0 300#FED5000000000000
(1790640837.911379) vcan0 300#FED5000000000000
(1790640837.925768) vcan0 100#08AC000000000000
(1790640837.925914) vcan0 300#FED6000000000000
(1790640837.933265) vcan0 300#FED6000000000000
(1790640837.942568) vcan0 100#08A7000000000000
(1790640837.942661) vcan0 200#3200000000000000
(1790640837.942696) vcan0 300#FED7000000000000
(1790640838.038434) vcan0 100#088B000000000000
(1790640838.038532) vcan0 200#3200000000000000
(1790640838.038573) vcan0 300#FEE3000000000000
(1790640838.041057) vcan0 100#088A000000000000
(1790640838.041168) vcan0 300#FEE4000000000000
(1790640838.044188) vcan0 100#0889000000000000
(1790640838.044279) vcan0 200#3200000000000000
(1790640838.044315) vcan0 300#FEE5000000000000
(1790640838.044353) vcan0 400#0000000000000000
(1790640838.059672) vcan0 100#0885000000000000
(1790640838.059832) vcan0 300#FEE8000000000000
(1790640838.071388) vcan0 100#0881000000000000
(1790640838.071500) vcan0 300#FEEA000000000000
(1790640838.082678) vcan0 100#087E000000000000
(1790640838.082815) vcan0 300#FEED000000000000
(1790640838.084642) vcan0 100#087D000000000000
(1790640838.084780) vcan0 300#FEED000000000000
(1790640838.086559) vcan0 300#FEEE000000000000
(1790640838.088132) vcan0 300#FEEE000000000000
(1790640838.089672) vcan0 300#FEEF000000000000
(1790640838.091945) vcan0 200#3200000000000000
(1790640838.092032) vcan0 300#FEEF000000000000
(1790640838.094036) vcan0 300#FEF0000000000000
(1790640838.095724) vcan0 300#FEF0000000000000
(1790640838.144815) vcan0 100#086B000000000000
(1790640838.145090) vcan0 200#3200000000000000
(1790640838.145139) vcan0 300#FEFE000000000000
(1790640838.191037) vcan0 100#085E000000000000
(1790640838.191605) vcan0 400#0200000000000000
(1790640838.191729) vcan0 300#FF0D000000000000
(1790640838.193363) vcan0 100#085D000000000000
(1790640838.193614) vcan0 200#3200000000000000
(1790640838.193648) vcan0 300#FF0E000000000000
(1790640838.195132) vcan0 100#085C000000000000
(1790640838.195204) vcan0 300#FF0E000000000000
(1790640838.198337) vcan0 100#085B000000000000
(1790640838.198436) vcan0 300#FF0F000000000000
(1790640838.201633) vcan0 100#085A000000000000
(1790640838.201744) vcan0 300#FF11000000000000
(1790640838.203204) vcan0 300#FF11000000000000
(1790640838.204859) vcan0 300#FF12000000000000
(1790640838.207404) vcan0 300#FF13000000000000
(1790640838.208642) vcan0 300#FF13000000000000
(1790640838.210433) vcan0 300#FF14000000000000
(1790640838.212259) vcan0 300#FF15000000000000
(1790640838.213893) vcan0 300#FF15000000000000
(1790640838.215725) vcan0 300#FF16000000000000
(1790640838.222143) vcan0 100#0854000000000000
(1790640838.222197) vcan0 300#FF18000000000000
(1790640838.233257) vcan0 300#FF1D000000000000
(1790640838.241052) vcan0 100#084F000000000000
(1790640838.241103) vcan0 200#3200000000000000
(1790640838.241118) vcan0 300#FF20000000000000
(1790640838.252661) vcan0 300#FF24000000000000
(1790640838.261269) vcan0 100#0848000000000000
(1790640838.261350) vcan0 300#FF28000000000000
(1790640838.274182) vcan0 300#FF2D000000000000
(1790640838.281254) vcan0 100#0843000000000000
(1790640838.281386) vcan0 300#FF30000000000000
(1790640838.291895) vcan0 200#3200000000000000
(1790640838.292021) vcan0 300#FF35000000000000
(1790640838.302130) vcan0 100#083C000000000000
(1790640838.302238) vcan0 300#FF39000000000000
(1790640838.322411) vcan0 100#0836000000000000
(1790640838.322558) vcan0 300#FF43000000000000
(1790640838.324477) vcan0 300#FF44000000000000
(1790640838.332791) vcan0 300#FF48000000000000
(1790640838.343297) vcan0 100#0830000000000000
(1790640838.343435) vcan0 200#3200000000000000
(1790640838.343490) vcan0 300#FF4D000000000000
(1790640838.351968) vcan0 300#FF51000000000000
(1790640838.361375) vcan0 100#082B000000000000
(1790640838.361419) vcan0 300#FF55000000000000
(1790640838.372242) vcan0 300#FF5B000000000000
(1790640838.383117) vcan0 100#0824000000000000
(1790640838.383200) vcan0 300#FF60000000000000
(1790640838.397574) vcan0 200#3200000000000000
(1790640838.397664) vcan0 300#FF68000000000000
(1790640838.401287) vcan0 100#081F000000000000
(1790640838.401389) vcan0 300#FF6A000000000000
(1790640838.412196) vcan0 300#FF6F000000000000
(1790640838.425670) vcan0 100#0817000000000000
(1790640838.425754) vcan0 300#FF76000000000000
(1790640838.431180) vcan0 300#FF79000000000000
(1790640838.446309) vcan0 100#0811000000000000
(1790640838.446442) vcan0 200#3200000000000000
(1790640838.446495) vcan0 300#FF81000000000000
(1790640838.458833) vcan0 300#FF88000000000000
(1790640838.461150) vcan0 100#080D000000000000
(1790640838.461303) vcan0 300#FF8A000000000000
(1790640838.477837) vcan0 300#FF93000000000000
(1790640838.492837) vcan0 400#0000000000000000
(1790640838.494346) vcan0 100#0803000000000000
(1790640838.494455) vcan0 200#3200000000000000
(1790640838.494487) vcan0 300#FF9B000000000000
(1790640838.496536) vcan0 300#FF9D000000000000
(1790640838.501968) vcan0 100#0800000000000000
(1790640838.502083) vcan0 300#FFA0000000000000
(1790640838.512222) vcan0 300#FFA6000000000000
(1790640838.603493) vcan0 100#07E2000000000000
(1790640838.603676) vcan0 200#3200000000000000
(1790640838.603725) vcan0 300#FFDC000000000000
(1790640838.603777) vcan0 400#0200000000000000
(1790640838.603816) vcan0 500#3000000000000000
(1790640838.605254) vcan0 100#07E1000000000000
(1790640838.605374) vcan0 200#3200000000000000
(1790640838.605413) vcan0 300#FFDD000000000000
(1790640838.608354) vcan0 100#07E0000000000000
(1790640838.608451) vcan0 300#FFDF000000000000
(1790640838.610193) vcan0 100#07E0000000000000
(1790640838.610283) vcan0 300#FFE0000000000000
(1790640838.612230) vcan0 100#07DF000000000000
(1790640838.612299) vcan0 300#FFE1000000000000
(1790640838.613852) vcan0 300#FFE2000000000000
(1790640838.616115) vcan0 300#FFE3000000000000
(1790640838.617490) vcan0 300#FFE4000000000000
(1790640838.619462) vcan0 300#FFE5000000000000
(1790640838.626892) vcan0 100#07DB000000000000
(1790640838.627017) vcan0 300#FFEA000000000000
(1790640838.628641) vcan0 300#FFEB000000000000
(1790640838.635110) vcan0 300#FFEF000000000000
(1790640838.645261) vcan0 100#07D5000000000000
(1790640838.645359) vcan0 200#3200000000000000
(1790640838.645392) vcan0 300#FFF5000000000000
(1790640838.656092) vcan0 300#FFFB000000000000
(1790640838.662427) vcan0 100#07D0000000000000
(1790640838.662566) vcan0 300#FFFF000000000000
(1790640838.673056) vcan0 300#0004000000000000
(1790640838.683461) vcan0 100#07CA000000000000
(1790640838.683557) vcan0 300#000B000000000000
(1790640838.692885) vcan0 200#3200000000000000
(1790640838.692976) vcan0 300#0010000000000000
(1790640838.701169) vcan0 100#07C5000000000000
(1790640838.701258) vcan0 300#0015000000000000
(1790640838.713114) vcan0 300#001C000000000000
(1790640838.724671) vcan0 100#07BE000000000000
(1790640838.724810) vcan0 300#0023000000000000
(1790640838.733741) vcan0 300#0029000000000000
(1790640838.751337) vcan0 100#07B6000000000000
(1790640838.751473) vcan0 200#3200000000000000
(1790640838.751528) vcan0 300#0033000000000000
(1790640838.766424) vcan0 100#07B1000000000000
(1790640838.766566) vcan0 300#003C000000000000
(1790640838.768256) vcan0 300#003D000000000000
(1790640838.777308) vcan0 300#0042000000000000
(1790640838.784608) vcan0 100#07AC000000000000
(1790640838.784781) vcan0 300#0047000000000000
(1790640838.805755) vcan0 400#0100000000000000
(1790640838.806518) vcan0 100#07A5000000000000
(1790640838.806582) vcan0 200#3200000000000000
(1790640838.806690) vcan0 300#0053000000000000
(1790640838.808386) vcan0 300#0054000000000000
(1790640838.811692) vcan0 300#0056000000000000
(1790640838.821817) vcan0 100#07A0000000000000
(1790640838.821895) vcan0 300#005C000000000000
(1790640838.832665) vcan0 300#0062000000000000
(1790640838.842668) vcan0 100#079A000000000000
(1790640838.842775) vcan0 200#3200000000000000
(1790640838.842805) vcan0 300#0068000000000000
(1790640838.851245) vcan0 300#006D000000000000
(1790640838.864542) vcan0 100#0794000000000000
(1790640838.864689) vcan0 300#0074000000000000
(1790640838.872302) vcan0 300#0078000000000000
(1790640838.885085) vcan0 100#078D000000000000
(1790640838.885157) vcan0 300#007F000000000000
(1790640838.891991) vcan0 200#3200000000000000
(1790640838.892124) vcan0 300#0083000000000000
(1790640838.901375) vcan0 100#0789000000000000
(1790640838.901492) vcan0 300#0088000000000000
(1790640838.914418) vcan0 300#008F000000000000
(1790640838.923415) vcan0 100#0782000000000000
(1790640838.923464) vcan0 300#0094000000000000
(1790640838.933252) vcan0 300#0099000000000000
(1790640838.941258) vcan0 100#077D000000000000
(1790640838.941377) vcan0 200#3200000000000000
(1790640838.941422) vcan0 300#009D000000000000
(1790640838.951541) vcan0 300#00A2000000000000
(1790640838.975334) vcan0 100#0772000000000000
(1790640838.975400) vcan0 300#00AE000000000000
(1790640838.977410) vcan0 300#00AF000000000000
(1790640839.073891) vcan0 100#0755000000000000
(1790640839.073968) vcan0 200#3200000000000000
(1790640839.074000) vcan0 300#00DA000000000000
(1790640839.074039) vcan0 400#0200000000000000
(1790640839.076532) vcan0 100#0754000000000000
(1790640839.076884) vcan0 200#3200000000000000
(1790640839.076929) vcan0 300#00DB000000000000
(1790640839.087237) vcan0 100#0751000000000000
(1790640839.087374) vcan0 300#00E0000000000000
(1790640839.096588) vcan0 100#074E000000000000
(1790640839.096721) vcan0 200#3200000000000000
(1790640839.096772) vcan0 300#00E3000000000000
(1790640839.098591) vcan0 100#074E000000000000
(1790640839.098698) vcan0 300#00E4000000000000
(1790640839.100594) vcan0 100#074D000000000000
(1790640839.100694) vcan0 300#00E5000000000000
(1790640839.103425) vcan0 100#074C000000000000
(1790640839.103502) vcan0 300#00E6000000000000
(1790640839.105462) vcan0 300#00E7000000000000
(1790640839.107689) vcan0 400#0400000000000000
(1790640839.108982) vcan0 300#00E8000000000000
(1790640839.111936) vcan0 300#00E9000000000000
(1790640839.113965) vcan0 300#00EA000000000000
(1790640839.115859) vcan0 300#00EB000000000000
(1790640839.117384) vcan0 300#00EB000000000000
(1790640839.118941) vcan0 300#00EC000000000000
(1790640839.122318) vcan0 100#0746000000000000
(1790640839.122407) vcan0 300#00ED000000000000
(1790640839.133020) vcan0 300#00F1000000000000
(1790640839.141454) vcan0 100#0741000000000000
(1790640839.141549) vcan0 200#3200000000000000
(1790640839.141578) vcan0 300#00F4000000000000
(1790640839.156427) vcan0 300#00F9000000000000
(1790640839.163894) vcan0 100#073A000000000000
(1790640839.164033) vcan0 300#00FC000000000000
(1790640839.172472) vcan0 300#00FE000000000000
(1790640839.184883) vcan0 100#0734000000000000
(1790640839.185071) vcan0 300#0102000000000000
(1790640839.191228) vcan0 200#3200000000000000
(1790640839.191319) vcan0 300#0104000000000000
(1790640839.203754) vcan0 100#072E000000000000
(1790640839.203865) vcan0 300#0108000000000000
(1790640839.212687) vcan0 300#010A000000000000
(1790640839.221572) vcan0 100#0729000000000000
(1790640839.221633) vcan0 300#010D000000000000
(1790640839.231534) vcan0 300#010F000000000000
(1790640839.241264) vcan0 100#0723000000000000
(1790640839.241326) vcan0 200#3200000000000000
(1790640839.241338) vcan0 300#0112000000000000
(1790640839.251974) vcan0 300#0114000000000000
(1790640839.261414) vcan0 100#071D000000000000
(1790640839.261477) vcan0 300#0116000000000000
(1790640839.271088) vcan0 300#0118000000000000
(1790640839.282446) vcan0 100#0717000000000000
(1790640839.282530) vcan0 300#011B000000000000
(1790640839.291180) vcan0 200#3200000000000000
(1790640839.291250) vcan0 300#011C000000000000
(1790640839.301728) vcan0 100#0711000000000000
(1790640839.301800) vcan0 300#011E000000000000
(1790640839.312158) vcan0 300#0120000000000000
(1790640839.321135) vcan0 100#070B000000000000
(1790640839.321203) vcan0 300#0122000000000000
(1790640839.331323) vcan0 300#0123000000000000
(1790640839.342506) vcan0 100#0705000000000000
(1790640839.342536) vcan0 200#3200000000000000
(1790640839.342546) vcan0 300#0125000000000000
(1790640839.351540) vcan0 300#0126000000000000
(1790640839.362730) vcan0 100#06FF000000000000
(1790640839.362766) vcan0 300#0127000000000000
(1790640839.371356) vcan0 300#0128000000000000
(1790640839.382699) vcan0 100#06F9000000000000
(1790640839.382727) vcan0 300#0129000000000000
(1790640839.391109) vcan0 200#3200000000000000
(1790640839.391163) vcan0 300#0129000000000000
(1790640839.401716) vcan0 100#06F3000000000000
(1790640839.401793) vcan0 300#012A000000000000
(1790640839.409624) vcan0 400#0000000000000000
(1790640839.412131) vcan0 300#012B000000000000
(1790640839.422453) vcan0 100#06ED000000000000
(1790640839.422474) vcan0 300#012B000000000000
(1790640839.431659) vcan0 300#012B000000000000
(1790640839.441402) vcan0 100#06E7000000000000
(1790640839.441462) vcan0 200#3200000000000000
(1790640839.441471) vcan0 300#012B000000000000
(1790640839.451797) vcan0 300#012B000000000000
(1790640839.461984) vcan0 100#06E1000000000000
(1790640839.462043) vcan0 300#012B000000000000
(1790640839.471967) vcan0 300#012B000000000000
(1790640839.481599) vcan0 100#06DC000000000000
(1790640839.481631) vcan0 300#012B000000000000
(1790640839.491071) vcan0 200#3200000000000000
(1790640839.491139) vcan0 300#012B000000000000
(1790640839.502707) vcan0 100#06D5000000000000
(1790640839.502790) vcan0 300#012A000000000000
(1790640839.512445) vcan0 300#0129000000000000
(1790640839.521570) vcan0 100#06D0000000000000
(1790640839.521594) vcan0 300#0128000000000000
(1790640839.531391) vcan0 300#0128000000000000
(1790640839.542775) vcan0 100#06C9000000000000
(1790640839.542800) vcan0 200#3200000000000000
(1790640839.542813) vcan0 300#0126000000000000
(1790640839.542824) vcan0 400#0000000000000000
(1790640839.542832) vcan0 500#3100000000000000
(1790640839.542839) vcan0 7DF#02010C0000000000
(1790640839.552389) vcan0 300#0125000000000000
(1790640839.562040) vcan0 100#06C4000000000000
(1790640839.562108) vcan0 300#0124000000000000
(1790640839.572710) vcan0 300#0123000000000000
(1790640839.581215) vcan0 100#06BE000000000000
(1790640839.581247) vcan0 300#0121000000000000
(1790640839.591775) vcan0 200#3200000000000000
(1790640839.591850) vcan0 300#0120000000000000
(1790640839.602574) vcan0 100#06B8000000000000
(1790640839.602602) vcan0 300#011E000000000000
(1790640839.611740) vcan0 300#011C000000000000
(1790640839.621990) vcan0 100#06B2000000000000
(1790640839.622019) vcan0 300#011A000000000000
(1790640839.631537) vcan0 300#0118000000000000
(1790640839.642425) vcan0 100#06AC000000000000
(1790640839.642455) vcan0 200#3200000000000000
(1790640839.642466) vcan0 300#0116000000000000
(1790640839.652015) vcan0 300#0113000000000000
(1790640839.662565) vcan0 100#06A6000000000000
(1790640839.662602) vcan0 300#0111000000000000
(1790640839.672047) vcan0 300#010E000000000000
(1790640839.681606) vcan0 100#06A1000000000000
(1790640839.681638) vcan0 300#010C000000000000
(1790640839.691308) vcan0 200#3200000000000000
(1790640839.691385) vcan0 300#0109000000000000
(1790640839.702835) vcan0 100#069A000000000000
(1790640839.702913) vcan0 300#0106000000000000
(1790640839.712471) vcan0 300#0103000000000000
(1790640839.712732) vcan0 400#0400000000000000
(1790640839.721142) vcan0 100#0695000000000000
(1790640839.721168) vcan0 300#0101000000000000
(1790640839.731873) vcan0 300#00FD000000000000
(1790640839.742029) vcan0 100#068F000000000000
(1790640839.742056) vcan0 200#3200000000000000
(1790640839.742065) vcan0 300#00FA000000000000
(1790640839.751179) vcan0 300#00F7000000000000
(1790640839.762958) vcan0 100#0689000000000000
(1790640839.762986) vcan0 300#00F3000000000000
(1790640839.772430) vcan0 300#00EF000000000000
(1790640839.782909) vcan0 100#0683000000000000
(1790640839.782937) vcan0 300#00EC000000000000
(1790640839.792061) vcan0 200#3200000000000000
(1790640839.792124) vcan0 300#00E8000000000000
(1790640839.802406) vcan0 100#067D000000000000
(1790640839.802434) vcan0 300#00E4000000000000
(1790640839.811998) vcan0 300#00E0000000000000
(1790640839.821617) vcan0 100#0678000000000000
(1790640839.821642) vcan0 300#00DD000000000000
(1790640839.831144) vcan0 300#00D9000000000000
(1790640839.841908) vcan0 100#0672000000000000
(1790640839.841937) vcan0 200#3200000000000000
(1790640839.841946) vcan0 300#00D4000000000000
(1790640839.852431) vcan0 300#00D0000000000000
(1790640839.863043) vcan0 100#066B000000000000
(1790640839.863075) vcan0 300#00CB000000000000
(1790640839.871966) vcan0 300#00C7000000000000
(1790640839.882061) vcan0 100#0666000000000000
(1790640839.882083) vcan0 300#00C2000000000000
(1790640839.892340) vcan0 200#3200000000000000
(1790640839.892390) vcan0 300#00BE000000000000
(1790640839.902724) vcan0 100#0660000000000000
(1790640839.902783) vcan0 300#00B9000000000000
(1790640839.912613) vcan0 300#00B4000000000000
(1790640839.922006) vcan0 100#065A000000000000
(1790640839.922030) vcan0 300#00B0000000000000
(1790640839.932624) vcan0 300#00AA000000000000
(1790640839.942909) vcan0 100#0654000000000000
(1790640839.942937) vcan0 200#3200000000000000
(1790640839.942948) vcan0 300#00A5000000000000
(1790640839.951599) vcan0 300#00A1000000000000
(1790640839.962047) vcan0 100#064F000000000000
(1790640839.962080) vcan0 300#009C000000000000
(1790640839.972536) vcan0 300#0096000000000000
(1790640839.981765) vcan0 100#0649000000000000
(1790640839.981839) vcan0 300#0091000000000000
(1790640839.991901) vcan0 200#3200000000000000
(1790640839.991978) vcan0 300#008C000000000000
(1790640840.002476) vcan0 100#0643000000000000
(1790640840.002547) vcan0 300#0086000000000000
(1790640840.012610) vcan0 300#0081000000000000
(1790640840.015357) vcan0 400#0000000000000000
(1790640840.022274) vcan0 100#063D000000000000
(1790640840.022308) vcan0 300#007C000000000000
(1790640840.031746) vcan0 300#0077000000000000
(1790640840.042294) vcan0 100#0637000000000000
(1790640840.042349) vcan0 200#3200000000000000
(1790640840.042368) vcan0 300#0071000000000000
(1790640840.042388) vcan0 400#0000000000000000
(1790640840.051818) vcan0 300#006B000000000000
(1790640840.062521) vcan0 100#0632000000000000
(1790640840.062558) vcan0 300#0065000000000000
(1790640840.072109) vcan0 300#0060000000000000
(1790640840.082632) vcan0 100#062C000000000000
(1790640840.082662) vcan0 300#005A000000000000
(1790640840.092469) vcan0 200#3200000000000000
(1790640840.092545) vcan0 300#0054000000000000
(1790640840.102899) vcan0 100#0626000000000000
(1790640840.102977) vcan0 300#004E000000000000
(1790640840.112547) vcan0 300#0049000000000000
(1790640840.122686) vcan0 100#0620000000000000
(1790640840.122725) vcan0 300#0043000000000000
(1790640840.131544) vcan0 300#003E000000000000
(1790640840.142924) vcan0 100#061B000000000000
(1790640840.142966) vcan0 200#3200000000000000
(1790640840.142982) vcan0 300#0037000000000000
(1790640840.151459) vcan0 300#0032000000000000
(1790640840.162005) vcan0 100#0615000000000000
(1790640840.162034) vcan0 300#002C000000000000
(1790640840.172717) vcan0 300#0025000000000000
(1790640840.183379) vcan0 100#060F000000000000
(1790640840.183410) vcan0 300#001F000000000000
(1790640840.192394) vcan0 200#3200000000000000
(1790640840.192422) vcan0 300#0019000000000000
(1790640840.201955) vcan0 100#060A000000000000
(1790640840.202025) vcan0 300#0014000000000000
(1790640840.211470) vcan0 300#000E000000000000
(1790640840.221964) vcan0 100#0604000000000000
(1790640840.222038) vcan0 300#0008000000000000
(1790640840.232914) vcan0 300#0001000000000000
(1790640840.241463) vcan0 100#05FE000000000000
(1790640840.241523) vcan0 200#3200000000000000
(1790640840.241537) vcan0 300#FFFD000000000000
(1790640840.252064) vcan0 300#FFF7000000000000
(1790640840.262384) vcan0 100#05F8000000000000
(1790640840.262408) vcan0 300#FFF1000000000000
(1790640840.272702) vcan0 300#FFEA000000000000
(1790640840.281496) vcan0 100#05F3000000000000
(1790640840.281570) vcan0 300#FFE5000000000000
(1790640840.292492) vcan0 200#3200000000000000
(1790640840.292522) vcan0 300#FFDF000000000000
(1790640840.302170) vcan0 100#05ED000000000000
(1790640840.302283) vcan0 300#FFD9000000000000
(1790640840.311860) vcan0 300#FFD3000000000000
(1790640840.316014) vcan0 400#0000000000000000
(1790640840.322392) vcan0 100#05E7000000000000
(1790640840.322441) vcan0 300#FFCD000000000000
(1790640840.331308) vcan0 300#FFC8000000000000
(1790640840.407747) vcan0 100#05CF000000000000
(1790640840.408052) vcan0 200#3200000000000000
(1790640840.408088) vcan0 300#FF9B000000000000
(1790640840.409553) vcan0 100#05CF000000000000
(1790640840.409746) vcan0 200#3200000000000000
(1790640840.409787) vcan0 300#FF9A000000000000
(1790640840.411281) vcan0 100#05CE000000000000
(1790640840.411327) vcan0 300#FF99000000000000
(1790640840.412585) vcan0 100#05CE000000000000
(1790640840.413194) vcan0 300#FF99000000000000
(1790640840.415109) vcan0 300#FF97000000000000
(1790640840.416844) vcan0 300#FF96000000000000
(1790640840.419680) vcan0 300#FF95000000000000
(1790640840.421858) vcan0 100#05CB000000000000
(1790640840.421904) vcan0 300#FF93000000000000
(1790640840.423443) vcan0 300#FF93000000000000
(1790640840.433003) vcan0 300#FF8D000000000000
(1790640840.442160) vcan0 100#05C5000000000000
(1790640840.442222) vcan0 200#3200000000000000
(1790640840.442253) vcan0 300#FF88000000000000
(1790640840.451998) vcan0 300#FF83000000000000
(1790640840.461541) vcan0 100#05C0000000000000
(1790640840.461584) vcan0 300#FF7E000000000000
(1790640840.476431) vcan0 300#FF76000000000000
(1790640840.481917) vcan0 100#05BA000000000000
(1790640840.481962) vcan0 300#FF73000000000000
(1790640840.493467) vcan0 200#3200000000000000
(1790640840.493521) vcan0 300#FF6D000000000000
(1790640840.597907) vcan0 100#059A000000000000
(1790640840.597989) vcan0 200#3200000000000000
(1790640840.598024) vcan0 300#FF3A000000000000
(1790640840.598068) vcan0 400#0000000000000000
(1790640840.598095) vcan0 500#3200000000000000
(1790640840.600256) vcan0 100#0599000000000000
(1790640840.600375) vcan0 200#3200000000000000
(1790640840.600426) vcan0 300#FF39000000000000
(1790640840.668385) vcan0 100#0586000000000000
(1790640840.668446) vcan0 200#3200000000000000
(1790640840.668474) vcan0 300#FF1C000000000000
(1790640840.668583) vcan0 400#0000000000000000
(1790640840.734387) vcan0 100#0574000000000000
(1790640840.734439) vcan0 200#3200000000000000
(1790640840.734462) vcan0 300#FF05000000000000
(1790640840.736101) vcan0 100#0574000000000000
(1790640840.736830) vcan0 300#FF04000000000000
(1790640840.790877) vcan0 100#0565000000000000
(1790640840.791033) vcan0 200#3200000000000000
(1790640840.791086) vcan0 300#FEF4000000000000
(1790640840.792643) vcan0 100#0564000000000000
(1790640840.792752) vcan0 200#3200000000000000
(1790640840.792795) vcan0 300#FEF3000000000000
(1790640840.842875) vcan0 100#0557000000000000
(1790640840.843009) vcan0 200#3200000000000000
(1790640840.843062) vcan0 300#FEE7000000000000
(1790640840.844681) vcan0 100#0556000000000000
(1790640840.844791) vcan0 300#FEE7000000000000
(1790640840.846897) vcan0 100#0555000000000000
(1790640840.846986) vcan0 300#FEE7000000000000
(1790640840.848878) vcan0 100#0555000000000000
(1790640840.848968) vcan0 300#FEE6000000000000
(1790640840.850796) vcan0 100#0554000000000000
(1790640840.850868) vcan0 300#FEE6000000000000
(1790640840.852820) vcan0 100#0554000000000000
(1790640840.852910) vcan0 300#FEE5000000000000
(1790640840.854828) vcan0 100#0553000000000000
(1790640840.854925) vcan0 300#FEE5000000000000
(1790640840.857642) vcan0 100#0553000000000000
(1790640840.857779) vcan0 300#FEE4000000000000
(1790640840.859553) vcan0 100#0552000000000000
(1790640840.859663) vcan0 300#FEE4000000000000
(1790640840.878704) vcan0 100#054D000000000000
(1790640840.878830) vcan0 300#FEE1000000000000
(1790640840.880559) vcan0 100#054C000000000000
(1790640840.880665) vcan0 300#FEE0000000000000
(1790640840.882460) vcan0 100#054C000000000000
(1790640840.882549) vcan0 300#FEE0000000000000
(1790640840.884367) vcan0 100#054B000000000000
(1790640840.884451) vcan0 300#FEE0000000000000
(1790640840.896341) vcan0 200#3200000000000000
(1790640840.896474) vcan0 300#FEDE000000000000
(1790640840.907072) vcan0 100#0545000000000000
(1790640840.907205) vcan0 300#FEDC000000000000
(1790640840.917515) vcan0 300#FEDB000000000000
(1790640840.928053) vcan0 100#0540000000000000
(1790640840.928193) vcan0 300#FEDA000000000000
(1790640840.943154) vcan0 100#053B000000000000
(1790640840.943224) vcan0 200#3200000000000000
(1790640840.943255) vcan0 300#FED8000000000000
(1790640840.944857) vcan0 300#FED8000000000000
(1790640840.946772) vcan0 300#FED8000000000000
(1790640840.949167) vcan0 300#FED8000000000000
(1790640840.951434) vcan0 300#FED7000000000000
(1790640840.952849) vcan0 300#FED7000000000000
(1790640840.954419) vcan0 300#FED7000000000000
(1790640840.959614) vcan0 300#FED7000000000000
(1790640840.963254) vcan0 100#0536000000000000
(1790640840.963397) vcan0 300#FED7000000000000
(1790640840.965242) vcan0 300#FED6000000000000
(1790640840.967148) vcan0 300#FED6000000000000
(1790640840.971186) vcan0 400#0200000000000000
(1790640840.971697) vcan0 300#FED6000000000000
(1790640840.973625) vcan0 300#FED6000000000000
(1790640840.974951) vcan0 300#FED6000000000000
(1790640840.976525) vcan0 300#FED6000000000000
(1790640840.978378) vcan0 300#FED6000000000000
(1790640840.980425) vcan0 300#FED5000000000000
(1790640840.983048) vcan0 100#0531000000000000
(1790640840.983172) vcan0 300#FED5000000000000
(1790640840.984852) vcan0 300#FED5000000000000
(1790640841.038936) vcan0 100#0522000000000000
(1790640841.039100) vcan0 200#3200000000000000
(1790640841.039153) vcan0 300#FED5000000000000
(1790640841.041034) vcan0 100#0521000000000000
(1790640841.041143) vcan0 300#FED5000000000000
(1790640841.042453) vcan0 100#0521000000000000
(1790640841.042555) vcan0 200#3200000000000000
(1790640841.042593) vcan0 300#FED5000000000000
(1790640841.042632) vcan0 400#0200000000000000
(1790640841.044284) vcan0 300#FED5000000000000
(1790640841.045632) vcan0 300#FED5000000000000
(1790640841.051072) vcan0 300#FED5000000000000
(1790640841.052934) vcan0 300#FED5000000000000
(1790640841.054266) vcan0 300#FED5000000000000
(1790640841.055840) vcan0 300#FED5000000000000
(1790640841.057514) vcan0 300#FED5000000000000
(1790640841.060359) vcan0 300#FED5000000000000
(1790640841.062962) vcan0 100#051B000000000000
(1790640841.063055) vcan0 300#FED6000000000000
(1790640841.064795) vcan0 300#FED6000000000000
(1790640841.066645) vcan0 300#FED6000000000000
(1790640841.072130) vcan0 300#FED6000000000000
(1790640841.084800) vcan0 100#0516000000000000
(1790640841.084917) vcan0 300#FED7000000000000
(1790640841.091331) vcan0 200#3200000000000000
(1790640841.091434) vcan0 300#FED7000000000000
(1790640841.167561) vcan0 100#0500000000000000
(1790640841.167643) vcan0 200#3200000000000000
(1790640841.167678) vcan0 300#FEE1000000000000
(1790640841.223754) vcan0 100#04F1000000000000
(1790640841.223820) vcan0 200#3200000000000000
(1790640841.223847) vcan0 300#FEED000000000000
(1790640841.226056) vcan0 100#04F0000000000000
(1790640841.226173) vcan0 300#FEED000000000000
(1790640841.228544) vcan0 100#04F0000000000000
(1790640841.228566) vcan0 300#FEEE000000000000
(1790640841.229783) vcan0 100#04EF000000000000
(1790640841.229866) vcan0 300#FEEE000000000000
(1790640841.231284) vcan0 100#04EF000000000000
(1790640841.231354) vcan0 300#FEEF000000000000
(1790640841.233165) vcan0 100#04EF000000000000
(1790640841.233309) vcan0 300#FEEF000000000000
(1790640841.234589) vcan0 300#FEEF000000000000
(1790640841.236815) vcan0 300#FEF0000000000000
(1790640841.238294) vcan0 300#FEF0000000000000
(1790640841.240211) vcan0 300#FEF1000000000000
(1790640841.242240) vcan0 100#04EC000000000000
(1790640841.242301) vcan0 200#3200000000000000
(1790640841.242323) vcan0 300#FEF1000000000000
(1790640841.244052) vcan0 300#FEF2000000000000
(1790640841.246719) vcan0 300#FEF3000000000000
(1790640841.248753) vcan0 300#FEF3000000000000
(1790640841.251595) vcan0 300#FEF4000000000000
(1790640841.262490) vcan0 100#04E7000000000000
(1790640841.262559) vcan0 300#FEF7000000000000
(1790640841.271695) vcan0 400#0200000000000000
(1790640841.271755) vcan0 300#FEF9000000000000
(1790640841.283682) vcan0 100#04E1000000000000
(1790640841.284397) vcan0 300#FEFD000000000000
(1790640841.292081) vcan0 200#3200000000000000
(1790640841.292164) vcan0 300#FEFF000000000000
(1790640841.303619) vcan0 100#04DC000000000000
(1790640841.303692) vcan0 300#FF03000000000000
(1790640841.312157) vcan0 300#FF06000000000000
(1790640841.322892) vcan0 100#04D7000000000000
(1790640841.322988) vcan0 300#FF09000000000000
(1790640841.331242) vcan0 300#FF0C000000000000
(1790640841.341927) vcan0 100#04D2000000000000
(1790640841.342053) vcan0 200#3200000000000000
(1790640841.342100) vcan0 300#FF10000000000000
(1790640841.419733) vcan0 100#04BE000000000000
(1790640841.420850) vcan0 200#3200000000000000
(1790640841.420894) vcan0 300#FF2F000000000000
(1790640841.422284) vcan0 100#04BE000000000000
(1790640841.422340) vcan0 300#FF30000000000000
(1790640841.423935) vcan0 100#04BD000000000000
(1790640841.424024) vcan0 300#FF31000000000000
(1790640841.427929) vcan0 100#04BC000000000000
(1790640841.428043) vcan0 300#FF32000000000000
(1790640841.431011) vcan0 300#FF34000000000000
(1790640841.433043) vcan0 300#FF35000000000000
(1790640841.435581) vcan0 300#FF36000000000000
(1790640841.437555) vcan0 300#FF37000000000000
(1790640841.438830) vcan0 300#FF37000000000000
(1790640841.447410) vcan0 100#04B7000000000000
(1790640841.447475) vcan0 200#3200000000000000
(1790640841.447505) vcan0 300#FF3B000000000000
(1790640841.453290) vcan0 300#FF3E000000000000
(1790640841.461227) vcan0 100#04B4000000000000
(1790640841.461586) vcan0 300#FF41000000000000
(1790640841.479126) vcan0 300#FF4A000000000000
(1790640841.482137) vcan0 100#04AE000000000000
(1790640841.482242) vcan0 300#FF4B000000000000
(1790640841.550889) vcan0 100#049D000000000000
(1790640841.551052) vcan0 200#3200000000000000
(1790640841.551104) vcan0 300#FF6E000000000000
(1790640841.551157) vcan0 400#0200000000000000
(1790640841.551197) vcan0 500#3300000000000000
(1790640841.551239) vcan0 7DF#02010C0000000000
(1790640841.553004) vcan0 100#049C000000000000
(1790640841.553129) vcan0 200#3200000000000000
(1790640841.553173) vcan0 300#FF6F000000000000
(1790640841.554976) vcan0 100#049C000000000000
(1790640841.554995) vcan0 300#FF70000000000000
(1790640841.557317) vcan0 300#FF71000000000000
(1790640841.559315) vcan0 300#FF72000000000000
(1790640841.560715) vcan0 300#FF73000000000000
(1790640841.562070) vcan0 100#049A000000000000
(1790640841.562138) vcan0 300#FF74000000000000
(1790640841.563529) vcan0 300#FF74000000000000
(1790640841.573269) vcan0 300#FF7A000000000000
(1790640841.573576) vcan0 400#0000000000000000
(1790640841.583270) vcan0 100#0495000000000000
(1790640841.583407) vcan0 300#FF7F000000000000
(1790640841.676355) vcan0 100#047E000000000000
(1790640841.677769) vcan0 200#3200000000000000
(1790640841.677812) vcan0 300#FFB3000000000000
(1790640841.680559) vcan0 100#047D000000000000
(1790640841.681596) vcan0 200#3200000000000000
(1790640841.681630) vcan0 300#FFB6000000000000
(1790640841.683409) vcan0 100#047C000000000000
(1790640841.683540) vcan0 300#FFB7000000000000
(1790640841.685212) vcan0 100#047C000000000000
(1790640841.685527) vcan0 300#FFB8000000000000
(1790640841.687681) vcan0 100#047B000000000000
(1790640841.687735) vcan0 300#FFBA000000000000
(1790640841.688909) vcan0 300#FFBB000000000000
(1790640841.700046) vcan0 200#3200000000000000
(1790640841.700260) vcan0 300#FFC1000000000000
(1790640841.702727) vcan0 100#0477000000000000
(1790640841.702912) vcan0 300#FFC3000000000000
(1790640841.706520) vcan0 300#FFC5000000000000
(1790640841.709224) vcan0 300#FFC6000000000000
(1790640841.712155) vcan0 300#FFC8000000000000
(1790640841.714134) vcan0 300#FFC9000000000000
(1790640841.715900) vcan0 300#FFCA000000000000
(1790640841.721500) vcan0 100#0473000000000000
(1790640841.721636) vcan0 300#FFCE000000000000
(1790640841.853880) vcan0 100#0452000000000000
(1790640841.854729) vcan0 200#3200000000000000
(1790640841.855060) vcan0 300#001C000000000000
(1790640841.858430) vcan0 100#0451000000000000
(1790640841.858575) vcan0 200#3200000000000000
(1790640841.858599) vcan0 300#001E000000000000
(1790640841.860529) vcan0 100#0451000000000000
(1790640841.861030) vcan0 200#3200000000000000
(1790640841.861054) vcan0 300#0020000000000000
(1790640841.862326) vcan0 100#0450000000000000
(1790640841.862440) vcan0 300#0021000000000000
(1790640841.863841) vcan0 100#0450000000000000
(1790640841.863977) vcan0 300#0022000000000000
(1790640841.865701) vcan0 100#0450000000000000
(1790640841.865823) vcan0 300#0023000000000000
(1790640841.868003) vcan0 100#044F000000000000
(1790640841.868416) vcan0 300#0024000000000000
(1790640841.869798) vcan0 300#0025000000000000
(1790640841.871189) vcan0 300#0026000000000000
(1790640841.872512) vcan0 300#0027000000000000
(1790640841.877518) vcan0 300#002A000000000000
(1790640841.888041) vcan0 100#044A000000000000
(1790640841.888092) vcan0 300#0030000000000000
(1790640841.893875) vcan0 200#3200000000000000
(1790640841.893893) vcan0 300#0034000000000000
(1790640841.895272) vcan0 300#0035000000000000
(1790640841.896476) vcan0 300#0035000000000000
(1790640841.898029) vcan0 300#0036000000000000
(1790640841.899157) vcan0 300#0037000000000000
(1790640841.902112) vcan0 100#0447000000000000
(1790640841.902160) vcan0 300#0039000000000000
(1790640841.911533) vcan0 300#003E000000000000
(1790640841.923841) vcan0 100#0442000000000000
(1790640841.923944) vcan0 300#0045000000000000
(1790640841.932097) vcan0 300#004A000000000000
(1790640841.941369) vcan0 100#043D000000000000
(1790640841.941480) vcan0 200#3200000000000000
(1790640841.941497) vcan0 300#004F000000000000
(1790640841.952307) vcan0 300#0056000000000000
(1790640841.961981) vcan0 100#0439000000000000
(1790640841.962081) vcan0 300#005B000000000000
(1790640841.972343) vcan0 300#0061000000000000
(1790640841.983006) vcan0 100#0434000000000000
(1790640841.983051) vcan0 300#0067000000000000
(1790640841.993581) vcan0 200#3200000000000000
(1790640841.993773) vcan0 300#006D000000000000
(1790640842.134454) vcan0 100#0410000000000000
(1790640842.134666) vcan0 200#3200000000000000
(1790640842.134700) vcan0 300#00B6000000000000
(1790640842.134739) vcan0 400#0000000000000000
(1790640842.135953) vcan0 100#0410000000000000
(1790640842.136130) vcan0 200#3200000000000000
(1790640842.136158) vcan0 300#00B7000000000000
(1790640842.140444) vcan0 100#040F000000000000
(1790640842.140628) vcan0 300#00B9000000000000
(1790640842.142169) vcan0 100#040E000000000000
(1790640842.142289) vcan0 200#3200000000000000
(1790640842.142307) vcan0 300#00BA000000000000
(1790640842.144380) vcan0 100#040E000000000000
(1790640842.144892) vcan0 300#00BB000000000000
(1790640842.146268) vcan0 100#040D000000000000
(1790640842.146398) vcan0 300#00BC000000000000
(1790640842.148778) vcan0 100#040D000000000000
(1790640842.149029) vcan0 300#00BD000000000000
(1790640842.151852) vcan0 100#040C000000000000
(1790640842.152018) vcan0 300#00BF000000000000
(1790640842.165752) vcan0 100#0409000000000000
(1790640842.166021) vcan0 300#00C5000000000000
(1790640842.168071) vcan0 300#00C6000000000000
(1790640842.170438) vcan0 300#00C7000000000000
(1790640842.172939) vcan0 300#00C8000000000000
(1790640842.174832) vcan0 300#00C9000000000000
(1790640842.181280) vcan0 100#0405000000000000
(1790640842.181332) vcan0 300#00CC000000000000
(1790640842.184917) vcan0 300#00CD000000000000
(1790640842.187250) vcan0 300#00CE000000000000
(1790640842.189078) vcan0 300#00CF000000000000
(1790640842.191924) vcan0 200#3200000000000000
(1790640842.192056) vcan0 300#00D1000000000000
(1790640842.195166) vcan0 300#00D2000000000000
(1790640842.197191) vcan0 300#00D3000000000000
(1790640842.204956) vcan0 100#0400000000000000
(1790640842.205014) vcan0 300#00D6000000000000
(1790640842.261445) vcan0 100#03F3000000000000
(1790640842.261639) vcan0 200#3200000000000000
(1790640842.261648) vcan0 300#00EC000000000000
(1790640842.263147) vcan0 100#03F3000000000000
(1790640842.263192) vcan0 300#00ED000000000000
(1790640842.265248) vcan0 100#03F2000000000000
(1790640842.265372) vcan0 300#00EE000000000000
(1790640842.267173) vcan0 300#00EE000000000000
(1790640842.268663) vcan0 300#00EF000000000000
(1790640842.270471) vcan0 300#00F0000000000000
(1790640842.272778) vcan0 300#00F0000000000000
(1790640842.281122) vcan0 100#03EF000000000000
(1790640842.281260) vcan0 300#00F3000000000000
(1790640842.292989) vcan0 200#3200000000000000
(1790640842.293078) vcan0 300#00F7000000000000
(1790640842.302263) vcan0 100#03EA000000000000
(1790640842.302320) vcan0 300#00FB000000000000
(1790640842.311739) vcan0 300#00FE000000000000
(1790640842.322493) vcan0 100#03E6000000000000
(1790640842.322556) vcan0 300#0101000000000000
(1790640842.332025) vcan0 300#0104000000000000
(1790640842.341451) vcan0 100#03E1000000000000
(1790640842.341600) vcan0 200#3200000000000000
(1790640842.341628) vcan0 300#0107000000000000
(1790640842.351960) vcan0 300#010A000000000000
(1790640842.363805) vcan0 100#03DC000000000000
(1790640842.363953) vcan0 300#010D000000000000
(1790640842.414212) vcan0 100#03D1000000000000
(1790640842.414268) vcan0 200#3200000000000000
(1790640842.414295) vcan0 300#0119000000000000
(1790640842.415769) vcan0 100#03D1000000000000
(1790640842.415948) vcan0 300#0119000000000000
(1790640842.417736) vcan0 300#0119000000000000
(1790640842.419530) vcan0 300#011A000000000000
(1790640842.420806) vcan0 300#011A000000000000
(1790640842.424626) vcan0 100#03CF000000000000
(1790640842.424662) vcan0 300#011B000000000000
(1790640842.432592) vcan0 300#011C000000000000
(1790640842.441512) vcan0 100#03CB000000000000
(1790640842.441686) vcan0 200#3200000000000000
(1790640842.441710) vcan0 300#011E000000000000
(1790640842.467530) vcan0 100#03C6000000000000
(1790640842.467592) vcan0 300#0122000000000000
(1790640842.469522) vcan0 300#0123000000000000
(1790640842.471882) vcan0 300#0123000000000000
(1790640842.485424) vcan0 100#03C2000000000000
(1790640842.485597) vcan0 300#0125000000000000
(1790640842.641873) vcan0 100#03A0000000000000
(1790640842.641927) vcan0 200#3200000000000000
(1790640842.641953) vcan0 300#012A000000000000
(1790640842.641985) vcan0 400#0400000000000000
(1790640842.642006) vcan0 500#3400000000000000
(1790640842.643294) vcan0 100#03A0000000000000
(1790640842.643479) vcan0 200#3200000000000000
(1790640842.643505) vcan0 300#012A000000000000
(1790640842.645839) vcan0 100#039F000000000000
(1790640842.646041) vcan0 200#3200000000000000
(1790640842.646377) vcan0 300#012A000000000000
(1790640842.647692) vcan0 100#039F000000000000
(1790640842.647741) vcan0 200#3200000000000000
(1790640842.647748) vcan0 300#012A000000000000
(1790640842.648886) vcan0 100#039F000000000000
(1790640842.648994) vcan0 300#012A000000000000
(1790640842.651298) vcan0 100#039E000000000000
(1790640842.651414) vcan0 300#0129000000000000
(1790640842.653260) vcan0 100#039E000000000000
(1790640842.653363) vcan0 300#0129000000000000
(1790640842.655822) vcan0 100#039D000000000000
(1790640842.655935) vcan0 300#0129000000000000
(1790640842.657857) vcan0 300#0129000000000000
(1790640842.659784) vcan0 300#0129000000000000
(1790640842.668030) vcan0 100#039B000000000000
(1790640842.668219) vcan0 300#0128000000000000
(1790640842.671969) vcan0 300#0128000000000000
(1790640842.673548) vcan0 300#0128000000000000
(1790640842.674994) vcan0 300#0127000000000000
(1790640842.677176) vcan0 300#0127000000000000
(1790640842.680188) vcan0 300#0127000000000000
(1790640842.682170) vcan0 100#0398000000000000
(1790640842.682336) vcan0 300#0127000000000000
(1790640842.683832) vcan0 300#0126000000000000
(1790640842.688740) vcan0 300#0126000000000000
(1790640842.690756) vcan0 300#0126000000000000
(1790640842.692523) vcan0 200#3200000000000000
(1790640842.692557) vcan0 300#0125000000000000
(1790640842.701242) vcan0 100#0394000000000000
(1790640842.701384) vcan0 300#0124000000000000
(1790640842.719806) vcan0 300#0122000000000000
(1790640842.733108) vcan0 100#038D000000000000
(1790640842.733338) vcan0 300#0120000000000000
(1790640842.734945) vcan0 300#011F000000000000
(1790640842.744369) vcan0 100#038B000000000000
(1790640842.744541) vcan0 200#3200000000000000
(1790640842.744567) vcan0 300#011E000000000000
(1790640842.751846) vcan0 300#011C000000000000
(1790640842.762711) vcan0 100#0387000000000000
(1790640842.762764) vcan0 300#011A000000000000
(1790640842.772050) vcan0 300#0118000000000000
(1790640842.787819) vcan0 100#0382000000000000
(1790640842.788048) vcan0 300#0115000000000000
(1790640842.794875) vcan0 200#3200000000000000
(1790640842.795101) vcan0 300#0113000000000000
(1790640842.806326) vcan0 100#037E000000000000
(1790640842.806374) vcan0 300#0110000000000000
(1790640842.811242) vcan0 300#010F000000000000
(1790640842.824445) vcan0 100#037B000000000000
(1790640842.824684) vcan0 300#010C000000000000
(1790640842.832170) vcan0 300#010A000000000000
(1790640842.841148) vcan0 100#0377000000000000
(1790640842.841294) vcan0 200#3200000000000000
(1790640842.841319) vcan0 300#0107000000000000
(1790640842.855703) vcan0 300#0103000000000000
(1790640842.863433) vcan0 100#0373000000000000
(1790640842.863640) vcan0 300#0100000000000000
(1790640842.883684) vcan0 100#036F000000000000
(1790640842.883735) vcan0 300#00FA000000000000
(1790640842.885072) vcan0 300#00F9000000000000
(1790640842.893029) vcan0 200#3200000000000000
(1790640842.893068) vcan0 300#00F7000000000000
(1790640842.904498) vcan0 100#036B000000000000
(1790640842.904661) vcan0 300#00F3000000000000
(1790640842.915255) vcan0 300#00EF000000000000
(1790640842.922653) vcan0 100#0367000000000000
(1790640842.922915) vcan0 300#00EC000000000000
(1790640842.933137) vcan0 300#00E8000000000000
(1790640842.942263) vcan0 100#0363000000000000
(1790640842.942405) vcan0 200#3200000000000000
(1790640842.942426) vcan0 300#00E5000000000000
(1790640842.952528) vcan0 300#00E1000000000000
(1790640842.963964) vcan0 100#035F000000000000
(1790640842.964179) vcan0 300#00DC000000000000
(1790640842.971105) vcan0 300#00D9000000000000
(1790640842.981448) vcan0 100#035C000000000000
(1790640842.981491) vcan0 300#00D5000000000000
(1790640842.994229) vcan0 200#3200000000000000
(1790640842.994284) vcan0 300#00D0000000000000
(1790640843.002454) vcan0 100#0357000000000000
(1790640843.002562) vcan0 300#00CC000000000000
(1790640843.013033) vcan0 300#00C7000000000000
(1790640843.027872) vcan0 100#0353000000000000
(1790640843.028128) vcan0 300#00C1000000000000
(1790640843.032548) vcan0 300#00BE000000000000
(1790640843.041133) vcan0 100#0350000000000000
(1790640843.041358) vcan0 200#3200000000000000
(1790640843.041384) vcan0 300#00BA000000000000
(1790640843.041414) vcan0 400#0100000000000000
(1790640843.055678) vcan0 300#00B3000000000000
(1790640843.062452) vcan0 100#034C000000000000
(1790640843.062614) vcan0 300#00B0000000000000
(1790640843.075560) vcan0 300#00AA000000000000
(1790640843.082804) vcan0 100#0348000000000000
(1790640843.082995) vcan0 300#00A6000000000000
(1790640843.097531) vcan0 200#3200000000000000
(1790640843.097777) vcan0 300#009F000000000000
(1790640843.101666) vcan0 100#0344000000000000
(1790640843.101833) vcan0 300#009D000000000000
(1790640843.112973) vcan0 300#0097000000000000
(1790640843.121340) vcan0 100#0341000000000000
(1790640843.121386) vcan0 300#0092000000000000
(1790640843.133577) vcan0 300#008C000000000000
(1790640843.141243) vcan0 100#033D000000000000
(1790640843.141389) vcan0 200#3200000000000000
(1790640843.141411) vcan0 300#0088000000000000
(1790640843.160738) vcan0 300#007D000000000000
(1790640843.161989) vcan0 100#0339000000000000
(1790640843.162534) vcan0 300#007D000000000000
